Status,Excel Row,Parent Code,Parent Description,Expected RM Code,Excel RM Code Cell,Expected Role,DB Role,Expected Alternate Flag,DB Alternate Flag,Excel Qty Raw,Expected Qty,DB Qty,Excel UOM,DB UOM,Excel RM Description,DB RM Description,DB items.material,DB RM Item Type,DB RM Size,DB Make/Buy,Excel Parent BOM,DB BOM No,DB Cutting Size,DB Link ID,DB Link Count
UOM_MISMATCH,9778,NACLS0000115,Clamping Sleeve of N5015.1 ID 35 x OD 58 x TL 62,NRRBR0000090,NRRBR0000090,NORMAL,NORMAL,0,0,70,70,70,mm,Kg.,Round Bar EN47 70 MM,Round Bar EN47 70 MM,,PART,,I,B0005253,B0005253,,415,1
UOM_MISMATCH,10898,NACLS0000116,Clamping Sleeve of N5015.2 ID 38 x OD 60 X TL 62,NRRBR0000090,NRRBR0000090,NORMAL,NORMAL,0,0,70,70,70,mm,Kg.,Round Bar EN47 70 MM,Round Bar EN47 70 MM,,PART,,I,B0006070,B0006070,,32179,1
UOM_MISMATCH,4310,NACLS0000135,Clamping Sleeve of N5015.2 ID 38 x OD 60,NRRBR0000090,NRRBR0000090,NORMAL,NORMAL,0,0,70,70,70,mm,Kg.,Round Bar EN47 70 MM,Round Bar EN47 70 MM,,PART,,I,B0002675,B0002675,,366,1
NORMAL_ALTERNATE_FLAG_MISMATCH,1974,NAFRN0000026,Front Nut of N7012 - 130 x 180 x 38,NRRBR0000006,NRRBR0000006,NORMAL,ALTERNATE,0,1,55,55,55,mm,mm,Round Bar EN19 110 MM,Round Bar EN19 110 MM,,PART,,I,B0000120,B0000120,53 mm,33021,1
NORMAL_ALTERNATE_FLAG_MISMATCH,1978,NAFRN0000027,Front Nut of N7012 - 140 x 190 x 38,NRRBR0000006,NRRBR0000006,NORMAL,ALTERNATE,0,1,61,61,61,mm,mm,Round Bar EN19 110 MM,Round Bar EN19 110 MM,,PART,,I,,,59 mm,33030,1
NORMAL_ALTERNATE_FLAG_MISMATCH,1989,NAFRN0000028,Front Nut of N7012 - 150 x 200 x 38,NRRBR0000006,NRRBR0000006,NORMAL,ALTERNATE,0,1,62,62,62,mm,mm,Round Bar EN19 110 MM,Round Bar EN19 110 MM,,PART,,I,,,60 mm,33039,1
NORMAL_ALTERNATE_FLAG_MISMATCH,1699,NAFRN0000031,Front Nut of N7012 - 180 x 235 x 44,NRRBR0000236,NRRBR0000236,NORMAL,ALTERNATE,0,1,90,90,90,mm,mm,Round Bar EN19 105 MM,Round Bar EN19 105 MM,,PART,,I,,,88 mm,32764,1
UOM_MISMATCH,19724,NAFRN0000049,Front Nut of N7036 ID 50 x OD 85,NRRBR0000124,NRRBR0000124,NORMAL,NORMAL,0,0,27,27,27,mm,Kg.,Round Bar EN19 85 MM,Round Bar EN19 85 MM,,PART,,I,B0009485,B0009485,,35871,1
NORMAL_ALTERNATE_FLAG_MISMATCH,15089,NAFRN0000069,Front Nut of N7036 - 300 x 385 x 144,NRRBR0000227,NRRBR0000227,NORMAL,ALTERNATE,0,1,115,115,115,mm,mm,Round Bar EN19 210 mm,Round Bar EN19 210 mm,,PART,CUTTING SIZE - 16mm,I,B0007699,,113 mm,25999,1
NORMAL_ALTERNATE_FLAG_MISMATCH,9950,NAFRN0000156,Front Nut of N7515 - 80 x 120 x 60,NRRBR0000188,NRRBR0000188,NORMAL,ALTERNATE,0,1,29,29,29,mm,mm,Round Bar 4140 125 MM,Round Bar 4140 125 MM,,PART,CUTTING SIZE - 56mm,I,B0002153,B0002153,27 mm,24939,1
NORMAL_ALTERNATE_FLAG_MISMATCH,3051,NAFRN0000160,Front Nut of N7515 - 100 x 145 x 70,NRRBR0000004,NRRBR0000004,NORMAL,ALTERNATE,0,1,33,33,33,mm,mm,Round Bar EN19 150 MM,Round Bar EN19 150 MM,,PART,,I,B0001929,B0001929,31 mm,33553,1
NORMAL_ALTERNATE_FLAG_MISMATCH,8746,NAFRN0000161,Front Nut of N7515 - 110 x 155 x 70,NRRBR0000006,NRRBR0000006 / NRRBR0000022,ALTERNATE,NORMAL,1,0,60/33,60,60,mm,mm,Round Bar EN19 110 MM / Round Bar EN19 160 MM,Round Bar EN19 110 MM,,PART,,I,B0000873,,58 mm,24633,1
NORMAL_ALTERNATE_FLAG_MISMATCH,1419,NAFRN0000161,Front Nut of N7515 - 110 x 155 x 70,NRRBR0000022,NRRBR0000022,NORMAL,ALTERNATE,0,1,33,33,33,mm,mm,Round Bar EN19 160 MM,Round Bar EN19 160 MM,,PART,,I,B0000873,B0000873,31 mm,32757,1
NORMAL_ALTERNATE_FLAG_MISMATCH,8751,NAFRN0000162,Front Nut of N7515 - 120 x 165 x 70,NRRBR0000006,NRRBR0000006 / NRRBR0000197,ALTERNATE,NORMAL,1,0,66/65,66,66,mm,mm,Round Bar EN19 110 MM / Round Bar EN19 100 MM,Round Bar EN19 110 MM,,PART,,I,B0002861,,64 mm,24641,1
NORMAL_ALTERNATE_FLAG_MISMATCH,4799,NAFRN0000162,Front Nut of N7515 - 120 x 165 x 70,NRRBR0000197,NRRBR0000197,NORMAL,ALTERNATE,0,1,65,65,65,mm,mm,Round Bar EN19 100 MM,Round Bar EN19 100 MM,,PART,,I,B0002861,B0002861,63 mm,33901,1
NORMAL_ALTERNATE_FLAG_MISMATCH,8989,NAFRN0000164,Front Nut of N7515 - 140 x 190 x 79,NRRBR0000150,NRRBR0000173 / NRRBR0000150,NORMAL,ALTERNATE,0,1,76/73,73,73,mm,mm,Round Bar EN19 120 MM,Round Bar 4140 120 MM,,PART,,I,B0000849,,71 mm,38374,1
NORMAL_ALTERNATE_FLAG_MISMATCH,8989,NAFRN0000164,Front Nut of N7515 - 140 x 190 x 79,NRRBR0000173,NRRBR0000173 / NRRBR0000150,ALTERNATE,NORMAL,1,0,76/73,76,76,mm,mm,Round Bar EN19 120 MM,Round Bar EN19 120 MM,,PART,,I,B0000849,,74 mm,24745,1
NORMAL_ALTERNATE_FLAG_MISMATCH,1404,NAFRN0000165,Front Nut of N7515 - 150 x 200 x 79,NRRBR0000236,NRRBR0000236,NORMAL,ALTERNATE,0,1,102,102,102,mm,mm,Round Bar EN19 105 MM,Round Bar EN19 105 MM,,PART,,I,B0000856,B0000856,100 mm,33324,1
NORMAL_ALTERNATE_FLAG_MISMATCH,7024,NAFRN0000166,Front Nut of N7515 - 160 x 210 x 79,NRRBR0000173,NRRBR0000173,NORMAL,ALTERNATE,0,1,86,86,86,mm,mm,Round Bar EN19 120 MM,Round Bar EN19 120 MM,,PART,,I,B0000860,B0000860,84 mm,24254,1
NORMAL_ALTERNATE_FLAG_MISMATCH,6280,NAFRN0000167,Front Nut of N7515 - 170 x 225 x 92,NRRBR0000002,NRRBR0000002 / NRRBR0000004,ALTERNATE,NORMAL,1,0,82/71,82,82,mm,mm,Round Bar EN19 140 MM / Round Bar EN19 150 MM,Round Bar EN19 140 MM,,PART,CUTTING SIZE - 38mm,I,B0000852,,80 mm,24078,1
NORMAL_ALTERNATE_FLAG_MISMATCH,1400,NAFRN0000167,Front Nut of N7515 - 170 x 225 x 92,NRRBR0000004,NRRBR0000004,NORMAL,ALTERNATE,0,1,71,71,71,mm,mm,Round Bar EN19 150 MM,Round Bar EN19 150 MM,,PART,,I,B0000852,B0000852,69 mm,33760,1
NORMAL_ALTERNATE_FLAG_MISMATCH,1416,NAFRN0000169,Front Nut of N7515 - 190 x 250 x 102,NRRBR0000002,NRRBR0000002,NORMAL,ALTERNATE,0,1,106,106,106,mm,mm,Round Bar EN19 140 MM,Round Bar EN19 140 MM,,PART,CUTTING SIZE - 38mm,I,B0000869,B0000869,104 mm,33876,1
NORMAL_ALTERNATE_FLAG_MISMATCH,1412,NAFRN0000170,Front Nut of N7515 - 200 x 260 x 102,NRRBR0000207,NRRBR0000207,NORMAL,ALTERNATE,0,1,95,95,95,mm,mm,Round Bar 4140 150 mm,Round Bar 4140 150 mm,,PART,,I,B0000864,B0000864,93 mm,38375,1
NORMAL_ALTERNATE_FLAG_MISMATCH,279,NAFRN0000171,Front Nut of N7515 - 220 x 285 x 110,NRRBR0000022,NRRBR0000022 / NRRBR0000140,ALTERNATE,NORMAL,1,0,102/81,102,102,mm,mm,Round Bar EN19 160 MM / Round Bar EN19 180 MM,Round Bar EN19 160 MM,,PART,,I,B0000206,,100 mm,33616,1
NORMAL_ALTERNATE_FLAG_MISMATCH | QUANTITY_MISMATCH,279,NAFRN0000171,Front Nut of N7515 - 220 x 285 x 110,NRRBR0000140,NRRBR0000022 / NRRBR0000140,NORMAL,ALTERNATE,0,1,102/81,81,83,mm,mm,Round Bar EN19 160 MM / Round Bar EN19 180 MM,Round Bar EN19 180 MM,,PART,,I,B0000206,B0000206,81 mm,24451,1
QUANTITY_MISMATCH,292,NAFRN0000172,Front Nut of N7515 - 240 x 305 x 108,NRRBR0000140,NRRBR0000140,NORMAL,NORMAL,0,0,87/86,86,87,mm,mm,Round Bar EN19 180 MM,Round Bar EN19 180 MM,,PART,,I,B0000213,B0000213,85 mm,22153,1
RAW_MATERIAL_ITEM_MISSING,2533,NAFRN0000181,Front Nut of N7016.1 - 24 x 55 x 40,NRRBR0000100,NRRBR0000100,NORMAL,NORMAL,0,0,24,24,24,mm,mm,Round Bar EN9 60 MM,,,,,I,B0001592,B0001592,22 mm,23123,1
UOM_MISMATCH,3951,NAFRN0000185,Front Nut of N7016.1 - 35 x 60 x 54,NRRBR0000102,NRRBR0000102,NORMAL,NORMAL,0,0,24,24,24,mm,Kg.,RoundBar EN9 65 MM,RoundBar EN9 65 MM,RoundBar EN9 65 MM,PART,CUTTING SIZE - 23 MM,I,B0002444,B0002444,,23835,1
UOM_MISMATCH,16480,NAFRN0000186,Front Nut of N7016.1 - 38 x 75 x 54,NRRBR0000124,NRRBR0000124,NORMAL,NORMAL,0,0,27,27,27,mm,Kg.,Round Bar EN19 85 MM,Round Bar EN19 85 MM,,PART,,I,B0008136,B0008136,,26198,1
NORMAL_ALTERNATE_FLAG_MISMATCH,2177,NAFRN0000187,Front Nut of N7016.1 - 40 x 75 x 54,NRRBR0000007,NRRBR0000007,NORMAL,ALTERNATE,0,1,27,27,27,mm,mm,Round Bar EN19 80 MM,Round Bar EN19 80 MM,,PART,,I,B0000319,B0000319,25 mm,33151,1
UOM_MISMATCH,410,NAFRN0000187,Front Nut of N7016.1 - 40 x 75 x 54,NRRBR0000124,NRRBR0000124 / NRRBR0000007,NORMAL,NORMAL,0,0,26/27,26,26,mm,Kg.,Round Bar EN19 85 MM / Round Bar EN19 80 MM,Round Bar EN19 85 MM,,PART,,I,B0000319,,,22312,1
UOM_MISMATCH,11050,NAFRN0000188,Front Nut of N7016.1 - 42 x 75 x 54,NRRBR0000124,NRRBR0000124,NORMAL,NORMAL,0,0,27,27,27,mm,Kg.,Round Bar EN19 85 MM,Round Bar EN19 85 MM,,PART,,I,B0008131,B0008131,,25230,1
NORMAL_ALTERNATE_FLAG_MISMATCH,2697,NAFRN0000189,Front Nut of N7016.1 - 45 x 75 x 54,NRRBR0000007,NRRBR0000007,NORMAL,ALTERNATE,0,1,27,27,27,mm,mm,Round Bar EN19 80 MM,Round Bar EN19 80 MM,,PART,,I,B0001688,,25 mm,23172,1
NORMAL_ALTERNATE_FLAG_MISMATCH | UOM_MISMATCH,2180,NAFRN0000191,Front Nut of N7016.1 - 50 x 80 x 66,NRRBR0000124,NRRBR0000124,NORMAL,ALTERNATE,0,1,32,32,32,mm,Kg.,Round Bar EN19 85 MM,Round Bar EN19 85 MM,,PART,,I,B0000345,B0000345,,10915,1
UOM_MISMATCH,444,NAFRN0000191,Front Nut of N7016.1 - 50 x 80 x 66,NRRBR0000124,NRRBR0000005 / NRRBR0000124,ALTERNATE,ALTERNATE,1,1,31/32,32,32,mm,Kg.,Round Bar EN19 90 MM / Round Bar EN19 85 MM,Round Bar EN19 85 MM,,PART,,I,B0000345,B0000345,,10915,1
NORMAL_ALTERNATE_FLAG_MISMATCH,2741,NAFRN0000192,Front Nut of N7016.1 - 55 x 85 x 66,NRRBR0000114,NRRBR0000114,NORMAL,ALTERNATE,0,1,32,32,32,mm,mm,Round Bar EN9 90 MM,Round Bar EN9 90 MM,,PART,,I,B0001713,B0001713,30 mm,33435,1
NORMAL_ALTERNATE_FLAG_MISMATCH,17692,NAFRN0000193,Front Nut of N7016.1 - 60 x 90 x 66,NRRBR0000103,NRRBR0000103,NORMAL,ALTERNATE,0,1,31,31,31,mm,mm,Round Bar EN9 100 MM,Round Bar EN9 100 MM,,PART,,I,B0000902,B0000902,29 mm,26435,1
NORMAL_ALTERNATE_FLAG_MISMATCH,5857,NAFRN0000194,Front Nut of N7016.1 - 65 x 95 x 66,NRRBR0000197,NRRBR0000197,NORMAL,ALTERNATE,0,1,31,31,31,mm,mm,Round Bar EN19 100 MM,Round Bar EN19 100 MM,,PART,,I,B0003390,B0003390,29 mm,34128,1
NORMAL_ALTERNATE_FLAG_MISMATCH,3086,NAFRN0000195,Front Nut of N7016.1 - 70 x 110 x 80,NRRBR0000118,NRRBR0000118,NORMAL,ALTERNATE,0,1,37,37,37,mm,mm,Round Bar EN9 120 MM,Round Bar EN9 120 MM,,PART,,I,B0001966,B0001966,35 mm,38382,1
NORMAL_ALTERNATE_FLAG_MISMATCH,317,NAFRN0000199,Front Nut of N7016.1 - 90 x 130 x 80,NRRBR0000002,NRRBR0000002,NORMAL,ALTERNATE,0,1,36/38,36,36,mm,mm,Round Bar EN19 140 MM,Round Bar EN19 140 MM,,PART,CUTTING SIZE - 38mm,I,B0000250,B0000250,34 mm,22189,1
NORMAL_ALTERNATE_FLAG_MISMATCH,2852,NAFRN0000201,Front Nut of N7016.1 - 100 x 145 x 102,NRRBR0000022,NRRBR0000022,NORMAL,ALTERNATE,0,1,44,44,44,mm,mm,Round Bar EN19 160 MM,Round Bar EN19 160 MM,,PART,,I,B0001779,B0001779,42 mm,23255,1
NORMAL_ALTERNATE_FLAG_MISMATCH,2934,NAFRN0000202,Front Nut of N7016.1 - 110 x 155 x 102,NRRBR0000197,NRRBR0000197,NORMAL,ALTERNATE,0,1,87,87,87,mm,mm,Round Bar EN19 100 MM,Round Bar EN19 100 MM,,PART,,I,B0001834,B0001834,85 mm,33499,1
QUANTITY_MISMATCH,4114,NAFRN0000205,Front Nut of N7016.1 - 140 x 190 x 116,NRRBR0000002,NRRBR0000002,NORMAL,NORMAL,0,0,75/76,75,76,mm,mm,Round Bar EN19 140 MM,Round Bar EN19 140 MM,,PART,CUTTING SIZE - 38mm,I,B0002615,B0002615,74 mm,23679,1
NORMAL_ALTERNATE_FLAG_MISMATCH | QUANTITY_MISMATCH,3210,NAFRN0000206,Front Nut of N7016.1 - 150 x 200 x 116,NRRBR0000002,NRRBR0000002 / NRRBR0000209,ALTERNATE,NORMAL,1,0,85/73,85,84,mm,mm,Round Bar EN19 140 MM,Round Bar EN19 140 MM,,PART,CUTTING SIZE - 38mm,I,B0002067,,82 mm,23421,1
NORMAL_ALTERNATE_FLAG_MISMATCH,3215,NAFRN0000206,Front Nut of N7016.1 - 150 x 200 x 116,NRRBR0000002,NRRBR0000002 / NRRBR0000209,ALTERNATE,NORMAL,1,0,84/73,84,84,mm,mm,Round Bar EN19 140 MM,Round Bar EN19 140 MM,,PART,CUTTING SIZE - 38mm,I,B0002067,,82 mm,23421,1
NORMAL_ALTERNATE_FLAG_MISMATCH,3210,NAFRN0000206,Front Nut of N7016.1 - 150 x 200 x 116,NRRBR0000209,NRRBR0000002 / NRRBR0000209,NORMAL,ALTERNATE,0,1,85/73,73,73,mm,mm,Round Bar EN19 140 MM,Round Bar 4140 140 MM,,PART,,I,B0002067,,71 mm,38384,1
NORMAL_ALTERNATE_FLAG_MISMATCH,2709,NAFRN0000207,Front Nut of N7016.1 - 160 x 210 x 116,NRRBR0000002,NRRBR0000002 / NRRBR0000207,ALTERNATE,NORMAL,1,0,89/76,89,89,mm,mm,Round Bar EN19 140 MM,Round Bar EN19 140 MM,,PART,CUTTING SIZE - 38mm,I,B0001693,,87 mm,33413,1
NORMAL_ALTERNATE_FLAG_MISMATCH,2709,NAFRN0000207,Front Nut of N7016.1 - 160 x 210 x 116,NRRBR0000207,NRRBR0000002 / NRRBR0000207,NORMAL,ALTERNATE,0,1,89/76,76,76,mm,mm,Round Bar EN19 140 MM,Round Bar 4140 150 mm,,PART,,I,B0001693,B0001693,74 mm,23182,1
QUANTITY_MISMATCH,2926,NAFRN0000208,Front Nut of N7016.1 - 170 x 225 x 149,NRRBR0000022,NRRBR0000022,NORMAL,NORMAL,0,0,89/93,89,93,mm,mm,Round Bar EN19 160 MM,Round Bar EN19 160 MM,,PART,,I,B0001829,B0001829,91 mm,23298,1
NORMAL_ALTERNATE_FLAG_MISMATCH,14746,NAFRN0000219,Front Nut of N7016.1 - 360 x 455 x 203,NRFRG0000190,NRFRG0000190,NORMAL,ALTERNATE,0,1,1,1,1,Nos.,Nos.,Forged ring EN19 454x356x62,Forged ring EN19 454x356x62,,PART,,I,B0007470,B0007470,,35402,1
UOM_MISMATCH,17198,NAFRN0000371,Front Nut of N500 ID 35 x OD 75,NRRBR0000124,NRRBR0000124,NORMAL,NORMAL,0,0,31,31,31,mm,Kg.,Round Bar EN19 85 MM,Round Bar EN19 85 MM,,PART,,I,B0008430,B0008430,,35596,1
UOM_MISMATCH,6095,NAFRN0000372,Front Nut of N500 - 38 x 75 x 75,NRRBR0000124,NRRBR0000124,NORMAL,NORMAL,0,0,31,31,31,mm,Kg.,Round Bar EN19 85 MM,Round Bar EN19 85 MM,,PART,,I,B0008609,B0008609,,26427,1
NORMAL_ALTERNATE_FLAG_MISMATCH,3689,NAFRN0000379,Front Nut of N500 - 60 x 100 x 85,NRRBR0000103,NRRBR0000103,NORMAL,ALTERNATE,0,1,137,137,137,mm,mm,Round Bar EN9 100 MM,Round Bar EN9 100 MM,,PART,,I,B0002370,B0002370,135 mm,23563,1
QUANTITY_MISMATCH,14403,NAFRN0000393,Front Nut of N4091 - 240 x 405 x 144,NRRBR0000141,NRRBR0000141,NORMAL,NORMAL,0,0,209/206,206,209,mm,mm,Round Bar EN19 230 MM,Round Bar EN19 230 MM,,PART,,I,B0007328,B0007328,207 mm,29447,1
EXTRA_DB_RAW_MATERIAL_LINK,,NAFRN0000394,Front Nut of N4091 - 260 x 430 x 160,NRFRG0000029,,,NORMAL,,0,,,1,,Nos.,,Forged ring EN9 433X262X76,,PART,,I,,,,38388,1
NORMAL_ALTERNATE_FLAG_MISMATCH,2687,NAFRN0000409,Front Nut of N4071 - 110 x 185 x 50,NRRBR0000002,NRRBR0000199 / NRRBR0000002,NORMAL,ALTERNATE,0,1,64/54,54,54,mm,mm,Round Bar EN19 130 MM / Round Bar EN19 140 MM,Round Bar EN19 140 MM,,PART,CUTTING SIZE - 38mm,I,B0001678,B0001678,52 mm,30225,1
NORMAL_ALTERNATE_FLAG_MISMATCH,2687,NAFRN0000409,Front Nut of N4071 - 110 x 185 x 50,NRRBR0000199,NRRBR0000199 / NRRBR0000002,ALTERNATE,NORMAL,1,0,64/54,64,64,mm,mm,Round Bar EN19 130 MM / Round Bar EN19 140 MM,Round Bar EN19 130 MM,,PART,,I,B0001678,,62 mm,28979,1
QUANTITY_MISMATCH,2809,NAFRN0000415,Front Nut of N4071 - 155 x 265 x 64.5,NRRBR0000140,NRRBR0000140,NORMAL,NORMAL,0,0,76/74,74,76,mm,mm,Round Bar EN19 180 MM,Round Bar EN19 180 MM,,PART,,I,B0001755,B0001755,74 mm,28987,1
NORMAL_ALTERNATE_FLAG_MISMATCH,24486,NAFRN0000417,Front Nut of N4071 - 165 x 290 x 71,NRRBR0000110,NRRBR0000110,NORMAL,ALTERNATE,0,1,132,132,132,mm,mm,Round Bar EN9 150 MM,Round Bar EN9 150 MM,,PART,,I,B0002241,B0002241,130 mm,639,1
QUANTITY_MISMATCH,2379,NAFRN0000421,Front Nut of N4071 - 185 x 330 x 86,NRRBR0000027,NRRBR0000027,NORMAL,NORMAL,0,0,98/96,96,98,mm,mm,Round Bar EN19 220 MM,Round Bar EN19 220 MM,,PART,,I,B0001479,B0001479,96 mm,28947,1
QUANTITY_MISMATCH,3486,NAFRN0000424,Front Nut of N4071 - 200 x 350 x 86,NRRBR0000027,NRRBR0000027,NORMAL,NORMAL,0,0,109/105,105,109,mm,mm,Round Bar EN19 220 MM,Round Bar EN19 220 MM,,PART,,I,B0002236,B0002236,107 mm,29038,1
EXTRA_DB_RAW_MATERIAL_LINK,,NAFRN0000426,Front Nut of N4071 - 240 x 405 x 109,NRFRG0000179,,,NORMAL,,0,,,1,,Nos.,,Forged ring EN19 409X244X54,,PART,,I,,,,38383,1
EXTRA_DB_RAW_MATERIAL_LINK,,NAFRN0000428,Front Nut of N4071 - 280 x 460 x 134,NRFRG0000168,,,ALTERNATE,,1,,,1,,Nos.,,Forged ring EN19 464X284X65,,PART,,I,,,,36200,1
EXTRA_DB_RAW_MATERIAL_LINK,,NAFRN0000430,Front Nut of N4071 - 320 x 520 x 142,NRFRG0000151,,,ALTERNATE,,1,,,1,,Nos.,,Forged ring EN19 524X324X69,,PART,,I,,,,36226,1
NORMAL_ALTERNATE_FLAG_MISMATCH,16951,NAFRN0000437,Front Nut of N4071 - 420 x 690 x 188,NRFRG0000092,NRFRG0000092,NORMAL,ALTERNATE,0,1,1,1,1,Nos.,Nos.,Forged ring EN19 694x423x90,Forged ring EN19 694x423x90,,PART,,I,B0003033,B0003033,,38389,1
UOM_MISMATCH,414,NAFRN0000470,Front Nut of N500.s - 50 x 80 x 75,NRRBR0000124,NRRBR0000124,NORMAL,NORMAL,0,0,31,31,31,mm,Kg.,Round Bar EN19 85 MM,Round Bar EN19 85 MM,,PART,,I,B0000323,B0000323,,22319,1
NORMAL_ALTERNATE_FLAG_MISMATCH,3082,NAFRN0000478,Front Nut of N7016.1.sp - ID 200 x OD 305,NRRBR0000141,NRRBR0000227 / NRRBR0000141,NORMAL,ALTERNATE,0,1,118/100,100,100,mm,mm,Round Bar EN19 210 mm / Round Bar EN19 230 MM,Round Bar EN19 230 MM,,PART,,I,B0001961,,98 mm,38381,1
NORMAL_ALTERNATE_FLAG_MISMATCH,3082,NAFRN0000478,Front Nut of N7016.1.sp - ID 200 x OD 305,NRRBR0000227,NRRBR0000227 / NRRBR0000141,ALTERNATE,NORMAL,1,0,118/100,118,118,mm,mm,Round Bar EN19 210 mm / Round Bar EN19 230 MM,Round Bar EN19 210 mm,,PART,CUTTING SIZE - 16mm,I,B0001961,,116 mm,33566,1
NORMAL_ALTERNATE_FLAG_MISMATCH,5178,NAFRN0000503,"Front Nut of N7016.1.s - 3.188"" x 4.724"" x 3.071""",NRRBR0000198,NRRBR0000198,NORMAL,ALTERNATE,0,1,38,38,38,mm,mm,Round Bar 4140 130 MM,Round Bar 4140 130 MM,,PART,,I,B0003068,,36 mm,23894,1
NORMAL_ALTERNATE_FLAG_MISMATCH,5180,NAFRN0000504,"Rear Nut of N7016.1.s - 3.188"" x 4.724"" x 3.071""",NRRBR0000198,NRRBR0000198,NORMAL,ALTERNATE,0,1,38,38,38,mm,mm,Round Bar 4140 130 MM,Round Bar 4140 130 MM,,PART,,I,B0003069,,36 mm,23897,1
UOM_MISMATCH,9031,NAFRN0000537,Front Nut of N500-35sp ID 22/30 x OD 75,NRRBR0000124,NRRBR0000124,NORMAL,NORMAL,0,0,31,31,31,mm,Kg.,Round Bar EN19 85 MM,Round Bar EN19 85 MM,,PART,,I,B0004917,B0004917,,34640,1
UOM_MISMATCH,9887,NAFRN0000547,Front Nut of N4071.sp1 - 38 x 72 x 26,NRRBR0000124,NRRBR0000124,NORMAL,NORMAL,0,0,20,20,20,mm,Kg.,Round Bar EN19 85 MM,Round Bar EN19 85 MM,,PART,,I,B0005315,B0005315,,29276,1
QUANTITY_MISMATCH,10209,NAFRN0000549,Front Nut of N7515.sp1 - 125 x 180 x 79,NRRBR0000173,NRRBR0000173,NORMAL,NORMAL,0,0,77/74,74,77,mm,mm,Round Bar EN19 120 MM,Round Bar EN19 120 MM,,PART,,I,B0005489,B0005489,75 mm,25035,1
UOM_MISMATCH,13443,NAFRN0000587,Front Nut of N500 ID (30 - 35 )75x OD 75,NRRBR0000124,NRRBR0000124,NORMAL,NORMAL,0,0,31,31,31,mm,Kg.,Round Bar EN19 85 MM,Round Bar EN19 85 MM,,PART,,I,B0006918,B0006918,,35229,1
UOM_MISMATCH,17063,NAFRN0000616,Nut of N280 - 50 x 73 x 90.5,NRRBR0000124,NRRBR0000124,NORMAL,NORMAL,0,0,39,39,39,mm,Kg.,Round Bar EN19 85 MM,Round Bar EN19 85 MM,,PART,,I,B0008424,B0008424,,26306,1
UOM_MISMATCH,17722,NAFRN0000632,Front Nut of N7116 ID 45 x OD 75,NRRBR0000124,NRRBR0000124,NORMAL,NORMAL,0,0,24,24,24,mm,Kg.,Round Bar EN19 85 MM,Round Bar EN19 85 MM,,PART,,I,B0008637,B0008637,,35675,1
NORMAL_ALTERNATE_FLAG_MISMATCH,18950,NAFRN0000641,Front Nut of N7515.sp1 - 175 x 230 x 92,NRRBR0000009,NRRBR0000009,NORMAL,ALTERNATE,0,1,105,105,105,mm,mm,Round Bar EN19 125 MM,Round Bar EN19 125 MM,,PART,,I,B0009151,B0009151,103 mm,35806,1
NORMAL_ALTERNATE_FLAG_MISMATCH,23707,NAFRN0000689,Front Nut of N4051.sp1 - 232 x 280 x 35,NRRBR0000004,NRRBR0000028 / NRRBR0000004,NORMAL,ALTERNATE,0,1,51/50,50,50,mm,mm,Round Bar EN24 150 MM,Round Bar EN19 150 MM,,PART,,I,B0011200,,48 mm,38422,1
NORMAL_ALTERNATE_FLAG_MISMATCH,23707,NAFRN0000689,Front Nut of N4051.sp1 - 232 x 280 x 35,NRRBR0000028,NRRBR0000028 / NRRBR0000004,ALTERNATE,NORMAL,1,0,51/50,51,51,mm,mm,Round Bar EN24 150 MM,Round Bar EN24 150 MM,,PART,,I,B0011200,,49 mm,29952,1
UOM_MISMATCH,34881,NAFRN0000833,"Front Nut of N7016.1 in - 1.625"" x 2.953"" x 2.126""",NRRBR0000124,NRRBR0000124,NORMAL,NORMAL,0,0,26,26,26,mm,Kg.,Round Bar EN19 85 MM,Round Bar EN19 85 MM,,PART,,I,B0015619,B0015619,,38572,1
QUANTITY_MISMATCH,439,NAINR0000029,Inner Ring of N7012 - 160 x 210 x 38,NRRBR0000103,NRRBR0000103,NORMAL,NORMAL,0,0,84/81,81,84,mm,mm,Round Bar EN9 100 MM,Round Bar EN9 100 MM,,PART,,I,B0000342,B0000342,82 mm,22362,1
NORMAL_ALTERNATE_FLAG_MISMATCH,1937,NAINR0000032,Inner Ring of N7012 - 190 x 250 x 52,NRRBR0000006,NRRBR0000006,NORMAL,ALTERNATE,0,1,104,104,104,mm,mm,Round Bar EN19 110 MM,Round Bar EN19 110 MM,,PART,,I,B0001197,B0001197,102 mm,33000,1
NORMAL_ALTERNATE_FLAG_MISMATCH,1892,NAINR0000035,Inner Ring of N7012 - 240 x 305 x 56,NRRBR0000110,NRRBR0000110,NORMAL,ALTERNATE,0,1,76/91,76,76,mm,mm,Round Bar EN9 150 MM,Round Bar EN9 150 MM,,PART,,I,B0001175,B0001175,74 mm,32955,1
QUANTITY_MISMATCH,1896,NAINR0000035,Inner Ring of N7012 - 240 x 305 x 56,NRRBR0000110,NRRBR0000132 / NRRBR0000110,ALTERNATE,ALTERNATE,1,1,90/91,91,76,mm,mm,Round Bar EN9 150 MM,Round Bar EN9 150 MM,,PART,,I,B0001175,B0001175,74 mm,32955,1
UOM_MISMATCH,486,NAINR0000045,Inner Ring of N7013.0 - 20 x 47 x 31,NRRBR0000116,NRRBR0000116,NORMAL,NORMAL,0,0,38,38,38,mm,Kg.,Round Bar EN9 56 MM,Round Bar EN9 56 MM,,PART,CUTTING SIZE - 55mm,I,,,,22433,1
RAW_MATERIAL_ITEM_MISSING,1997,NAINR0000046,Inner Ring of N7013.0 - 22 x 47 x 31,NRRBR0000100,NRRBR0000100 / NRRBR0000116,NORMAL,NORMAL,0,0,38,,38,mm,mm,Round Bar EN9 60 MM / Round Bar EN9 56 MM,,,,,I,B0001232,,36 mm,33051,1
UOM_MISMATCH,1997,NAINR0000046,Inner Ring of N7013.0 - 22 x 47 x 31,NRRBR0000116,NRRBR0000100 / NRRBR0000116,ALTERNATE,ALTERNATE,1,1,38,,38,mm,Kg.,Round Bar EN9 60 MM / Round Bar EN9 56 MM,Round Bar EN9 56 MM,,PART,CUTTING SIZE - 55mm,I,B0001232,B0001232,,22857,1
NORMAL_ALTERNATE_FLAG_MISMATCH | UOM_MISMATCH,2000,NAINR0000046,Inner Ring of N7013.0 - 22 x 47 x 31,NRRBR0000116,NRRBR0000116,NORMAL,ALTERNATE,0,1,38,38,38,mm,Kg.,Round Bar EN9 56 MM,Round Bar EN9 56 MM,,PART,CUTTING SIZE - 55mm,I,B0001232,B0001232,,22857,1
RAW_MATERIAL_ITEM_MISSING,2004,NAINR0000047,Inner Ring of N7013.0 - 24 x 50 x 31,NRRBR0000100,NRRBR0000100 / NRRBR0000116,NORMAL,NORMAL,0,0,38,,37,mm,mm,Round Bar EN9 60 MM / Round Bar EN9 56 MM,,,,,I,B0001236,,35 mm,22862,1
RAW_MATERIAL_ITEM_MISSING,2006,NAINR0000047,Inner Ring of N7013.0 - 24 x 50 x 31,NRRBR0000100,NRRBR0000100 / NRRBR0000116,NORMAL,NORMAL,0,0,37/38,37,37,mm,mm,Round Bar EN9 60 MM / Round Bar EN9 56 MM,,,,,I,B0001236,,35 mm,22862,1
UOM_MISMATCH,2004,NAINR0000047,Inner Ring of N7013.0 - 24 x 50 x 31,NRRBR0000116,NRRBR0000100 / NRRBR0000116,ALTERNATE,ALTERNATE,1,1,38,,38,mm,Kg.,Round Bar EN9 60 MM / Round Bar EN9 56 MM,Round Bar EN9 56 MM,,PART,CUTTING SIZE - 55mm,I,B0001236,,,39949,1
UOM_MISMATCH,2006,NAINR0000047,Inner Ring of N7013.0 - 24 x 50 x 31,NRRBR0000116,NRRBR0000100 / NRRBR0000116,ALTERNATE,ALTERNATE,1,1,37/38,38,38,mm,Kg.,Round Bar EN9 60 MM / Round Bar EN9 56 MM,Round Bar EN9 56 MM,,PART,CUTTING SIZE - 55mm,I,B0001236,,,39949,1
RAW_MATERIAL_ITEM_MISSING,450,NAINR0000048,Inner Ring of N7013.0 - 25 x 50 x 31,NRRBR0000100,NRRBR0000100,NORMAL,NORMAL,0,0,37,37,37,mm,mm,Round Bar EN9 60 MM,,,,,I,,,35 mm,22378,1
UOM_MISMATCH,360,NAINR0000049,Inner Ring of N7013.0 - 28 x 55 x 31,NRRBR0000102,NRRBR0000102,NORMAL,NORMAL,0,0,37,37,37,mm,Kg.,RoundBar EN9 65 MM,RoundBar EN9 65 MM,RoundBar EN9 65 MM,PART,CUTTING SIZE - 23 MM,I,B0000277,B0000277,,22246,1
RAW_MATERIAL_ITEM_MISSING,369,NAINR0000050,Inner Ring of N7013.0 - 30 x 55 x 31,NRRBR0000100,NRRBR0000100,NORMAL,NORMAL,0,0,38,38,38,mm,mm,Round Bar EN9 60 MM,,,,,I,B0000287,B0000287,36 mm,22256,1
UOM_MISMATCH,2424,NAINR0000051,Inner Ring of N7013.0 - 32 x 60 x 31,NRRBR0000102,NRRBR0000102,NORMAL,NORMAL,0,0,38,38,38,mm,Kg.,RoundBar EN9 65 MM,RoundBar EN9 65 MM,RoundBar EN9 65 MM,PART,CUTTING SIZE - 23 MM,I,B0001519,B0001519,,23055,1
UOM_MISMATCH,200,NAINR0000052,Inner Ring of N7013.0 - 35 x 60 x 31,NRRBR0000102,NRRBR0000102,NORMAL,NORMAL,0,0,38,38,38,mm,Kg.,RoundBar EN9 65 MM,RoundBar EN9 65 MM,RoundBar EN9 65 MM,PART,CUTTING SIZE - 23 MM,I,B0000150,B0000150,,22020,1
NORMAL_ALTERNATE_FLAG_MISMATCH,2157,NAINR0000061,Inner Ring of N7013.0 - 65 x 95 x 38,NRRBR0000103,NRRBR0000103,NORMAL,ALTERNATE,0,1,42,42,42,mm,mm,Round Bar EN9 100 MM,Round Bar EN9 100 MM,,PART,,I,B0001338,B0001338,40 mm,33136,1
NORMAL_ALTERNATE_FLAG_MISMATCH,2719,NAINR0000064,Inner Ring of N7013.0 - 80 x 120 x 50,NRRBR0000109,NRRBR0000109,NORMAL,ALTERNATE,0,1,54,54,54,mm,mm,Round Bar EN9 125 MM,Round Bar EN9 125 MM,,PART,,I,B0001699,B0001699,52 mm,33422,1
NORMAL_ALTERNATE_FLAG_MISMATCH,8051,NAINR0000068,Inner Ring of N7013.0 - 100 x 145 x 58,NRRBR0000004,NRRBR0000004,NORMAL,ALTERNATE,0,1,62,62,62,mm,mm,Round Bar EN19 150 MM,Round Bar EN19 150 MM,,PART,,I,B0004504,B0004504,60 mm,34572,1
NORMAL_ALTERNATE_FLAG_MISMATCH,8054,NAINR0000068,Inner Ring of N7013.0 - 100 x 145 x 58,NRRBR0000118,NRRBR0000118 / NRRBR0000004,ALTERNATE,NORMAL,1,0,87/62,87,87,mm,mm,Round Bar EN9 120 MM,Round Bar EN9 120 MM,,PART,,I,B0004504,,85 mm,24552,1
RAW_MATERIAL_ITEM_MISSING,2013,NAINR0000074,Inner Ring of N7013.1 - 20 x 47 x 31,NRRBR0000100,NRRBR0000100,NORMAL,NORMAL,0,0,38,38,38,mm,mm,Round Bar EN9 60 MM,,,,,I,B0001242,B0001242,36 mm,22866,1
RAW_MATERIAL_ITEM_MISSING,2018,NAINR0000075,Inner Ring of N7013.1 - 22 x 47 x 31,NRRBR0000100,NRRBR0000100,NORMAL,NORMAL,0,0,38,38,38,mm,mm,Round Bar EN9 60 MM,,,,,I,B0001246,B0001246,36 mm,22871,1
UOM_MISMATCH,2026,NAINR0000076,Inner Ring of N7013.1 - 24 x 50 x 31,NRRBR0000102,NRRBR0000102,NORMAL,NORMAL,0,0,38,38,38,mm,Kg.,RoundBar EN9 65 MM,RoundBar EN9 65 MM,RoundBar EN9 65 MM,PART,CUTTING SIZE - 23 MM,I,B0001251,B0001251,,22875,1
UOM_MISMATCH,2031,NAINR0000077,Inner Ring of N7013.1 - 25 x 50 x 31,NRRBR0000102,NRRBR0000102,NORMAL,NORMAL,0,0,38,38,38,mm,Kg.,RoundBar EN9 65 MM,RoundBar EN9 65 MM,RoundBar EN9 65 MM,PART,CUTTING SIZE - 23 MM,I,B0001255,B0001255,,22881,1
NORMAL_ALTERNATE_FLAG_MISMATCH,20789,NAINR0000080,Inner Ring of N7013.1 - 32 x 60 x 31,NRRBR0000117,NRRBR0000117,NORMAL,ALTERNATE,0,1,38,38,38,mm,mm,Round Bar EN9 105 MM,Round Bar EN9 105 MM,,PART,,I,,,36 mm,35965,1
NORMAL_ALTERNATE_FLAG_MISMATCH,2051,NAINR0000082,Inner Ring of N7013.1 - 38 x 65 x 31,NRRBR0000113,NRRBR0000113,NORMAL,ALTERNATE,0,1,38,38,38,mm,mm,Round Bar EN9 80 MM,Round Bar EN9 80 MM,,PART,,I,B0001268,B0001268,36 mm,33087,1
NORMAL_ALTERNATE_FLAG_MISMATCH,2071,NAINR0000084,Inner Ring of N7013.1 - 42 x 75 x 38,NRRBR0000114,NRRBR0000114,NORMAL,ALTERNATE,0,1,42,42,42,mm,mm,Round Bar EN9 90 MM,Round Bar EN9 90 MM,,PART,,I,B0001277,B0001277,40 mm,22915,1
NORMAL_ALTERNATE_FLAG_MISMATCH,2115,NAINR0000089,Inner Ring of N7013.1 - 60 x 90 x 38,NRRBR0000108,NRRBR0000108,NORMAL,ALTERNATE,0,1,42,42,42,mm,mm,Round Bar EN9 110 MM,Round Bar EN9 110 MM,,PART,,I,B0001309,B0001309,40 mm,39950,1
UOM_MISMATCH,2410,NAINR0000114,Inner Ring of N7035 - 25 x 47 x 26,NRRBR0000116,NRRBR0000116,NORMAL,NORMAL,0,0,32,32,32,mm,Kg.,Round Bar EN9 56 MM,Round Bar EN9 56 MM,,PART,CUTTING SIZE - 55mm,I,B0001508,B0001508,,23050,1
UOM_MISMATCH,6182,NAINR0000115,Inner Ring of N7035 - 28 x 50 x 26,NRRBR0000116,NRRBR0000116,NORMAL,NORMAL,0,0,34,34,34,mm,Kg.,Round Bar EN9 56 MM,Round Bar EN9 56 MM,,PART,CUTTING SIZE - 55mm,I,B0004631,B0004631,,24577,1
RAW_MATERIAL_ITEM_MISSING,2259,NAINR0000116,Inner Ring of N7035 - 30 x 55 x 26,NRRBR0000100,NRRBR0000100,NORMAL,NORMAL,0,0,36,36,36,mm,mm,Round Bar EN9 60 MM,,,,,I,B0001416,B0001416,34 mm,23039,1
NORMAL_ALTERNATE_FLAG_MISMATCH | RAW_MATERIAL_ITEM_MISSING,3429,NAINR0000117,Inner Ring of N7035 - 32 x 55 x 26,NRRBR0000100,NRRBR0000100,NORMAL,ALTERNATE,0,1,32,32,32,mm,mm,Round Bar EN9 60 MM,,,,,I,B0000482,B0000482,30 mm,33689,1
RAW_MATERIAL_ITEM_MISSING,603,NAINR0000117,Inner Ring of N7035 - 32 x 55 x 26,NRRBR0000100,NRRBR0000102 / NRRBR0000100,ALTERNATE,ALTERNATE,1,1,31/32,32,32,mm,mm,RoundBar EN9 65 MM / Round Bar EN9 60 MM,,,,,I,B0000482,B0000482,30 mm,33689,1
UOM_MISMATCH,603,NAINR0000117,Inner Ring of N7035 - 32 x 55 x 26,NRRBR0000102,NRRBR0000102 / NRRBR0000100,NORMAL,NORMAL,0,0,31/32,31,31,mm,Kg.,RoundBar EN9 65 MM / Round Bar EN9 60 MM,RoundBar EN9 65 MM,RoundBar EN9 65 MM,PART,CUTTING SIZE - 23 MM,I,B0000482,,,22551,1
UOM_MISMATCH,10741,NAINR0000118,Inner Ring of N7035 - 35 x 60 x 29,NRRBR0000102,NRRBR0000102,NORMAL,NORMAL,0,0,36,36,36,mm,Kg.,RoundBar EN9 65 MM,RoundBar EN9 65 MM,RoundBar EN9 65 MM,PART,CUTTING SIZE - 23 MM,I,B0005765,B0005765,,25156,1
UOM_MISMATCH,3097,NAINR0000125,Inner Ring of N7030 - 20 x 47 x 41,NRRBR0000116,NRRBR0000116,NORMAL,NORMAL,0,0,46,46,46,mm,Kg.,Round Bar EN9 56 MM,Round Bar EN9 56 MM,,PART,CUTTING SIZE - 55mm,I,B0001342,B0001342,,23383,1
UOM_MISMATCH,2761,NAINR0000126,Inner Ring of N7030 - 22 x 47 x 41,NRRBR0000116,NRRBR0000116,NORMAL,NORMAL,0,0,46/45,45,45,mm,Kg.,Round Bar EN9 56 MM,Round Bar EN9 56 MM,,PART,CUTTING SIZE - 55mm,I,B0001731,B0001731,,23224,1
RAW_MATERIAL_ITEM_MISSING,9789,NAINR0000127,Inner Ring of N7030 - 24 x 50 x 41,NRRBR0000100,NRRBR0000100,NORMAL,NORMAL,0,0,46,46,46,mm,mm,Round Bar EN9 60 MM,,,,,I,,,44 mm,34748,1
RAW_MATERIAL_ITEM_MISSING,2416,NAINR0000128,Inner Ring of N7030 - 25 x 50 x 41,NRRBR0000100,NRRBR0000100,NORMAL,NORMAL,0,0,46,46,46,mm,mm,Round Bar EN9 60 MM,,,,,I,,,44 mm,33278,1
RAW_MATERIAL_ITEM_MISSING,11726,NAINR0000129,Inner Ring of N7030 - 28 x 55 x 41,NRRBR0000100,NRRBR0000102 / NRRBR0000100,ALTERNATE,ALTERNATE,1,1,46,,46,mm,mm,RoundBar EN9 65 MM / Round Bar EN9 60 MM,,,,,I,B0000284,B0000284,44 mm,39945,1
NORMAL_ALTERNATE_FLAG_MISMATCH | RAW_MATERIAL_ITEM_MISSING,21046,NAINR0000129,Inner Ring of N7030 - 28 x 55 x 41,NRRBR0000100,NRRBR0000100,NORMAL,ALTERNATE,0,1,46,46,46,mm,mm,Round Bar EN9 60 MM,,,,,I,B0000284,B0000284,44 mm,39945,1
RAW_MATERIAL_ITEM_MISSING,363,NAINR0000129,Inner Ring of N7030 - 28 x 55 x 41,NRRBR0000100,NRRBR0000102 / NRRBR0000100,ALTERNATE,ALTERNATE,1,1,45/46,46,46,mm,mm,RoundBar EN9 65 MM / Round Bar EN9 60 MM,,,,,I,B0000284,B0000284,44 mm,39945,1
UOM_MISMATCH,11726,NAINR0000129,Inner Ring of N7030 - 28 x 55 x 41,NRRBR0000102,NRRBR0000102 / NRRBR0000100,NORMAL,NORMAL,0,0,46,,45,mm,Kg.,RoundBar EN9 65 MM / Round Bar EN9 60 MM,RoundBar EN9 65 MM,RoundBar EN9 65 MM,PART,CUTTING SIZE - 23 MM,I,B0000284,,,22251,1
UOM_MISMATCH,363,NAINR0000129,Inner Ring of N7030 - 28 x 55 x 41,NRRBR0000102,NRRBR0000102 / NRRBR0000100,NORMAL,NORMAL,0,0,45/46,45,45,mm,Kg.,RoundBar EN9 65 MM / Round Bar EN9 60 MM,RoundBar EN9 65 MM,RoundBar EN9 65 MM,PART,CUTTING SIZE - 23 MM,I,B0000284,,,22251,1
RAW_MATERIAL_ITEM_MISSING,356,NAINR0000130,Inner Ring of N7030 - 30 x 55 x 41,NRRBR0000100,NRRBR0000100,NORMAL,NORMAL,0,0,46,46,46,mm,mm,Round Bar EN9 60 MM,,,,,I,B0000278,B0000278,44 mm,22240,1
NORMAL_ALTERNATE_FLAG_MISMATCH | UOM_MISMATCH,2268,NAINR0000132,Inner Ring of N7030 - 35 x 60 x 41,NRRBR0000102,NRRBR0000102,NORMAL,ALTERNATE,0,1,46,46,46,mm,Kg.,RoundBar EN9 65 MM,RoundBar EN9 65 MM,RoundBar EN9 65 MM,PART,CUTTING SIZE - 23 MM,I,B0001422,B0001422,,33225,1
UOM_MISMATCH,2272,NAINR0000132,Inner Ring of N7030 - 35 x 60 x 41,NRRBR0000102,NRRBR0000105 / NRRBR0000102,ALTERNATE,ALTERNATE,1,1,45/46,46,46,mm,Kg.,Round Bar EN9 70 MM / RoundBar EN9 65 MM,RoundBar EN9 65 MM,RoundBar EN9 65 MM,PART,CUTTING SIZE - 23 MM,I,B0001422,B0001422,,33225,1
UOM_MISMATCH,5528,NAINR0000137,Inner Ring of N7030 - 48 x 80 x 49,NRRBR0000124,NRRBR0000124,NORMAL,NORMAL,0,0,55,55,55,mm,Kg.,Round Bar EN19 85 MM,Round Bar EN19 85 MM,,PART,,I,B0003265,B0003265,,23999,1
UOM_MISMATCH,482,NAINR0000138,Inner Ring of N7030 - 50 x 80 x 49,NRRBR0000124,NRRBR0000124,NORMAL,NORMAL,0,0,55,55,55,mm,Kg.,Round Bar EN19 85 MM,Round Bar EN19 85 MM,,PART,,I,B0000370,B0000370,,22424,1
NORMAL_ALTERNATE_FLAG_MISMATCH,3941,NAINR0000140,Inner Ring of N7030 - 60 x 90 x 49,NRRBR0000101,NRRBR0000101,NORMAL,ALTERNATE,0,1,55,55,55,mm,mm,Round Bar EN9 95 MM,Round Bar EN9 95 MM,,PART,,I,B0000332,B0000332,53 mm,23623,1
NORMAL_ALTERNATE_FLAG_MISMATCH,3666,NAINR0000141,Inner Ring of N7030 - 65 x 95 x 49,NRRBR0000108,NRRBR0000108,NORMAL,ALTERNATE,0,1,55,55,55,mm,mm,Round Bar EN9 110 MM,Round Bar EN9 110 MM,,PART,,I,B0002347,B0002347,53 mm,23546,1
NORMAL_ALTERNATE_FLAG_MISMATCH,8413,NAINR0000148,Inner Ring of N7030 - 100 x 145 x 68,NRRBR0000109,NRRBR0000109 / NRRBR0000110,ALTERNATE,NORMAL,1,0,90/70,90,90,mm,mm,Round Bar EN9 125 MM / Round Bar EN9 150 MM,Round Bar EN9 125 MM,,PART,,I,B0004661,,88 mm,24599,1
NORMAL_ALTERNATE_FLAG_MISMATCH,8413,NAINR0000148,Inner Ring of N7030 - 100 x 145 x 68,NRRBR0000110,NRRBR0000109 / NRRBR0000110,NORMAL,ALTERNATE,0,1,90/70,70,70,mm,mm,Round Bar EN9 125 MM / Round Bar EN9 150 MM,Round Bar EN9 150 MM,,PART,,I,B0004661,B0004661,68 mm,34589,1
UOM_MISMATCH,25358,NAINR0000157,Inner Ring of N7031 - 20 x 47 x 41,NRRBR0000102,NRRBR0000102,NORMAL,NORMAL,0,0,46,46,46,mm,Kg.,RoundBar EN9 65 MM,RoundBar EN9 65 MM,RoundBar EN9 65 MM,PART,CUTTING SIZE - 23 MM,I,B0012137,B0012137,,27468,1
RAW_MATERIAL_ITEM_MISSING,7204,NAINR0000158,Inner Ring of N7031 - 22 x 47 x 41,NRRBR0000100,NRRBR0000100,NORMAL,NORMAL,0,0,46,46,46,mm,mm,Round Bar EN9 60 MM,,,,,I,B0004084,B0004084,44 mm,24321,1
UOM_MISMATCH,9744,NAINR0000159,Inner Ring of N7031 - 24 x 50 x 41,NRRBR0000102,NRRBR0000102,NORMAL,NORMAL,0,0,46,46,46,mm,Kg.,RoundBar EN9 65 MM,RoundBar EN9 65 MM,RoundBar EN9 65 MM,PART,CUTTING SIZE - 23 MM,I,B0005240,B0005240,,24898,1
NORMAL_ALTERNATE_FLAG_MISMATCH,37,NAINR0000168,Inner Ring of N7031 - 45 x 75 x 49,NRRBR0000005,NRRBR0000005,NORMAL,ALTERNATE,0,1,55,55,55,mm,mm,Round Bar EN19 90 MM,Round Bar EN19 90 MM,,PART,,I,B0000044,B0000044,53 mm,21723,1
UOM_MISMATCH,13387,NAINR0000189,Inner Ring of N7032 - 20 x 47 x 28,NRRBR0000116,NRRBR0000116,NORMAL,NORMAL,0,0,33,33,33,mm,Kg.,Round Bar EN9 56 MM,Round Bar EN9 56 MM,,PART,CUTTING SIZE - 55mm,I,,,,25626,1
UOM_MISMATCH,4424,NAINR0000190,Inner Ring of N7032 - 22 x 47 x 28,NRRBR0000116,NRRBR0000116 / NRRBR0000235,NORMAL,NORMAL,0,0,33/34,33,33,mm,Kg.,Round Bar EN9 56 MM / Round Bar EN9 55 MM,Round Bar EN9 56 MM,,PART,CUTTING SIZE - 55mm,I,B0002712,,,23728,1
NORMAL_ALTERNATE_FLAG_MISMATCH,4418,NAINR0000190,Inner Ring of N7032 - 22 x 47 x 28,NRRBR0000235,NRRBR0000235,NORMAL,ALTERNATE,0,1,34,34,34,mm,mm,Round Bar EN9 55 MM,Round Bar EN9 55 MM,,PART,,I,B0002712,B0002712,32 mm,33858,1
RAW_MATERIAL_ITEM_MISSING,2478,NAINR0000191,Inner Ring of N7032 - 24 x 50 x 28,NRRBR0000100,NRRBR0000100,NORMAL,NORMAL,0,0,33/34,33,33,mm,mm,Round Bar EN9 60 MM,,,,,I,,,31 mm,23082,1
RAW_MATERIAL_ITEM_MISSING,4035,NAINR0000193,Inner Ring of N7032 - 28 x 55 x 28,NRRBR0000100,NRRBR0000100,NORMAL,NORMAL,0,0,34,34,34,mm,mm,Round Bar EN9 60 MM,,,,,I,B0002560,B0002560,32 mm,23655,1
RAW_MATERIAL_ITEM_MISSING,7,NAINR0000194,Inner Ring of N7032 - 30 x 55 x 28,NRRBR0000100,NRRBR0000100,NORMAL,NORMAL,0,0,34,34,34,mm,mm,Round Bar EN9 60 MM,,,,,I,B0000020,B0000020,32 mm,21679,1
UOM_MISMATCH,2184,NAINR0000195,Inner Ring of N7032 - 32 x 60 x 28,NRRBR0000102,NRRBR0000102,NORMAL,NORMAL,0,0,34,34,34,mm,Kg.,RoundBar EN9 65 MM,RoundBar EN9 65 MM,RoundBar EN9 65 MM,PART,CUTTING SIZE - 23 MM,I,B0001355,B0001355,,23004,1
UOM_MISMATCH,5221,NAINR0000196,Inner Ring of N7032 - 35 x 60 x 28,NRRBR0000102,NRRBR0000102,NORMAL,NORMAL,0,0,34,34,34,mm,Kg.,RoundBar EN9 65 MM,RoundBar EN9 65 MM,RoundBar EN9 65 MM,PART,CUTTING SIZE - 23 MM,I,B0003085,B0003085,,23905,1
NORMAL_ALTERNATE_FLAG_MISMATCH,2972,NAINR0000204,Inner Ring of N7032 - 60 x 90 x 33,NRRBR0000101,NRRBR0000101,NORMAL,ALTERNATE,0,1,39,39,39,mm,mm,Round Bar EN9 95 MM,Round Bar EN9 95 MM,,PART,,I,B0001863,B0001863,37 mm,33513,1
RAW_MATERIAL_ITEM_MISSING,6163,NAINR0000223,Inner Ring of N7033 - 20 x 47 x 28,NRRBR0000100,NRRBR0000100,NORMAL,NORMAL,0,0,34,34,34,mm,mm,Round Bar EN9 60 MM,,,,,I,B0006205,B0006205,32 mm,25094,1
UOM_MISMATCH,16636,NAINR0000224,Inner Ring of N7033 - 22 x 47 x 28,NRRBR0000102,NRRBR0000102,NORMAL,NORMAL,0,0,34,34,34,mm,Kg.,RoundBar EN9 65 MM,RoundBar EN9 65 MM,RoundBar EN9 65 MM,PART,CUTTING SIZE - 23 MM,I,B0013391,B0013391,,26221,1
UOM_MISMATCH,229,NAINR0000225,Inner Ring of N7033 - 24 x 50 x 28,NRRBR0000102,NRRBR0000102,NORMAL,NORMAL,0,0,34,34,34,mm,Kg.,RoundBar EN9 65 MM,RoundBar EN9 65 MM,RoundBar EN9 65 MM,PART,CUTTING SIZE - 23 MM,I,B0000173,B0000173,,22070,1
RAW_MATERIAL_ITEM_MISSING,233,NAINR0000226,Inner Ring of N7033 - 25 x 50 x 28,NRRBR0000100,NRRBR0000100,NORMAL,NORMAL,0,0,34,34,34,mm,mm,Round Bar EN9 60 MM,,,,,I,B0000176,B0000176,32 mm,22078,1
NORMAL_ALTERNATE_FLAG_MISMATCH,6287,NAINR0000240,Inner Ring of N7033 - 70 x 110 x 40,NRRBR0000188,NRRBR0000188,NORMAL,ALTERNATE,0,1,46,46,46,mm,mm,Round Bar 4140 125 MM,Round Bar 4140 125 MM,,PART,CUTTING SIZE - 56mm,I,B0003612,B0003612,44 mm,34303,1
NORMAL_ALTERNATE_FLAG_MISMATCH,6169,NAINR0000242,Inner Ring of N7033 - 80 x 120 x 40,NRRBR0000198,NRRBR0000198,NORMAL,ALTERNATE,0,1,46,46,46,mm,mm,Round Bar 4140 130 MM,Round Bar 4140 130 MM,,PART,,I,B0003618,B0003618,44 mm,24087,1
NORMAL_ALTERNATE_FLAG_MISMATCH,20252,NAINR0000244,Inner Ring of N7033 - 90 x 130 x 40,NRRBR0000110,NRRBR0000110 / NRRBR0000228,ALTERNATE,NORMAL,1,0,46/45,46,46,mm,mm,Round Bar EN9 150 MM,Round Bar EN9 150 MM,,PART,,I,B0000909,,44 mm,35936,1
NORMAL_ALTERNATE_FLAG_MISMATCH,1481,NAINR0000244,Inner Ring of N7033 - 90 x 130 x 40,NRRBR0000228,NRRBR0000228,NORMAL,ALTERNATE,0,1,45,45,45,mm,mm,Round Bar EN19 145 MM,Round Bar EN19 145 MM,,PART,,I,B0000909,B0000909,43 mm,22614,1
QUANTITY_MISMATCH,331,NAINR0000247,Inner Ring of N7033 - 110 x 155 x 44,NRRBR0000108,NRRBR0000108,NORMAL,NORMAL,0,0,100/97,97,100,mm,mm,Round Bar EN9 110 MM,Round Bar EN9 110 MM,,PART,,I,B0000256,B0000256,98 mm,22210,1
NORMAL_ALTERNATE_FLAG_MISMATCH,3108,NAINR0000248,Inner Ring of N7033 - 120 x 165 x 44,NRRBR0000150,NRRBR0000150,NORMAL,ALTERNATE,0,1,91,91,91,mm,mm,Round Bar 4140 120 MM,Round Bar 4140 120 MM,,PART,,I,B0001976,B0001976,89 mm,23388,1
NORMAL_ALTERNATE_FLAG_MISMATCH,2253,NAINR0000250,Inner Ring of N7033 - 140 x 190 x 54,NRRBR0000132,NRRBR0000132 / NRRBR0000228,ALTERNATE,NORMAL,1,0,99/94,99,99,mm,mm,Round Bar EN19 145 MM,Round Bar EN9 140 MM,,PART,CUTTING SIZE - 23mm,I,B0000473,,97 mm,33213,1
NORMAL_ALTERNATE_FLAG_MISMATCH,592,NAINR0000250,Inner Ring of N7033 - 140 x 190 x 54,NRRBR0000228,NRRBR0000228,NORMAL,ALTERNATE,0,1,94,94,94,mm,mm,Round Bar EN19 145 MM,Round Bar EN19 145 MM,,PART,,I,B0000473,B0000473,92 mm,22539,1
UOM_MISMATCH,19741,NAINR0000258,Inner Ring of N7036 ID 35 x OD 65,NRRBR0000124,NRRBR0000124,NORMAL,NORMAL,0,0,54,54,54,mm,Kg.,Round Bar EN19 85 MM,Round Bar EN19 85 MM,,PART,,I,B0009479,B0009479,,35867,1
UOM_MISMATCH,23957,NAINR0000326,Inner Ring of N7139 - 22 x 44 x 20,NRRBR0000116,NRRBR0000116,NORMAL,NORMAL,0,0,26,26,26,mm,Kg.,Round Bar EN9 56 MM,Round Bar EN9 56 MM,,PART,CUTTING SIZE - 55mm,I,B0011252,B0011252,,40055,1
UOM_MISMATCH,30802,NAINR0000327,Inner Ring of N7139 - 24 x 46 x 20,NRRBR0000116,NRRBR0000116,NORMAL,NORMAL,0,0,26,26,26,mm,Kg.,Round Bar EN9 56 MM,Round Bar EN9 56 MM,,PART,CUTTING SIZE - 55mm,I,B0013948,B0013948,,40173,1
UOM_MISMATCH,8823,NAINR0000328,Inner Ring of N7139 - 25 x 47 x 20,NRRBR0000116,NRRBR0000116,NORMAL,NORMAL,0,0,26,26,26,mm,Kg.,Round Bar EN9 56 MM,Round Bar EN9 56 MM,,PART,CUTTING SIZE - 55mm,I,B0004817,B0004817,,24683,1
RAW_MATERIAL_ITEM_MISSING,27814,NAINR0000329,Inner Ring of N7139 - 28 x 50 x 20,NRRBR0000100,NRRBR0000100,NORMAL,NORMAL,0,0,26,26,26,mm,mm,Round Bar EN9 60 MM,,,,,I,B0012859,B0012859,24 mm,40125,1
NORMAL_ALTERNATE_FLAG_MISMATCH | RAW_MATERIAL_ITEM_MISSING,6211,NAINR0000330,Inner Ring of N7139 - 30 x 52 x 20,NRRBR0000100,NRRBR0000100,NORMAL,ALTERNATE,0,1,26,26,26,mm,mm,Round Bar EN9 60 MM,,,,,I,B0006125,B0006125,24 mm,34290,1
RAW_MATERIAL_ITEM_MISSING,6670,NAINR0000330,Inner Ring of N7139 - 30 x 52 x 20,NRRBR0000100,NRRBR0000102 / NRRBR0000100,ALTERNATE,ALTERNATE,1,1,25/26,26,26,mm,mm,RoundBar EN9 65 MM / Round Bar EN9 60 MM,,,,,I,B0006125,B0006125,24 mm,34290,1
UOM_MISMATCH,6670,NAINR0000330,Inner Ring of N7139 - 30 x 52 x 20,NRRBR0000102,NRRBR0000102 / NRRBR0000100,NORMAL,NORMAL,0,0,25/26,25,25,mm,Kg.,RoundBar EN9 65 MM / Round Bar EN9 60 MM,RoundBar EN9 65 MM,RoundBar EN9 65 MM,PART,CUTTING SIZE - 23 MM,I,B0006125,,,24194,1
UOM_MISMATCH,2880,NAINR0000339,Inner Ring of N7139 - 50 x 78 x 30,NRRBR0000124,NRRBR0000114 / NRRBR0000124,ALTERNATE,ALTERNATE,1,1,36,,36,mm,Kg.,Round Bar EN9 90 MM,Round Bar EN19 85 MM,,PART,,I,B0001808,,,39960,1
UOM_MISMATCH,2896,NAINR0000339,Inner Ring of N7139 - 50 x 78 x 30,NRRBR0000124,NRRBR0000114 / NRRBR0000124,ALTERNATE,ALTERNATE,1,1,35/36,36,36,mm,Kg.,Round Bar EN9 90 MM,Round Bar EN19 85 MM,,PART,,I,B0001808,,,39960,1
UOM_MISMATCH,25379,NAINR0000361,Inner Ring of N7043 - 24 x 42 x 25,NRRBR0000116,NRRBR0000116,NORMAL,NORMAL,0,0,32,32,32,mm,Kg.,Round Bar EN9 56 MM,Round Bar EN9 56 MM,,PART,CUTTING SIZE - 55mm,I,B0011926,B0011926,,27473,1
UOM_MISMATCH,17839,NAINR0000362,Inner Ring of N7043 - 25 x 43 x 25,NRRBR0000116,NRRBR0000116,NORMAL,NORMAL,0,0,32,32,32,mm,Kg.,Round Bar EN9 56 MM,Round Bar EN9 56 MM,,PART,CUTTING SIZE - 55mm,I,B0008675,B0008675,,26461,1
UOM_MISMATCH,3552,NAINR0000363,Inner Ring of N7043 - 28 x 46 x 28,NRRBR0000116,NRRBR0000116,NORMAL,NORMAL,0,0,35,35,35,mm,Kg.,Round Bar EN9 56 MM,Round Bar EN9 56 MM,,PART,CUTTING SIZE - 55mm,I,B0002280,B0002280,,23513,1
RAW_MATERIAL_ITEM_MISSING,27810,NAINR0000364,Inner Ring of N7043 - 30 x 48 x 28,NRRBR0000100,NRRBR0000100,NORMAL,NORMAL,0,0,35,35,35,mm,mm,Round Bar EN9 60 MM,,,,,I,B0012857,B0012857,33 mm,40124,1
RAW_MATERIAL_ITEM_MISSING,3901,NAINR0000365,Inner Ring of N7043 - 32 x 50 x 28,NRRBR0000100,NRRBR0000100,NORMAL,NORMAL,0,0,35,35,35,mm,mm,Round Bar EN9 60 MM,,,,,I,B0002471,B0002471,33 mm,23601,1
NORMAL_ALTERNATE_FLAG_MISMATCH,3680,NAINR0000386,Inner Ring of N7014 - 60 x 100 x 50,NRRBR0000007,NRRBR0000007,NORMAL,ALTERNATE,0,1,58,58,58,mm,mm,Round Bar EN19 80 MM,Round Bar EN19 80 MM,,PART,,I,B0002358,B0002358,56 mm,23555,1
NORMAL_ALTERNATE_FLAG_MISMATCH,3005,NAINR0000408,Inner Ring of N7015.0 - 110 x 155 x 65,NRRBR0000108,NRRBR0000108,NORMAL,ALTERNATE,0,1,118,118,118,mm,mm,Round Bar EN9 110 MM,Round Bar EN9 110 MM,,PART,,I,B0001898,B0001898,116 mm,39961,1
RAW_MATERIAL_ITEM_MISSING,6186,NAINR0000453,Inner Ring of N7040 - 45 x 75 x 64,NRRBR0000100,NRRBR0000100,NORMAL,NORMAL,0,0,70,70,70,mm,mm,Round Bar EN9 60 MM,,,,,I,B0004155,B0004155,68 mm,24376,1
UOM_MISMATCH,33409,NAINR0000454,Inner Ring of N7040 - 48 x 80 x 64,NRRBR0000102,NRRBR0000102,NORMAL,NORMAL,0,0,70,70,70,mm,Kg.,RoundBar EN9 65 MM,RoundBar EN9 65 MM,RoundBar EN9 65 MM,PART,CUTTING SIZE - 23 MM,I,B0015007,B0015007,,40238,1
UOM_MISMATCH | QUANTITY_MISMATCH,6191,NAINR0000455,Inner Ring of N7040 - 50 x 80 x 64,NRRBR0000102,NRRBR0000102,NORMAL,NORMAL,0,0,70/71,70,71,mm,Kg.,RoundBar EN9 65 MM,RoundBar EN9 65 MM,RoundBar EN9 65 MM,PART,CUTTING SIZE - 23 MM,I,B0004160,B0004160,,24388,1
UOM_MISMATCH,6060,NAINR0000536,Inner Ring of N250 - 15 x 24 x 36,NRRBR0000116,NRRBR0000116,NORMAL,NORMAL,0,0,42,42,42,mm,Kg.,Round Bar EN9 56 MM,Round Bar EN9 56 MM,,PART,CUTTING SIZE - 55mm,I,B0006438,B0006438,,25406,1
RAW_MATERIAL_ITEM_MISSING,6062,NAINR0000537,Inner Ring of N250 - 16 x 24 x 36,NRRBR0000100,NRRBR0000100,NORMAL,NORMAL,0,0,42,42,42,mm,mm,Round Bar EN9 60 MM,,,,,I,B0007337,B0007337,40 mm,24482,1
RAW_MATERIAL_ITEM_MISSING,4793,NAINR0000538,Inner Ring of N250 - 17 x 26 x 38,NRRBR0000100,NRRBR0000100,NORMAL,NORMAL,0,0,42,42,42,mm,mm,Round Bar EN9 60 MM,,,,,I,B0002857,B0002857,40 mm,23776,1
UOM_MISMATCH,10876,NAINR0000539,Inner Ring of N250 - 18 x 26 x 38,NRRBR0000116,NRRBR0000116,NORMAL,NORMAL,0,0,42,42,42,mm,Kg.,Round Bar EN9 56 MM,Round Bar EN9 56 MM,,PART,CUTTING SIZE - 55mm,I,B0005822,B0005822,,25190,1
RAW_MATERIAL_ITEM_MISSING,8624,NAINR0000540,Inner Ring of N250 - 19 x 27 x 38,NRRBR0000100,NRRBR0000100,NORMAL,NORMAL,0,0,42/41,41,41,mm,mm,Round Bar EN9 60 MM,,,,,I,B0004732,B0004732,39 mm,24614,1
RAW_MATERIAL_ITEM_MISSING,3479,NAINR0000541,Inner Ring of N250 - 20 x 28 x 38,NRRBR0000100,NRRBR0000100,NORMAL,NORMAL,0,0,41,41,41,mm,mm,Round Bar EN9 60 MM,,,,,I,,,39 mm,23500,1
RAW_MATERIAL_ITEM_MISSING,223,NAINR0000542,Inner Ring of N250 - 22 x 32 x 45,NRRBR0000100,NRRBR0000100,NORMAL,NORMAL,0,0,49,49,49,mm,mm,Round Bar EN9 60 MM,,,,,I,B0000170,B0000170,47 mm,22064,1
UOM_MISMATCH,325,NAINR0000543,Inner Ring of N250 - 24 x 34 x 45,NRRBR0000102,NRRBR0000102,NORMAL,NORMAL,0,0,48/49,48,48,mm,Kg.,RoundBar EN9 65 MM,RoundBar EN9 65 MM,RoundBar EN9 65 MM,PART,CUTTING SIZE - 23 MM,I,B0000254,B0000254,,22203,1
UOM_MISMATCH,351,NAINR0000544,Inner Ring of N250 - 25 x 34 x 45,NRRBR0000102,NRRBR0000102,NORMAL,NORMAL,0,0,48/49,48,48,mm,Kg.,RoundBar EN9 65 MM,RoundBar EN9 65 MM,RoundBar EN9 65 MM,PART,CUTTING SIZE - 23 MM,I,B0000269,B0000269,,22235,1
NORMAL_ALTERNATE_FLAG_MISMATCH,2306,NAINR0000546,Inner Ring of N250 - 30 x 41 x 45,NRRBR0000111,NRRBR0000111,NORMAL,ALTERNATE,0,1,49,49,49,mm,mm,Round Bar EN9 75 MM,Round Bar EN9 75 MM,,PART,,I,,,47 mm,33240,1
NORMAL_ALTERNATE_FLAG_MISMATCH,2665,NAINR0000547,Inner Ring of N250 - 32 x 43 x 45,NRRBR0000105,NRRBR0000105,NORMAL,ALTERNATE,0,1,49,49,49,mm,mm,Round Bar EN9 70 MM,Round Bar EN9 70 MM,Round Bar EN9 70 MM,PART,CUTTING SIZE - 33 MM,I,B0001663,B0001663,47 mm,33388,1
NORMAL_ALTERNATE_FLAG_MISMATCH,71,NAINR0000550,Inner Ring of N250 - 40 x 53 x 50,NRRBR0000113,NRRBR0000205 / NRRBR0000113,NORMAL,ALTERNATE,0,1,53/46,46,46,mm,mm,Round Bar EN9 85 MM / Round Bar EN9 80 MM,Round Bar EN9 80 MM,,PART,,I,B0000068,B0000068,44 mm,33221,1
NORMAL_ALTERNATE_FLAG_MISMATCH,71,NAINR0000550,Inner Ring of N250 - 40 x 53 x 50,NRRBR0000205,NRRBR0000205 / NRRBR0000113,ALTERNATE,NORMAL,1,0,53/46,53,53,mm,mm,Round Bar EN9 85 MM / Round Bar EN9 80 MM,Round Bar EN9 85 MM,,PART,,I,B0000068,,51 mm,21778,1
NORMAL_ALTERNATE_FLAG_MISMATCH,2662,NAINR0000566,Inner Ring of N250 - 120 x 155 x 128,NRRBR0000121,NRRBR0000121,NORMAL,ALTERNATE,0,1,152,152,152,mm,mm,Round Bar EN9 180 MM,Round Bar EN9 180 MM,,PART,CUTTING SIZE - 22mm,I,B0000153,B0000153,150 mm,33383,1
UOM_MISMATCH,8794,NAINR0000572,Inner Ring of N500 - 22 x 55 x 60,NRRBR0000112,NRRBR0000112,NORMAL,NORMAL,0,0,67,67,67,mm,Kg.,Round Bar EN9 45 MM,Round Bar EN9 45 MM,,PART,CUTTING SIZE - 55mm,I,B0004806,B0004806,,24678,1
UOM_MISMATCH,239,NAINR0000577,Inner Ring of N500 - 32 x 75 x 60,NRRBR0000116,NRRBR0000116,NORMAL,NORMAL,0,0,68,68,68,mm,Kg.,Round Bar EN9 56 MM,Round Bar EN9 56 MM,,PART,CUTTING SIZE - 55mm,I,B0000181,B0000181,,22086,1
RAW_MATERIAL_ITEM_MISSING,7885,NAINR0000580,Inner Ring of N500 - 40 x 75 x 75,NRRBR0000100,NRRBR0000100,NORMAL,NORMAL,0,0,79,79,79,mm,mm,Round Bar EN9 60 MM,,,,,I,B0004413,B0004413,77 mm,24510,1
UOM_MISMATCH,3688,NAINR0000586,Inner Ring of N500 - 60 x 100 x 85,NRRBR0000124,NRRBR0000124,NORMAL,NORMAL,0,0,94/92,92,92,mm,Kg.,Round Bar EN19 85 MM,Round Bar EN19 85 MM,,PART,,I,B0002372,B0002372,,23564,1
NORMAL_ALTERNATE_FLAG_MISMATCH,26548,NAINR0000639,Inner Ring of N4091 - 125 x 215 x 65,NRRBR0000108,NRRBR0000108,NORMAL,ALTERNATE,0,1,90,90,90,mm,mm,Round Bar EN9 110 MM,Round Bar EN9 110 MM,,PART,,I,B0012361,B0012361,88 mm,40091,1
NORMAL_ALTERNATE_FLAG_MISMATCH,34309,NAINR0000639,Inner Ring of N4091 - 125 x 215 x 65,NRRBR0000117,NRRBR0000117 / NRRBR0000108,ALTERNATE,NORMAL,1,0,99/90,99,99,mm,mm,Round Bar EN9 105 MM / Round Bar EN9 110 MM,Round Bar EN9 105 MM,,PART,,I,B0012361,,97 mm,30405,1
QUANTITY_MISMATCH,7810,NAINR0000644,Inner Ring of N4091 - 185 x 330 x 112,NRRBR0000110,NRRBR0000110,NORMAL,NORMAL,0,0,127/132/137,127,132,mm,mm,Round Bar EN9 150 MM,Round Bar EN9 150 MM,,PART,,I,B0004380,B0004380,130 mm,29162,1
NORMAL_ALTERNATE_FLAG_MISMATCH,2688,NAINR0000664,Inner Ring of N4071 - 110 x 185 x 50,NRRBR0000103,NRRBR0000103 / NRRBR0000197,ALTERNATE,NORMAL,1,0,80/77,80,80,mm,mm,Round Bar EN19 100 MM,Round Bar EN9 100 MM,,PART,,I,B0001680,,78 mm,28980,1
NORMAL_ALTERNATE_FLAG_MISMATCH,2684,NAINR0000664,Inner Ring of N4071 - 110 x 185 x 50,NRRBR0000197,NRRBR0000197,NORMAL,ALTERNATE,0,1,77,77,77,mm,mm,Round Bar EN19 100 MM,Round Bar EN19 100 MM,,PART,,I,B0001680,B0001680,75 mm,30226,1
NORMAL_ALTERNATE_FLAG_MISMATCH,2421,NAINR0000669,Inner Ring of N4071 - 140 x 230 x 60.5,NRRBR0000149,NRRBR0000149,NORMAL,ALTERNATE,0,1,79,79,79,mm,mm,Round Bar 4140 110 MM,Round Bar 4140 110 MM,,PART,CUTTING SIZE - 27mm,I,B0001515,B0001515,77 mm,28956,1
NORMAL_ALTERNATE_FLAG_MISMATCH | QUANTITY_MISMATCH,2806,NAINR0000670,Inner Ring of N4071 - 155 x 265 x 64.5,NRRBR0000173,NRRBR0000173,NORMAL,ALTERNATE,0,1,92/89,89,92,mm,mm,Round Bar EN19 120 MM,Round Bar EN19 120 MM,,PART,,I,B0001757,B0001757,90 mm,36115,1
NORMAL_ALTERNATE_FLAG_MISMATCH,3490,NAINR0000672,Inner Ring of N4071 - 165 x 290 x 71,NRRBR0000006,NRRBR0000006 / NRRBR0000109,ALTERNATE,NORMAL,1,0,119/93,119,119,mm,mm,Round Bar EN9 125 MM,Round Bar EN19 110 MM,,PART,,I,B0002243,,117 mm,36162,1
NORMAL_ALTERNATE_FLAG_MISMATCH,3490,NAINR0000672,Inner Ring of N4071 - 165 x 290 x 71,NRRBR0000109,NRRBR0000006 / NRRBR0000109,NORMAL,ALTERNATE,0,1,119/93,93,93,mm,mm,Round Bar EN9 125 MM,Round Bar EN9 125 MM,,PART,,I,B0002243,B0002243,91 mm,640,1
NORMAL_ALTERNATE_FLAG_MISMATCH | QUANTITY_MISMATCH,13817,NAINR0000672,Inner Ring of N4071 - 165 x 290 x 71,NRRBR0000118,NRRBR0000118 / NRRBR0000109,ALTERNATE,NORMAL,1,0,100/93,100,99,mm,mm,Round Bar EN9 120 MM / Round Bar EN9 125 MM,Round Bar EN9 120 MM,,PART,,I,B0002243,,97 mm,29047,1
NORMAL_ALTERNATE_FLAG_MISMATCH,3494,NAINR0000672,Inner Ring of N4071 - 165 x 290 x 71,NRRBR0000118,NRRBR0000118 / NRRBR0000109,ALTERNATE,NORMAL,1,0,99/93,99,99,mm,mm,Round Bar EN9 120 MM / Round Bar EN9 125 MM,Round Bar EN9 120 MM,,PART,,I,B0002243,,97 mm,29047,1
NORMAL_ALTERNATE_FLAG_MISMATCH,2372,NAINR0000676,Inner Ring of N4071 - 185 x 330 x 86,NRRBR0000110,NRRBR0000110,NORMAL,ALTERNATE,0,1,0,0,0,mm,mm,Round Bar EN9 150 MM,Round Bar EN9 150 MM,,PART,,I,B0001478,B0001478,,30214,1
NORMAL_ALTERNATE_FLAG_MISMATCH,2380,NAINR0000676,Inner Ring of N4071 - 185 x 330 x 86,NRRBR0000132,NRRBR0000132 / NRRBR0000110,ALTERNATE,NORMAL,1,0,112/0,112,112,mm,mm,Round Bar EN9 140 MM / Round Bar EN9 150 MM,Round Bar EN9 140 MM,,PART,CUTTING SIZE - 23mm,I,B0001478,,110 mm,28948,1
QUANTITY_MISMATCH,3483,NAINR0000679,Inner Ring of N4071 - 200 x 350 x 86,NRRBR0000110,NRRBR0000110,NORMAL,NORMAL,0,0,102/105,102,105,mm,mm,Round Bar EN9 150 MM,Round Bar EN9 150 MM,,PART,,I,B0002238,B0002238,103 mm,29039,1
EXTRA_DB_RAW_MATERIAL_LINK,,NAINR0000681,Inner Ring of N4071 - 240 x 405 x 109,NRFRG0000180,,,NORMAL,,0,,,1,,Nos.,,Forged ring EN19 275X230X102,,PART,,I,,,,39962,1
NORMAL_ALTERNATE_FLAG_MISMATCH,3151,NAINR0000681,Inner Ring of N4071 - 240 x 405 x 109,NRRBR0000110,NRRBR0000110,NORMAL,ALTERNATE,0,1,155,155,155,mm,mm,Round Bar EN9 150 MM,Round Bar EN9 150 MM,,PART,,I,,,153 mm,36126,1
UOM_MISMATCH,3154,NAINR0000681,Inner Ring of N4071 - 240 x 405 x 109,NRRBR0000598,NRRBR0000598,NORMAL,NORMAL,0,0,154,154,154,mm,Kg.,Round Bar  EN9 150 MM,Round Bar  EN9 150 MM,,PART,CUTTING SIZE - 28mm,I,,,,28996,1
NORMAL_ALTERNATE_FLAG_MISMATCH,536,NAINR0000682,Inner Ring of N4071 - 260 x 430 x 120,NRRBR0000121,NRRBR0000121,NORMAL,ALTERNATE,0,1,139,139,139,mm,mm,Round Bar EN9 180 MM,Round Bar EN9 180 MM,,PART,CUTTING SIZE - 22mm,I,B0000419,B0000419,137 mm,28875,1
UOM_MISMATCH,528,NAINR0000684,Inner Ring of N4071 - 300 x 485 x 142,NRRBR0000215,NRRBR0000215,NORMAL,NORMAL,0,0,1,1,1,mm,Nos.,Forged ring EN9 342X290X132,Forged ring EN9 342X290X132,,PART,,I,B0000411,B0000411,,28861,1
NORMAL_ALTERNATE_FLAG_MISMATCH,16953,NAINR0000692,Inner Ring of N4071 - 420 x 690 x 188,NRFRG0000093,NRFRG0000093,NORMAL,ALTERNATE,0,1,1,1,1,Nos.,Nos.,Forged ring EN9 470x410x174,Forged ring EN9 470x410x174,,PART,,I,B0003035,B0003035,,39971,1
NORMAL_ALTERNATE_FLAG_MISMATCH,2660,NAINR0000722,Inner Ring of N7032.s - 148 x 200 x 54,NRRBR0000107,NRRBR0000107,NORMAL,ALTERNATE,0,1,105,105,105,mm,mm,Round Bar EN9 130 MM,Round Bar EN9 130 MM,,PART,,I,B0000113,B0000113,103 mm,39942,1
NORMAL_ALTERNATE_FLAG_MISMATCH,504,NAINR0000727,Inner Ring of NS 60 -22 A - 50 x 110 x 28,NRRBR0000108,NRRBR0000108,NORMAL,ALTERNATE,0,1,36,36,36,mm,mm,Round Bar EN9 110 MM,Round Bar EN9 110 MM,,PART,,I,B0000384,B0000384,34 mm,28854,1
MAKE_BUY_MISMATCH,4267,NAINR0000732,Inner Ring-1 of NIS 150 - 150 x 200 x 200,NRRBR0000150,NRRBR0000199 / NRRBR0000150,ALTERNATE,ALTERNATE,1,1,80/89,89,89,mm,mm,Round Bar EN19 130 MM,Round Bar 4140 120 MM,,PART,,A,B0000460,,87 mm,39947,1
MAKE_BUY_MISMATCH,575,NAINR0000732,Inner Ring-1 of NIS 150 - 150 x 200 x 200,NRRBR0000150,NRRBR0000173 / NRRBR0000150,ALTERNATE,ALTERNATE,1,1,89,,89,mm,mm,Round Bar EN19 120 MM,Round Bar 4140 120 MM,,PART,,A,B0000460,,87 mm,39947,1
NORMAL_ALTERNATE_FLAG_MISMATCH,582,NAINR0000733,Inner Ring-1 of NIS 130 - 130 x 180 x 204,NRRBR0000150,NRRBR0000173 / NRRBR0000150,NORMAL,ALTERNATE,0,1,82/78,78,78,mm,mm,Round Bar EN19 120 MM,Round Bar 4140 120 MM,,PART,,I,B0000465,B0000465,76 mm,36144,1
NORMAL_ALTERNATE_FLAG_MISMATCH,582,NAINR0000733,Inner Ring-1 of NIS 130 - 130 x 180 x 204,NRRBR0000173,NRRBR0000173 / NRRBR0000150,ALTERNATE,NORMAL,1,0,82/78,82,82,mm,mm,Round Bar EN19 120 MM,Round Bar EN19 120 MM,,PART,,I,B0000465,,80 mm,28906,1
UOM_MISMATCH,600,NAINR0000734,Inner Ring of N7013.1 - 19 x 47 x 31,NRRBR0000102,NRRBR0000102,NORMAL,NORMAL,0,0,37/38,37,37,mm,Kg.,RoundBar EN9 65 MM,RoundBar EN9 65 MM,RoundBar EN9 65 MM,PART,CUTTING SIZE - 23 MM,I,,,,22545,1
RAW_MATERIAL_ITEM_MISSING,606,NAINR0000735,Inner Ring of N7035.s ID 32 x OD 55,NRRBR0000100,NRRBR0000100,NORMAL,NORMAL,0,0,36,36,36,mm,mm,Round Bar EN9 60 MM,,,,,I,B0000484,B0000484,34 mm,22556,1
RAW_MATERIAL_ITEM_MISSING,2430,NAINR0000749,Inner Ring of N7032.sp - 22 x 52 x 28,NRRBR0000100,NRRBR0000100,NORMAL,NORMAL,0,0,34,34,34,mm,mm,Round Bar EN9 60 MM,,,,,I,B0001522,B0001522,32 mm,23060,1
UOM_MISMATCH,2470,NAINR0000751,Inner Ring of N7035 - 22 x 40 x 21,NRRBR0000112,NRRBR0000112,NORMAL,NORMAL,0,0,27,27,27,mm,Kg.,Round Bar EN9 45 MM,Round Bar EN9 45 MM,,PART,CUTTING SIZE - 55mm,I,B0001543,B0001543,,23076,1
UOM_MISMATCH,3179,NAINR0000757,Inner Ring of N7033.s ID 16 x OD 47,NRRBR0000102,NRRBR0000102,NORMAL,NORMAL,0,0,34,34,34,mm,Kg.,RoundBar EN9 65 MM,RoundBar EN9 65 MM,RoundBar EN9 65 MM,PART,CUTTING SIZE - 23 MM,I,B0002033,B0002033,,33627,1
NORMAL_ALTERNATE_FLAG_MISMATCH,4715,NAINR0000779,Inner Ring-1 of NIS 110 - 110 x 155 x 76,NRRBR0000009,NRRBR0000236 / NRRBR0000009,NORMAL,ALTERNATE,0,1,80/54,54,54,mm,mm,Round Bar EN19 105 MM / Round Bar EN19 125 MM,Round Bar EN19 125 MM,,PART,,I,B0002835,B0002835,52 mm,23765,1
NORMAL_ALTERNATE_FLAG_MISMATCH,4715,NAINR0000779,Inner Ring-1 of NIS 110 - 110 x 155 x 76,NRRBR0000236,NRRBR0000236 / NRRBR0000009,ALTERNATE,NORMAL,1,0,80/54,80,80,mm,mm,Round Bar EN19 105 MM / Round Bar EN19 125 MM,Round Bar EN19 105 MM,,PART,,I,B0002835,,78 mm,33891,1
NORMAL_ALTERNATE_FLAG_MISMATCH,6496,NAINR0000807,Inner Ring of N280 - 25 x 45 x 47.5,NRRBR0000186,NRRBR0000186,NORMAL,ALTERNATE,0,1,60,60,60,mm,mm,Round Bar 4140 50 MM,Round Bar 4140 50 MM,,PART,,I,B0003692,B0003692,58 mm,34333,1
NORMAL_ALTERNATE_FLAG_MISMATCH,7040,NAINR0000814,Inner Ring of N8006 - 300 x 333 x 53,NRRBR0000123,NRRBR0000123,NORMAL,ALTERNATE,0,1,117,117,117,mm,mm,Round Bar EN9 160 MM,Round Bar EN9 160 MM,,PART,,I,B0003977,B0003977,115 mm,34430,1
QUANTITY_MISMATCH,519,NAINR0000818,Ring of N8006 ID 80 x OD 91 - C,NRRBR0000103,NRRBR0000197 / NRRBR0000103,ALTERNATE,ALTERNATE,1,1,80/83,83,80,mm,mm,Round Bar EN19 100 MM,Round Bar EN9 100 MM,,PART,,I,B0004083,B0004083,78 mm,26011,1
NORMAL_ALTERNATE_FLAG_MISMATCH,520,NAINR0000818,Ring of N8006 ID 80 x OD 91 - C,NRRBR0000103,NRRBR0000103,NORMAL,ALTERNATE,0,1,83/80,80,80,mm,mm,Round Bar EN9 100 MM,Round Bar EN9 100 MM,,PART,,I,B0004083,B0004083,78 mm,26011,1
NORMAL_ALTERNATE_FLAG_MISMATCH,6686,NAINR0000824,Ring of N8006 ID 90 x OD 101 - C,NRRBR0000108,NRRBR0000108,NORMAL,ALTERNATE,0,1,83,83,83,mm,mm,Round Bar EN9 110 MM,Round Bar EN9 110 MM,,PART,,I,B0004375,B0004375,81 mm,26697,1
RAW_MATERIAL_ITEM_MISSING,8035,NAINR0000830,Inner Ring of AS 40 - 12x40xA,NRRBR0000100,NRRBR0000100,NORMAL,NORMAL,0,0,70,70,70,mm,mm,Round Bar EN9 60 MM,,,,,I,B0004488,B0004488,68 mm,34567,1
NORMAL_ALTERNATE_FLAG_MISMATCH,9397,NAINR0000849,Inner Ring of NSD 185-28 - 185 x 320 x 103,NRRBR0000140,NRRBR0000140,NORMAL,ALTERNATE,0,1,142,142,142,mm,mm,Round Bar EN19 180 MM,Round Bar EN19 180 MM,,PART,,I,B0005044,B0005044,140 mm,36338,1
NORMAL_ALTERNATE_FLAG_MISMATCH,21561,NAINR0000872,Inner Ring of NS50 -12 A - 50 X 112 -C,NRRBR0000105,NRRBR0000105,NORMAL,ALTERNATE,0,1,68,68,68,mm,mm,Round Bar EN9 70 MM,Round Bar EN9 70 MM,Round Bar EN9 70 MM,PART,CUTTING SIZE - 33 MM,I,B0005261,,66 mm,36323,1
RAW_MATERIAL_ITEM_MISSING,2801,NAINR0000873,Inner Ring of N7035 ID 28 x OD 55 - C,NRRBR0000100,NRRBR0000100,NORMAL,NORMAL,0,0,110,110,110,mm,mm,Round Bar EN9 60 MM,,,,,I,B0005268,,108 mm,33453,1
RAW_MATERIAL_ITEM_MISSING,9997,NAINR0000876,Inner Ring of NS40 -12 A - 40 X 96 - C,NRRBR0000100,NRRBR0000100,NORMAL,NORMAL,0,0,66,66,66,mm,mm,Round Bar EN9 60 MM,,,,,I,B0005360,B0005360,64 mm,24948,1
RAW_MATERIAL_ITEM_MISSING,9999,NAINR0000877,Inner Ring of NS40 -12 BC - 40 X 96 - C,NRRBR0000100,NRRBR0000100,NORMAL,NORMAL,0,0,73,73,73,mm,mm,Round Bar EN9 60 MM,,,,,I,B0005363,,71 mm,36402,1
UOM_MISMATCH,622,NAINR0000894,Inner Ring of N7035 ID 20 x OD 38- C,NRRBR0000112,NRRBR0000112,NORMAL,NORMAL,0,0,253,253,253,mm,Kg.,Round Bar EN9 45 MM,Round Bar EN9 45 MM,,PART,CUTTING SIZE - 55mm,I,B0005731,B0005731,,22563,1
UOM_MISMATCH,10803,NAINR0000898,Inner Ring of N7032.sp1 - 25 x 55 x 28,NRRBR0000102,NRRBR0000102,NORMAL,NORMAL,0,0,34,34,34,mm,Kg.,RoundBar EN9 65 MM,RoundBar EN9 65 MM,RoundBar EN9 65 MM,PART,CUTTING SIZE - 23 MM,I,B0005786,B0005786,,25181,1
UOM_MISMATCH,11611,NAINR0000921,Inner Ring of N7012.s - 30 x 55 x 40,NRRBR0000112,NRRBR0000112,NORMAL,NORMAL,0,0,51,51,51,mm,Kg.,Round Bar EN9 45 MM,Round Bar EN9 45 MM,,PART,CUTTING SIZE - 55mm,I,B0006133,B0006133,,25298,1
UOM_MISMATCH,12991,NAINR0000958,Inner Ring of N500 ID (55-60) x OD 100,NRRBR0000124,NRRBR0000124,NORMAL,NORMAL,0,0,94,94,94,mm,Kg.,Round Bar EN19 85 MM,Round Bar EN19 85 MM,,PART,,I,B0006738,B0006738,,35164,1
RAW_MATERIAL_ITEM_MISSING,13264,NAINR0000961,Inner Ring of NSOL 500 - 25x108x94,NRRBR0000100,NRRBR0000100,NORMAL,NORMAL,0,0,49,49,49,mm,mm,Round Bar EN9 60 MM,,,,,I,B0006893,B0006893,47 mm,39976,1
UOM_MISMATCH,13602,NAINR0000969,Inner Ring of N1600 - 25 x 36 x 34,NRRBR0000112,NRRBR0000112,NORMAL,NORMAL,0,0,40,40,40,mm,Kg.,Round Bar EN9 45 MM,Round Bar EN9 45 MM,,PART,CUTTING SIZE - 55mm,I,,,,25662,1
NORMAL_ALTERNATE_FLAG_MISMATCH,14120,NAINR0000984,Inner Ring of N8006 ID 250 x OD 280,NRRBR0000132,NRRBR0000132,NORMAL,ALTERNATE,0,1,120,120,120,mm,mm,Round Bar EN9 140 MM,Round Bar EN9 140 MM,,PART,CUTTING SIZE - 23mm,I,B0007200,B0007200,118 mm,35314,1
UOM_MISMATCH,14118,NAINR0000984,Inner Ring of N8006 ID 250 x OD 280,NRRBR0000598,NRRBR0000598 / NRRBR0000132,NORMAL,NORMAL,0,0,110/120,110,110,mm,Kg.,Round Bar  EN9 150 MM / Round Bar EN9 140 MM,Round Bar  EN9 150 MM,,PART,CUTTING SIZE - 28mm,I,B0007200,,,25766,1
NORMAL_ALTERNATE_FLAG_MISMATCH | UOM_MISMATCH,14137,NAINR0000985,Inner Ring of N2506 - 16 x 25 x 26,NRRBR0000116,NRRBR0000116 / NRRBR0000119,ALTERNATE,NORMAL,1,0,31/28,31,31,mm,Kg.,Round Bar EN9 56 MM / Round Bar EN9 50 MM,Round Bar EN9 56 MM,,PART,CUTTING SIZE - 55mm,I,B0007212,,,35323,1
NORMAL_ALTERNATE_FLAG_MISMATCH,14137,NAINR0000985,Inner Ring of N2506 - 16 x 25 x 26,NRRBR0000119,NRRBR0000116 / NRRBR0000119,NORMAL,ALTERNATE,0,1,31/28,28,28,mm,mm,Round Bar EN9 56 MM / Round Bar EN9 50 MM,Round Bar EN9 50 MM,,PART,CUTTING SIZE - 24mm,I,B0007212,B0007212,26 mm,25777,1
RAW_MATERIAL_ITEM_MISSING,14226,NAINR0000990,Inner Ring of N7032 - 19 x 47 x 28,NRRBR0000100,NRRBR0000100,NORMAL,NORMAL,0,0,34,34,34,mm,mm,Round Bar EN9 60 MM,,,,,I,B0007243,B0007243,32 mm,25812,1
UOM_MISMATCH,14333,NAINR0000992,Inner Ring of N7037 - 28 x 50 x 18,NRRBR0000116,NRRBR0000116,NORMAL,NORMAL,0,0,25,25,25,mm,Kg.,Round Bar EN9 56 MM,Round Bar EN9 56 MM,,PART,CUTTING SIZE - 55mm,I,B0007413,B0007413,,25836,1
UOM_MISMATCH,15504,NAINR0001007,Inner Ring of N2506 - 19 x 25 x 26,NRRBR0000116,NRRBR0000116,NORMAL,NORMAL,0,0,31,31,31,mm,Kg.,Round Bar EN9 56 MM,Round Bar EN9 56 MM,,PART,CUTTING SIZE - 55mm,I,B0007794,B0007794,,26064,1
UOM_MISMATCH,16556,NAINR0001019,Inner Ring of NS 60 -12 A - 60 x 120,NRRBR0000124,NRRBR0000124,NORMAL,NORMAL,0,0,46,46,46,mm,Kg.,Round Bar EN19 85 MM,Round Bar EN19 85 MM,,PART,,I,B0008184,B0008184,,36694,1
UOM_MISMATCH,17061,NAINR0001028,Inner Ring of N280 - 50 x 73 x 90.5,NRRBR0000124,NRRBR0000124,NORMAL,NORMAL,0,0,103,103,103,mm,Kg.,Round Bar EN19 85 MM,Round Bar EN19 85 MM,,PART,,I,B0008422,B0008422,,26304,1
UOM_MISMATCH,16959,NAINR0001030,Inner Ring of  N250.sp1 - 13.5 x 24 x 36,NRRBR0000102,NRRBR0000102,NORMAL,NORMAL,0,0,42,42,42,mm,Kg.,RoundBar EN9 65 MM,RoundBar EN9 65 MM,RoundBar EN9 65 MM,PART,CUTTING SIZE - 23 MM,I,B0008455,B0008455,,26264,1
UOM_MISMATCH,18197,NAINR0001041,Inner Ring of N2506 - ID 30 x OD 36,NRRBR0000102,NRRBR0000102,NORMAL,NORMAL,0,0,31,31,31,mm,Kg.,RoundBar EN9 65 MM,RoundBar EN9 65 MM,RoundBar EN9 65 MM,PART,CUTTING SIZE - 23 MM,I,B0008805,B0008805,,35706,1
UOM_MISMATCH,18624,NAINR0001058,Inner Ring of N2506 - 25 x 36 x 26,NRRBR0000102,NRRBR0000102,NORMAL,NORMAL,0,0,31,31,31,mm,Kg.,RoundBar EN9 65 MM,RoundBar EN9 65 MM,RoundBar EN9 65 MM,PART,CUTTING SIZE - 23 MM,I,B0009014,B0009014,,26606,1
UOM_MISMATCH,18802,NAINR0001064,Inner Ring of N7030.sp1 - 29 x 55 x 41,NRRBR0000102,NRRBR0000102,NORMAL,NORMAL,0,0,45/46,45,45,mm,Kg.,RoundBar EN9 65 MM,RoundBar EN9 65 MM,RoundBar EN9 65 MM,PART,CUTTING SIZE - 23 MM,I,B0009108,B0009108,,26624,1
RAW_MATERIAL_ITEM_MISSING,19118,NAINR0001071,Inner Ring of N2506.sp1 - ID 25 x OD 30,NRRBR0000100,NRRBR0000100,NORMAL,NORMAL,0,0,32,32,32,mm,mm,Round Bar EN9 60 MM,,,,,I,B0009252,B0009252,30 mm,35838,1
UOM_MISMATCH,20163,NAINR0001081,Inner Ring of N2506.sp1 - 22 x 27 x 25,NRRBR0000116,NRRBR0000116,NORMAL,NORMAL,0,0,32,32,32,mm,Kg.,Round Bar EN9 56 MM,Round Bar EN9 56 MM,,PART,CUTTING SIZE - 55mm,I,B0009669,B0009669,,26770,1
UOM_MISMATCH,20168,NAINR0001082,Inner Ring of N2506.sp1 - ID 28 x OD 34,NRRBR0000102,NRRBR0000102,NORMAL,NORMAL,0,0,33,33,33,mm,Kg.,RoundBar EN9 65 MM,RoundBar EN9 65 MM,RoundBar EN9 65 MM,PART,CUTTING SIZE - 23 MM,I,B0009671,B0009671,,35918,1
NORMAL_ALTERNATE_FLAG_MISMATCH,20241,NAINR0001086,Outer Ring of N7032.sp1 (W/O Slit) - 127 x 180 x 54,NRRBR0000109,NRRBR0000118 / NRRBR0000109,NORMAL,ALTERNATE,0,1,83/77,77,77,mm,mm,Round Bar EN9 120 MM / Round Bar EN9 125 MM,Round Bar EN9 125 MM,,PART,,I,B0009698,B0009698,75 mm,39980,1
NORMAL_ALTERNATE_FLAG_MISMATCH,20241,NAINR0001086,Outer Ring of N7032.sp1 (W/O Slit) - 127 x 180 x 54,NRRBR0000118,NRRBR0000118 / NRRBR0000109,ALTERNATE,NORMAL,1,0,83/77,83,83,mm,mm,Round Bar EN9 120 MM / Round Bar EN9 125 MM,Round Bar EN9 120 MM,,PART,,I,B0009698,,81 mm,35933,1
NORMAL_ALTERNATE_FLAG_MISMATCH,584,NAINR0001110,Inner Ring-2 of NIS 130 - 130 x 180 x 204,NRRBR0000009,NRRBR0000173 / NRRBR0000009,NORMAL,ALTERNATE,0,1,82/77,77,77,mm,mm,Round Bar EN19 120 MM / Round Bar EN19 125 MM,Round Bar EN19 125 MM,,PART,,I,B0010060,B0010060,75 mm,39982,1
NORMAL_ALTERNATE_FLAG_MISMATCH,584,NAINR0001110,Inner Ring-2 of NIS 130 - 130 x 180 x 204,NRRBR0000173,NRRBR0000173 / NRRBR0000009,ALTERNATE,NORMAL,1,0,82/77,82,82,mm,mm,Round Bar EN19 120 MM / Round Bar EN19 125 MM,Round Bar EN19 120 MM,,PART,,I,B0010060,,80 mm,28908,1
RAW_MATERIAL_ITEM_MISSING,22011,NAINR0001135,Inner Ring of N1600 - 38 x 48 x 42,NRRBR0000100,NRRBR0000100,NORMAL,NORMAL,0,0,47,47,47,mm,mm,Round Bar EN9 60 MM,,,,,I,B0010701,B0010701,45 mm,40021,1
UOM_MISMATCH,22318,NAINR0001148,Inner Ring-1 of NIS 4 - 50 x 80 x 56,NRRBR0000124,NRRBR0000124,NORMAL,NORMAL,0,0,33,33,33,mm,Kg.,Round Bar EN19 85 MM,Round Bar EN19 85 MM,,PART,,I,B0010472,B0010472,,40003,1
NORMAL_ALTERNATE_FLAG_MISMATCH | UOM_MISMATCH,22319,NAINR0001149,Inner Ring-2 of NIS 4 - 50 x 80 x 56,NRRBR0000124,NRRBR0000124,NORMAL,ALTERNATE,0,1,33,33,33,mm,Kg.,Round Bar EN19 85 MM,Round Bar EN19 85 MM,,PART,,I,B0010473,B0010473,,40004,1
UOM_MISMATCH,29352,NAINR0001149,Inner Ring-2 of NIS 4 - 50 x 80 x 56,NRRBR0000124,NRRBR0000005 / NRRBR0000124,ALTERNATE,ALTERNATE,1,1,32/33,33,33,mm,Kg.,Round Bar EN19 90 MM / Round Bar EN19 85 MM,Round Bar EN19 85 MM,,PART,,I,B0010473,B0010473,,40004,1
UOM_MISMATCH,23027,NAINR0001172,Inner Ring of N7043.sp1 - 25 x 43 x 26.1,NRRBR0000116,NRRBR0000116,NORMAL,NORMAL,0,0,31,31,31,mm,Kg.,Round Bar EN9 56 MM,Round Bar EN9 56 MM,,PART,CUTTING SIZE - 55mm,I,B0010806,B0010806,,40025,1
UOM_MISMATCH,23265,NAINR0001184,Inner Ring of NS 40-22 C - 40 x 80 x 24.5,NRRBR0000124,NRRBR0000124,NORMAL,NORMAL,0,0,31,31,31,mm,Kg.,Round Bar EN19 85 MM,Round Bar EN19 85 MM,,PART,,I,B0012658,B0012658,,40114,1
EXTRA_DB_RAW_MATERIAL_LINK,,NAINR0001202,Inner Ring of NSD 220-28D - 220 x 370 x 121,NRFRG0000552,,,NORMAL,,0,,,1,,Nos.,,Forged ring EN19 329X216X99,,PART,,I,,,,40048,1
UOM_MISMATCH,23900,NAINR0001204,Inner Ring of N7030 - 19 x 47 x 41,NRRBR0000116,NRRBR0000116,NORMAL,NORMAL,0,0,46,46,46,mm,Kg.,Round Bar EN9 56 MM,Round Bar EN9 56 MM,,PART,CUTTING SIZE - 55mm,I,B0011219,B0011219,,40053,1
UOM_MISMATCH,24346,NAINR0001213,Inner Ring of N280 OE - 25 x 38 x 34,NRRBR0000112,NRRBR0000112,NORMAL,NORMAL,0,0,48,48,48,mm,Kg.,Round Bar EN9 45 MM,Round Bar EN9 45 MM,,PART,CUTTING SIZE - 55mm,I,B0011399,B0011399,,40061,1
UOM_MISMATCH,21052,NAINR0001224,Inner Ring of N7030 (W/O Slit) - 28 x 55 x 41,NRRBR0000102,NRRBR0000102,NORMAL,NORMAL,0,0,46,46,46,mm,Kg.,RoundBar EN9 65 MM,RoundBar EN9 65 MM,RoundBar EN9 65 MM,PART,CUTTING SIZE - 23 MM,I,B0011613,B0011613,,40070,1
NORMAL_ALTERNATE_FLAG_MISMATCH,25139,NAINR0001229,Inner Ring of N6107 - 140 x 205 x 109,NRRBR0000110,NRRBR0000110,NORMAL,ALTERNATE,0,1,156,156,156,mm,mm,Round Bar EN9 150 MM,Round Bar EN9 150 MM,,PART,,I,B0011772,B0011772,154 mm,28752,1
RAW_MATERIAL_ITEM_MISSING,25440,NAINR0001236,Inner Ring of N7030 (W/O Slit) - 24 x 50 x 41,NRRBR0000100,NRRBR0000100,NORMAL,NORMAL,0,0,46,46,46,mm,mm,Round Bar EN9 60 MM,,,,,I,B0011881,B0011881,44 mm,40078,1
UOM_MISMATCH,25502,NAINR0001240,Inner Ring of N280 OE.sp1 - 38 x 58 x 50,NRRBR0000102,NRRBR0000102,NORMAL,NORMAL,0,0,64,64,64,mm,Kg.,RoundBar EN9 65 MM,RoundBar EN9 65 MM,RoundBar EN9 65 MM,PART,CUTTING SIZE - 23 MM,I,B0011941,B0011941,,27516,1
RAW_MATERIAL_ITEM_MISSING,26834,NAINR0001258,Inner Ring of N250.sp1 - 20 x 28 x 38,NRRBR0000100,NRRBR0000100,NORMAL,NORMAL,0,0,45,45,45,mm,mm,Round Bar EN9 60 MM,,,,,I,B0012448,B0012448,43 mm,27645,1
UOM_MISMATCH,26866,NAINR0001260,Inner Ring of N7013.0.sp1 - 27 x 55 x 31,NRRBR0000102,NRRBR0000102,NORMAL,NORMAL,0,0,37,37,37,mm,Kg.,RoundBar EN9 65 MM,RoundBar EN9 65 MM,RoundBar EN9 65 MM,PART,CUTTING SIZE - 23 MM,I,B0012486,B0012486,,40104,1
UOM_MISMATCH,28397,NAINR0001298,Inner Ring of N250.sp2 - 22 x 30 x 38,NRRBR0000102,NRRBR0000102,NORMAL,NORMAL,0,0,43,43,43,mm,Kg.,RoundBar EN9 65 MM,RoundBar EN9 65 MM,RoundBar EN9 65 MM,PART,CUTTING SIZE - 23 MM,I,B0013056,B0013056,,27910,1
RAW_MATERIAL_ITEM_MISSING,32718,NAINR0001367,Inner Ring of N280 - 32 x 51 x 57,NRRBR0000100,NRRBR0000100,NORMAL,NORMAL,0,0,71,71,71,mm,mm,Round Bar EN9 60 MM,,,,,I,B0014719,B0014719,69 mm,40207,1
UOM_MISMATCH,34084,NAINR0001418,Inner Ring of N7033 - 19 x 47 x 28,NRRBR0000102,NRRBR0000102,NORMAL,NORMAL,0,0,33,33,33,mm,Kg.,RoundBar EN9 65 MM,RoundBar EN9 65 MM,RoundBar EN9 65 MM,PART,CUTTING SIZE - 23 MM,I,B0015571,B0015571,,40270,1
RAW_MATERIAL_ITEM_MISSING,34758,NAINR0001429,"Inner Ring of N7032.in - 1"" x 1.969"" x 1.102""",NRRBR0000100,NRRBR0000100,NORMAL,NORMAL,0,0,33,33,33,mm,mm,Round Bar EN9 60 MM,,,,,I,B0015543,B0015543,31 mm,40265,1
RAW_MATERIAL_ITEM_MISSING,34760,NAINR0001431,Inner Ring of N2506 - 24 x 30 x 26,NRRBR0000100,NRRBR0000100,NORMAL,NORMAL,0,0,30,30,30,mm,mm,Round Bar EN9 60 MM,,,,,I,B0015544,B0015544,28 mm,40266,1
QUANTITY_MISMATCH,962,NAIRC0000052,Inner Race of NHB 70 - 70 x 190 x 60,NRRBR0000175,NRRBR0000175,NORMAL,NORMAL,0,0,68/65,65,68,mm,mm,Round Bar 20mncr5 110 MM,Round Bar 20mncr5 110 MM,,PART,,I,B0000565,B0000565,66 mm,16314,1
QUANTITY_MISMATCH,976,NAIRC0000072,Inner Race of NHB 100 - 80 x 270 x 90,NRRBR0000168,NRRBR0000168,NORMAL,NORMAL,0,0,98/96,96,98,mm,mm,Round Bar 20mncr5 180 MM,Round Bar 20mncr5 180 MM,,PART,,I,B0000591,B0000591,96 mm,16325,1
UOM_MISMATCH,3640,NAIRC0000087,Inner Race of NHB 140 - 95 x 310 x 80,NRRBR0000080,NRRBR0000169 / NRRBR0000080,ALTERNATE,ALTERNATE,1,1,88,,88,mm,Kg.,Round Bar 20mncr5 210 MM,Round Bar EN353 210 MM,,PART,,I,B0000616,,,38861,1
UOM_MISMATCH,6575,NAIRC0000089,Inner Race of NHB 140 - 110 x 310 x 80,NRRBR0000080,NRRBR0000080,NORMAL,NORMAL,0,0,88,88,88,mm,Kg.,Round Bar EN353 210 MM,Round Bar EN353 210 MM,,PART,,I,B0000620,B0000620,,38862,1
UOM_MISMATCH,12024,NAIRC0000090,Inner Race of NHB 140 - 120 x 310 x 80,NRRBR0000080,NRRBR0000080,NORMAL,NORMAL,0,0,88,88,88,mm,Kg.,Round Bar EN353 210 MM,Round Bar EN353 210 MM,,PART,,I,B0000623,B0000623,,18429,1
UOM_MISMATCH,6134,NAIRC0000092,Inner Race of NHB 140 - 155 x 310 x 80,NRRBR0000080,NRRBR0000169 / NRRBR0000080,ALTERNATE,ALTERNATE,1,1,86/88,88,88,mm,Kg.,Round Bar 20mncr5 210 MM,Round Bar EN353 210 MM,,PART,,I,B0000627,,,38864,1
UOM_MISMATCH,10457,NAIRC0000094,Inner Race of NHB 155 - 90 x 322 x 90,NRRBR0000080,NRRBR0000080,NORMAL,NORMAL,0,0,98,98,98,mm,Kg.,Round Bar EN353 210 MM,Round Bar EN353 210 MM,,PART,,I,B0000630,B0000630,,18208,1
UOM_MISMATCH,5067,NAIRC0000096,Inner Race of NHB 155 - 100 x 322 x 90,NRRBR0000080,NRRBR0000080,NORMAL,NORMAL,0,0,98,98,98,mm,Kg.,Round Bar EN353 210 MM,Round Bar EN353 210 MM,,PART,,I,B0000605,B0000605,,38855,1
UOM_MISMATCH,16228,NAIRC0000097,Inner Race of NHB 110 x 200 x 90,NRRBR0000080,NRRBR0000080,NORMAL,NORMAL,0,0,98,98,98,mm,Kg.,Round Bar EN353 210 MM,Round Bar EN353 210 MM,,PART,,I,B0000607,B0000607,,38857,1
NORMAL_ALTERNATE_FLAG_MISMATCH,13372,NAIRC0000101,Inner Race of NHB 185 - 150 x 400 x 90,NRRBR0000075,NRRBR0000075,NORMAL,ALTERNATE,0,1,157,157,157,mm,mm,Round Bar EN353 180 MM,Round Bar EN353 180 MM,,PART,,I,B0000621,B0000621,155 mm,38863,1
NORMAL_ALTERNATE_FLAG_MISMATCH,1163,NAIRC0000106,Inner Race of NO.sp 45 - 35 x 130 x 36 x 40,NRRBR0000195,NRRBR0000195,NORMAL,ALTERNATE,0,1,44,44,44,mm,mm,Round Bar 20mncr5 75 MM,Round Bar 20mncr5 75 MM,,PART,,I,B0000768,B0000768,42 mm,809,1
NORMAL_ALTERNATE_FLAG_MISMATCH,32690,NAIRC0000111,Inner Race of NSO 700 - 75 x 180 x 127,NRRBR0000174,NRRBR0000174,NORMAL,ALTERNATE,0,1,134,134,134,mm,mm,Round Bar 20mncr5 120 MM,Round Bar 20mncr5 120 MM,,PART,,I,B0000779,B0000779,132 mm,14573,1
NORMAL_ALTERNATE_FLAG_MISMATCH,5235,NAIRC0000119,Inner Race of NRT 25 - 22 x 95 x 55,NRRBR0000074,NRRBR0000074,NORMAL,ALTERNATE,0,1,62,62,62,mm,mm,Round Bar EN353 60 MM,Round Bar EN353 60 MM,,PART,,I,B0000807,B0000807,60 mm,38256,1
NORMAL_ALTERNATE_FLAG_MISMATCH,1523,NAIRC0000133,Inner Race of NAS 70 - 65 x 155 x 54,NRRBR0000055,NRRBR0000055,NORMAL,ALTERNATE,0,1,62,62,62,mm,mm,Round Bar EN353 110 MM,Round Bar EN353 110 MM,,PART,,I,B0000934,B0000934,60 mm,1098,1
MAKE_BUY_MISMATCH,2328,NAIRC0000140,Inner Race of NAS.s 70 - 70 x 190 x 70,NRRBR0000174,NRRBR0000166 / NRRBR0000174,ALTERNATE,ALTERNATE,1,1,76/77,77,77,mm,mm,Round Bar 20mncr5 125 MM / Round Bar 20mncr5 120 MM,Round Bar 20mncr5 120 MM,,PART,,A,B0000956,B0000956,75 mm,4805,1
NORMAL_ALTERNATE_FLAG_MISMATCH,7964,NAIRC0000197,Inner Race of NFS.s 25 - 25 x 105 x 46,NRRBR0000066,NRRBR0000066,NORMAL,ALTERNATE,0,1,42,42,42,mm,mm,Round Bar EN353 56 MM,Round Bar EN353 56 MM,,PART,,I,B0002375,B0002375,40 mm,2806,1
NORMAL_ALTERNATE_FLAG_MISMATCH,4012,NAIRC0000208,Inner Race of NR 35 - 35 x 110 x 74,NRRBR0000065,NRRBR0000065,NORMAL,ALTERNATE,0,1,82,82,82,mm,mm,Round Bar EN353 80 MM,Round Bar EN353 80 MM,,PART,,I,B0002554,B0002554,80 mm,9193,1
NORMAL_ALTERNATE_FLAG_MISMATCH,4536,NAIRC0000227,Inner Race of NBS 75.sp1 / I - 50 x 170 x 90,NRRBR0000175,NRRBR0000175,NORMAL,ALTERNATE,0,1,97,97,97,mm,mm,Round Bar 20mncr5 110 MM,Round Bar 20mncr5 110 MM,,PART,,I,B0002759,B0002759,95 mm,38922,1
NORMAL_ALTERNATE_FLAG_MISMATCH,6966,NAIRC0000259,Inner Race of NFS 25 (NLD) - 25 x 62 x 24,NRRBR0000066,NRRBR0000066,NORMAL,ALTERNATE,0,1,31,31,31,mm,mm,Round Bar EN353 56 MM,Round Bar EN353 56 MM,,PART,,I,B0003135,B0003135,29 mm,2383,1
EXTRA_DB_RAW_MATERIAL_LINK,,NAIRC0000417,Inner Race of NHB 185H2 - 160 x 420 x 120 x 125,NRFRG0000181,,,NORMAL,,0,,,1,,Nos.,,Forged ring EN353 244x156x124,,PART,,I,,,,39056,1
UOM_MISMATCH,16247,NAIRC0000598,Inner Race of NDC 3809 A - 38.092 x 54.752 x 16,NRRBR0000116,NRRBR0000116,NORMAL,NORMAL,0,0,69,69,69,mm,Kg.,Round Bar EN9 56 MM,Round Bar EN9 56 MM,,PART,CUTTING SIZE - 55mm,I,B0006360,B0006360,,32264,1
RAW_MATERIAL_ITEM_MISSING,16762,NAIRC0000608,Inner Race of NDC  4127 N - C,NRRBR0000100,NRRBR0000100,NORMAL,NORMAL,0,0,61,61,61,mm,mm,Round Bar EN9 60 MM,,,,,I,B0006333,B0006333,59 mm,6342,1
UOM_MISMATCH,16767,NAIRC0000609,Inner Race of NDC  4972 N - C,NRRBR0000102,NRRBR0000102,NORMAL,NORMAL,0,0,61,61,61,mm,Kg.,RoundBar EN9 65 MM,RoundBar EN9 65 MM,RoundBar EN9 65 MM,PART,CUTTING SIZE - 23 MM,I,B0006338,B0006338,,32233,1
NORMAL_ALTERNATE_FLAG_MISMATCH,12171,NAIRC0000623,Inner Race of NSO 800 - 95 x 254 x 152,NRRBR0000217,NRRBR0000217,NORMAL,ALTERNATE,0,1,160,160,160,mm,mm,Round Bar 20mncr5 170 MM,Round Bar 20mncr5 170 MM,,PART,,I,B0006465,B0006465,158 mm,4337,1
MAKE_BUY_MISMATCH,15422,NAIRC0001039,Inner Race of NR 40 - 40 x 125 x 86,NRRBR0000280,NRRBR0000176 / NRRBR0000280,ALTERNATE,ALTERNATE,1,1,92/93,93,93,mm,mm,Round Bar 20mncr5 90 MM / Round Bar 20mncr5 85 mm,Round Bar 20mncr5 85 mm,,ASSEMBLY,,A,B0007900,B0007900,91 mm,7337,1
RAW_MATERIAL_ITEM_MISSING,15903,NAIRC0001053,Eye Bolt Bush NRHD 1200 (S435) - d x 560 x 315,NRRBR0000100,NRRBR0000100,NORMAL,NORMAL,0,0,88,88,88,mm,mm,Round Bar EN9 60 MM,,,,,I,B0007969,B0007969,86 mm,7821,1
QUANTITY_MISMATCH,17796,NAIRC0001136,Inner Race of NR 80 - 80 x 210 x 144,NRRBR0000189,NRRBR0000189,NORMAL,NORMAL,0,0,152/150,150,152,mm,mm,Round Bar 20mncr5 150 MM,Round Bar 20mncr5 150 MM,,PART,CUTTING SIZE - 146mm,I,B0008680,B0008680,150 mm,6886,1
RAW_MATERIAL_ITEM_MISSING,6530,NAIRC0001164,Inner Race of NDC 4445 B - 44.45 x 61.11 x 21,NRRBR0000100,NRRBR0000100,NORMAL,NORMAL,0,0,60,60,60,mm,mm,Round Bar EN9 60 MM,,,,,I,B0008809,B0008809,58 mm,5493,1
NORMAL_ALTERNATE_FLAG_MISMATCH,19652,NAIRC0001224,Inner Race of NHBU 60 - 60 x 170 x 120,NRRBR0000179,NRRBR0000179,NORMAL,ALTERNATE,0,1,121,121,121,mm,mm,Round Bar 20mncr5 100 MM,Round Bar 20mncr5 100 MM,,PART,CUTTING SIZE - 38mm,I,B0009451,B0009451,119 mm,11315,1
NORMAL_ALTERNATE_FLAG_MISMATCH,24681,NAIRC0001224,Inner Race of NHBU 60 - 60 x 170 x 120,NRRBR0000180,NRRBR0000180 / NRRBR0000179,ALTERNATE,NORMAL,1,0,126/121,126,126,mm,mm,Round Bar 20mncr5 95 MM / Round Bar 20mncr5 100 MM,Round Bar 20mncr5 95 MM,,PART,,I,B0009451,,124 mm,10473,1
NORMAL_ALTERNATE_FLAG_MISMATCH,19732,NAIRC0001228,Inner Race of NR 90 - 90 x 230 x 158,NRRBR0000216,NRRBR0000216,NORMAL,ALTERNATE,0,1,165,165,165,mm,mm,Round Bar 20mncr5 160 MM,Round Bar 20mncr5 160 MM,,PART,,I,B0009472,B0009472,163 mm,39429,1
NORMAL_ALTERNATE_FLAG_MISMATCH,20372,NAIRC0001257,Inner Race of NZ 35.sp2.31 - 35 x 100 x 50,NRRBR0000196,NRRBR0000196,NORMAL,ALTERNATE,0,1,57,57,57,mm,mm,Round Bar 20mncr5 70 MM,Round Bar 20mncr5 70 MM,,PART,CUTTING SIZE - 123mm,I,B0009738,B0009738,55 mm,39450,1
QUANTITY_MISMATCH,4133,NAIRC0001268,Inner Race of NR 70 - 70 x 190 x 134,NRRBR0000167,NRRBR0000167,NORMAL,NORMAL,0,0,141/140,140,141,mm,mm,Round Bar 20mncr5 130 MM,Round Bar 20mncr5 130 MM,,PART,,I,B0009798,B0009798,139 mm,1646,1
RAW_MATERIAL_ITEM_MISSING,21801,NAIRC0001345,Eye Bolt Bush NRHD 1300 - d x 620 x 305,NRRBR0000100,NRRBR0000100,NORMAL,NORMAL,0,0,88,88,88,mm,mm,Round Bar EN9 60 MM,,,,,I,B0011371,B0011371,86 mm,14175,1
RAW_MATERIAL_ITEM_MISSING,22145,NAIRC0001366,Eye Bolt Bush NRHD 1500 - d x 790 x 450,NRRBR0000100,NRRBR0000100,NORMAL,NORMAL,0,0,88,88,88,mm,mm,Round Bar EN9 60 MM,,,,,I,B0010558,B0010558,86 mm,15133,1
RAW_MATERIAL_ITEM_MISSING,17266,NAIRC0001374,Eye Bolt Bush NRSC 1400.sp1 - d x 790 x 230,NRRBR0000100,NRRBR0000100,NORMAL,NORMAL,0,0,88,88,88,mm,mm,Round Bar EN9 60 MM,,,,,I,B0011194,B0011194,86 mm,39593,1
RAW_MATERIAL_ITEM_MISSING,17773,NAIRC0001467,Cage of NSC 35D - 34.92 x 52.92 x 14.5,NRRBR0000100,NRRBR0000100,NORMAL,NORMAL,0,0,1,1,1,mm,mm,Round Bar EN9 60 MM,,,,,I,B0011243,B0011243,,10411,1
EXTRA_DB_RAW_MATERIAL_LINK,,NAIRC0001767,Inner Race of NR 150.sp2 C1C2 - 150 x 410 x 282,NRRBR0000571,,,NORMAL,,0,,,288,,mm,,Round Bar EN353 280 MM,,PART,,I,,,286 mm,39829,1
NORMAL_ALTERNATE_FLAG_MISMATCH,33913,NAIRC0001886,Inner Race of NHBU 40.sp1 E1E5 - 38.1 x 125 x 100,NRRBR0000061,NRRBR0000061,NORMAL,ALTERNATE,0,1,107,107,107,mm,mm,Round Bar EN353 95 MM,Round Bar EN353 95 MM,,PART,,I,B0015210,B0015210,105 mm,39904,1
QUANTITY_MISMATCH,33910,NAIRC0001888,Inner Race of NHBU 50.sp1 E1E5 - 38.1 x 150 x 112,NRRBR0000061,NRRBR0000061,NORMAL,NORMAL,0,0,107/118,107,118,mm,mm,Round Bar EN353 95 MM,Round Bar EN353 95 MM,,PART,,I,B0015211,B0015211,116 mm,15906,1
NORMAL_ALTERNATE_FLAG_MISMATCH,34488,NAIRC0001906,Inner Race of NVFB 650.sp1 - Ø184 x 107 TL (QD-J),NRRBR0000272,NRRBR0000272,NORMAL,ALTERNATE,0,1,81,81,81,mm,mm,Round Bar 20mncr5 56 mm,Round Bar 20mncr5 56 mm,,PART,,I,B0015622,B0015622,79 mm,39927,1
QUANTITY_MISMATCH,812,NAORC0000022,Outer Race of NHB 140 - d x 310 x 80,NRRBR0000219,NRRBR0000219,NORMAL,NORMAL,0,0,131/130,130,131,mm,mm,Round Bar 20mncr5 200 MM,Round Bar 20mncr5 200 MM,,PART,,I,B0000677,B0000677,129 mm,16280,1
NORMAL_ALTERNATE_FLAG_MISMATCH,5721,NAORC0000024,Outer Race of NHB 185 - d x 400 x 90,NRRBR0000170,NRRBR0000170,NORMAL,ALTERNATE,0,1,166,166,166,mm,mm,Round Bar 20mncr5 230 MM,Round Bar 20mncr5 230 MM,,PART,,I,B0002573,B0002573,164 mm,17316,1
QUANTITY_MISMATCH,1192,NAORC0000034,Outer Race of NSO 700 - d x 180 x 127,NRRBR0000189,NRRBR0000189,NORMAL,NORMAL,0,0,148/140,140,148,mm,mm,Round Bar 20mncr5 150 MM,Round Bar 20mncr5 150 MM,,PART,CUTTING SIZE - 146mm,I,B0000778,B0000778,146 mm,853,1
QUANTITY_MISMATCH,1288,NAORC0000040,Outer Race of NAB50 - d x 132 x 52,NRRBR0000165,NRRBR0000165,NORMAL,NORMAL,0,0,58/56,56,58,mm,mm,Round Bar 20mncr5 140 MM,Round Bar 20mncr5 140 MM,,PART,,I,B0000814,B0000814,56 mm,977,1
MAKE_BUY_MISMATCH,1318,NAORC0000042,Outer Race of  NAS 60.s - d x 170 x 65,NRRBR0000175,NRRBR0000166 / NRRBR0000175,ALTERNATE,ALTERNATE,1,1,106/124,124,124,mm,mm,Round Bar 20mncr5 125 MM / Round Bar 20mncr5 110 MM,Round Bar 20mncr5 110 MM,,PART,,A,B0000823,,122 mm,40527,1
UOM_MISMATCH,1532,NAORC0000053,Outer Race of NBS 110 - OD 270,NRRBR0000080,NRRBR0000080,NORMAL,NORMAL,0,0,155,155,155,mm,Kg.,Round Bar EN353 210 MM,Round Bar EN353 210 MM,,PART,,I,B0000939,B0000939,,1111,1
NORMAL_ALTERNATE_FLAG_MISMATCH,2329,NAORC0000057,Outer Race of NAS.s 70 - d x 190 x 70,NRRBR0000165,NRRBR0000165 / NRRBR0000189,ALTERNATE,NORMAL,1,0,112/95,112,112,mm,mm,Round Bar 20mncr5 140 MM / Round Bar 20mncr5 150 MM,Round Bar 20mncr5 140 MM,,PART,,I,B0000957,,110 mm,1255,1
NORMAL_ALTERNATE_FLAG_MISMATCH | MAKE_BUY_MISMATCH,2329,NAORC0000057,Outer Race of NAS.s 70 - d x 190 x 70,NRRBR0000189,NRRBR0000165 / NRRBR0000189,NORMAL,ALTERNATE,0,1,112/95,95,95,mm,mm,Round Bar 20mncr5 140 MM / Round Bar 20mncr5 150 MM,Round Bar 20mncr5 150 MM,,PART,CUTTING SIZE - 146mm,A,B0000957,B0000957,93 mm,3733,1
QUANTITY_MISMATCH,1617,NAORC0000061,Outer Race of NA 42 - d x 102 x 45,NRRBR0000175,NRRBR0000175,NORMAL,NORMAL,0,0,51/49,49,51,mm,mm,Round Bar 20mncr5 110 MM,Round Bar 20mncr5 110 MM,,PART,,I,B0000968,B0000968,49 mm,1203,1
NORMAL_ALTERNATE_FLAG_MISMATCH,5406,NAORC0000102,Outer Race of NAR.s 60 - d x 170 x 100,NRRBR0000174,NRRBR0000174,NORMAL,ALTERNATE,0,1,110,110,110,mm,mm,Round Bar 20mncr5 120 MM,Round Bar 20mncr5 120 MM,,PART,,I,B0002313,B0002313,108 mm,40545,1
QUANTITY_MISMATCH,3756,NAORC0000108,Outer Race of NAR.s 70 - d x 190 x 115,NRRBR0000165,NRRBR0000165,NORMAL,NORMAL,0,0,105/103,103,105,mm,mm,Round Bar 20mncr5 140 MM,Round Bar 20mncr5 140 MM,,PART,,I,B0002391,B0002391,103 mm,16789,1
NORMAL_ALTERNATE_FLAG_MISMATCH,23085,NAORC0000112,Outer Race of NAB 35 - d x 106 x 48,NRRBR0000175,NRRBR0000175,NORMAL,ALTERNATE,0,1,53,53,53,mm,mm,Round Bar 20mncr5 110 MM,Round Bar 20mncr5 110 MM,,PART,,I,B0002628,B0002628,51 mm,9690,1
NORMAL_ALTERNATE_FLAG_MISMATCH,4013,NAORC0000116,Outer Race of NR 35 - d x 110 x 74,NRRBR0000167,NRRBR0000167,NORMAL,ALTERNATE,0,1,51,51,51,mm,mm,Round Bar 20mncr5 130 MM,Round Bar 20mncr5 130 MM,,PART,,I,B0002555,B0002555,49 mm,12839,1
NORMAL_ALTERNATE_FLAG_MISMATCH,4041,NAORC0000117,Outer Race of NA65 - d x 137 x 60,NRRBR0000165,NRRBR0000165,NORMAL,ALTERNATE,0,1,66,66,66,mm,mm,Round Bar 20mncr5 140 MM,Round Bar 20mncr5 140 MM,,PART,,I,B0002567,B0002567,64 mm,1614,1
QUANTITY_MISMATCH,4338,NAORC0000125,Outer Race of NHB 100.sp1 - d x 270 x 90,NRRBR0000168,NRRBR0000168,NORMAL,NORMAL,0,0,129/146,129,146,mm,mm,Round Bar 20mncr5 180 MM,Round Bar 20mncr5 180 MM,,PART,,I,B0002685,B0002685,144 mm,18022,1
QUANTITY_MISMATCH,12594,NAORC0000127,Outer Race of NDF 63 - 63.5 x 111.15 x 44.70,NRRBR0000174,NRRBR0000174,NORMAL,NORMAL,0,0,56/51,51,56,mm,mm,Round Bar 20mncr5 120 MM,Round Bar 20mncr5 120 MM,,PART,,I,B0002691,B0002691,54 mm,11838,1
NORMAL_ALTERNATE_FLAG_MISMATCH,4537,NAORC0000131,Outer Race of NBS 75.sp1 / I - d x 170 x 90,NRRBR0000165,NRRBR0000165,NORMAL,ALTERNATE,0,1,112,112,112,mm,mm,Round Bar 20mncr5 140 MM,Round Bar 20mncr5 140 MM,,PART,,I,B0002760,B0002760,110 mm,40556,1
NORMAL_ALTERNATE_FLAG_MISMATCH,15579,NAORC0000139,Outer Race of NHB 70 (P012) - d x 190 x 60,NRRBR0000167,NRRBR0000167 / NRRBR0000174,ALTERNATE,NORMAL,1,0,98/95,98,98,mm,mm,Round Bar 20mncr5 130 MM / Round Bar 20mncr5 120 MM,Round Bar 20mncr5 130 MM,,PART,,I,B0002810,,96 mm,19069,1
NORMAL_ALTERNATE_FLAG_MISMATCH,15579,NAORC0000139,Outer Race of NHB 70 (P012) - d x 190 x 60,NRRBR0000174,NRRBR0000167 / NRRBR0000174,NORMAL,ALTERNATE,0,1,98/95,95,95,mm,mm,Round Bar 20mncr5 130 MM / Round Bar 20mncr5 120 MM,Round Bar 20mncr5 120 MM,,PART,,I,B0002810,,93 mm,40562,1
NORMAL_ALTERNATE_FLAG_MISMATCH,7466,NAORC0000229,Outer Race of NA35 - d x 88 x 35,NRRBR0000180,NRRBR0000180,NORMAL,ALTERNATE,0,1,42,42,42,mm,mm,Round Bar 20mncr5 95 MM,Round Bar 20mncr5 95 MM,,PART,,I,B0004223,B0004223,40 mm,2589,1
QUANTITY_MISMATCH,17029,NAORC0000308,Outer Race of NHB 155.s - d x 322 x 90,NRRBR0000169,NRRBR0000169,NORMAL,NORMAL,0,0,161/160,160,161,mm,mm,Round Bar 20mncr5 210 MM,Round Bar 20mncr5 210 MM,,PART,,I,B0004980,B0004980,159 mm,19283,1
QUANTITY_MISMATCH,4851,NAORC0000313,Outer Race of NO 40 - d x 110 x 30,NRRBR0000174,NRRBR0000174,NORMAL,NORMAL,0,0,36/33,33,36,mm,mm,Round Bar 20mncr5 120 MM,Round Bar 20mncr5 120 MM,,PART,,I,B0005178,B0005178,34 mm,1826,1
NORMAL_ALTERNATE_FLAG_MISMATCH,24191,NAORC0000315,Outer Race of NO 50 - d x 125 x 32,NRRBR0000167,NRRBR0000167,NORMAL,ALTERNATE,0,1,38,38,38,mm,mm,Round Bar 20mncr5 130 MM,Round Bar 20mncr5 130 MM,,PART,,I,B0005182,B0005182,36 mm,10166,1
UOM_MISMATCH,9669,NAORC0000322,Outer Ring of N7035 ID 19 x OD 35 - C,NRRBR0000112,NRRBR0000112,NORMAL,NORMAL,0,0,256,256,256,mm,Kg.,Round Bar EN9 45 MM,Round Bar EN9 45 MM,,PART,CUTTING SIZE - 55mm,I,B0005239,B0005239,,26346,1
UOM_MISMATCH,2802,NAORC0000323,Outer Ring of N7035 ID 28 x OD 55 - C,NRRBR0000102,NRRBR0000102,NORMAL,NORMAL,0,0,110,110,110,mm,Kg.,RoundBar EN9 65 MM,RoundBar EN9 65 MM,RoundBar EN9 65 MM,PART,CUTTING SIZE - 23 MM,I,B0005269,,,33456,1
NORMAL_ALTERNATE_FLAG_MISMATCH,1211,NAORC0000331,Outer Race of NAS 70 - d x 155 x 54,NRRBR0000175,NRRBR0000175,NORMAL,ALTERNATE,0,1,88,88,88,mm,mm,Round Bar 20mncr5 110 MM,Round Bar 20mncr5 110 MM,,PART,,I,B0005323,B0005323,86 mm,875,1
QUANTITY_MISMATCH,10663,NAORC0000514,Outer Race of NLS 01 60 170 - d x 170 x 115,NRRBR0000167,NRRBR0000167,NORMAL,NORMAL,0,0,122/118,118,122,mm,mm,Round Bar 20mncr5 130 MM,Round Bar 20mncr5 130 MM,,PART,,I,B0005699,B0005699,120 mm,3800,1
MISSING_DB_RAW_MATERIAL_LINK,11954,NAORC0000571,Outer Race of NDC  6334 B - S2,NRRBR0000116,NRRBR0000116,NORMAL,,0,,69,69,,mm,,Round Bar EN9 56 MM,Round Bar EN9 56 MM,,PART,CUTTING SIZE - 55mm,,B0006356,,,,0
UOM_MISMATCH,11956,NAORC0000572,Outer Race of NDC 3809 A - 38.092 x 54.752 x 16,NRRBR0000102,NRRBR0000102,NORMAL,NORMAL,0,0,69,69,69,mm,Kg.,RoundBar EN9 65 MM,RoundBar EN9 65 MM,RoundBar EN9 65 MM,PART,CUTTING SIZE - 23 MM,I,,B0006361,,32268,1
UOM_MISMATCH,11955,NAORC0000586,Outer Race of NDC  3809 A  - C,NRRBR0000102,NRRBR0000102,NORMAL,NORMAL,0,0,67,67,67,mm,Kg.,RoundBar EN9 65 MM,RoundBar EN9 65 MM,RoundBar EN9 65 MM,PART,CUTTING SIZE - 23 MM,I,B0006359,B0006359,,32270,1
RAW_MATERIAL_ITEM_MISSING,11957,NAORC0000587,Outer Race of NDC  3034 N  - C,NRRBR0000100,NRRBR0000100,NORMAL,NORMAL,0,0,61,61,61,mm,mm,Round Bar EN9 60 MM,,,,,I,B0006364,B0006364,59 mm,32278,1
NORMAL_ALTERNATE_FLAG_MISMATCH,14768,NAORC0000623,Outer Race of NHBU 80 E8E8 - d x 210 x 144 x 151,NRRBR0000189,NRRBR0000189,NORMAL,ALTERNATE,0,1,159,159,159,mm,mm,Round Bar 20mncr5 150 MM,Round Bar 20mncr5 150 MM,,PART,CUTTING SIZE - 146mm,I,B0006791,B0006791,157 mm,40777,1
RAW_MATERIAL_ITEM_MISSING,13344,NAORC0000629,Outer Race of NDC 3175 A - 31.75 x 48.41 x 16,NRRBR0000100,NRRBR0000100,NORMAL,NORMAL,0,0,94,94,94,mm,mm,Round Bar EN9 60 MM,,,,,I,B0006868,B0006868,92 mm,11383,1
RAW_MATERIAL_ITEM_MISSING,16760,NAORC0000661,Outer Race of NDC 3492 A - 34.92 x 51.58 x 16,NRRBR0000100,NRRBR0000100,NORMAL,NORMAL,0,0,44,44,44,mm,mm,Round Bar EN9 60 MM,,,,,I,B0007298,B0007298,42 mm,12451,1
NORMAL_ALTERNATE_FLAG_MISMATCH,8425,NAORC0000728,Outer Race of NR 25 C1C1.sp1 - d x 95 x 60,NRRBR0000179,NRRBR0000179,NORMAL,ALTERNATE,0,1,43,43,43,mm,mm,Round Bar 20mncr5 100 MM,Round Bar 20mncr5 100 MM,,PART,CUTTING SIZE - 38mm,I,B0007891,B0007891,41 mm,40841,1
NORMAL_ALTERNATE_FLAG_MISMATCH,20365,NAORC0000739,Outer Race of NZ 35.sp2.11 - 35 X 100 X 50,NRRBR0000175,NRRBR0000175,NORMAL,ALTERNATE,0,1,56,56,56,mm,mm,Round Bar 20mncr5 110 MM,Round Bar 20mncr5 110 MM,,PART,,I,B0007935,B0007935,54 mm,40845,1
QUANTITY_MISMATCH,17797,NAORC0001055,Outer Race of NR 80 - d x 210 x 144,NRRBR0000216,NRRBR0000216,NORMAL,NORMAL,0,0,138/137,137,138,mm,mm,Round Bar 20mncr5 160 MM,Round Bar 20mncr5 160 MM,,PART,,I,B0008681,B0008681,136 mm,6887,1
QUANTITY_MISMATCH,19653,NAORC0001137,Outer Race of NHBU 60 - d x 170 x 120,NRRBR0000167,NRRBR0000167,NORMAL,NORMAL,0,0,126/130,126,130,mm,mm,Round Bar 20mncr5 130 MM,Round Bar 20mncr5 130 MM,,PART,,I,B0009452,B0009452,128 mm,10474,1
NORMAL_ALTERNATE_FLAG_MISMATCH,19733,NAORC0001140,Outer Race of NR 90 - d x 230 x 158,NRRBR0000216,NRRBR0000216,NORMAL,ALTERNATE,0,1,175,175,175,mm,mm,Round Bar 20mncr5 160 MM,Round Bar 20mncr5 160 MM,,PART,,I,B0009473,B0009473,173 mm,11800,1
QUANTITY_MISMATCH,15278,NAORC0001166,Outer Race of NR 70 - d x 190 x 134,NRRBR0000189,NRRBR0000189,NORMAL,NORMAL,0,0,136/131,131,136,mm,mm,Round Bar 20mncr5 150 MM,Round Bar 20mncr5 150 MM,,PART,CUTTING SIZE - 146mm,I,B0009799,B0009799,134 mm,7355,1
NORMAL_ALTERNATE_FLAG_MISMATCH,21648,NAORC0001209,Outer Race of NHBU 80 - d x 210 x 144,NRRBR0000189,NRRBR0000189,NORMAL,ALTERNATE,0,1,158,158,158,mm,mm,Round Bar 20mncr5 150 MM,Round Bar 20mncr5 150 MM,,PART,CUTTING SIZE - 146mm,I,B0010377,B0010377,156 mm,11272,1
QUANTITY_MISMATCH,4819,NAORC0001210,Outer Race of NO.sp 50 - d x 150 x 43 x 45,NRRBR0000175,NRRBR0000175,NORMAL,NORMAL,0,0,87/86,86,87,mm,mm,Round Bar 20mncr5 110 MM,Round Bar 20mncr5 110 MM,,PART,,I,B0010722,B0010722,85 mm,17052,1
NORMAL_ALTERNATE_FLAG_MISMATCH,14944,NAORC0001216,Outer Race of NR 55 - d x 160 x 104,NRRBR0000167,NRRBR0000167,NORMAL,ALTERNATE,0,1,98,98,98,mm,mm,Round Bar 20mncr5 130 MM,Round Bar 20mncr5 130 MM,,PART,,I,B0010314,B0010314,96 mm,5445,1
NORMAL_ALTERNATE_FLAG_MISMATCH,7280,NAORC0001226,Outer Race of NAS.s 75 - d x 190 x 85,NRRBR0000165,NRRBR0000165 / NRRBR0000189,ALTERNATE,NORMAL,1,0,132/114,132,132,mm,mm,Round Bar 20mncr5 140 MM / Round Bar 20mncr5 150 MM,Round Bar 20mncr5 140 MM,,PART,,I,B0010373,,130 mm,2525,1
NORMAL_ALTERNATE_FLAG_MISMATCH,7280,NAORC0001226,Outer Race of NAS.s 75 - d x 190 x 85,NRRBR0000189,NRRBR0000165 / NRRBR0000189,NORMAL,ALTERNATE,0,1,132/114,114,114,mm,mm,Round Bar 20mncr5 140 MM / Round Bar 20mncr5 150 MM,Round Bar 20mncr5 150 MM,,PART,CUTTING SIZE - 146mm,I,B0010373,B0010373,112 mm,41004,1
NORMAL_ALTERNATE_FLAG_MISMATCH,26211,NAORC0001358,Outer Race of NSO 800 / I - d x 254 x 152,NRRBR0000219,NRRBR0000219,NORMAL,ALTERNATE,0,1,192,192,192,mm,mm,Round Bar 20mncr5 200 MM,Round Bar 20mncr5 200 MM,,PART,,I,B0012545,B0012545,190 mm,41125,1
UOM_MISMATCH,27069,NAORC0001409,Brake Housing of NHFC-H 9000 - d x 800 x 380,NRRBR0000102,NRRBR0000102,NORMAL,NORMAL,0,0,1,1,1,mm,Kg.,RoundBar EN9 65 MM,RoundBar EN9 65 MM,RoundBar EN9 65 MM,PART,CUTTING SIZE - 23 MM,I,B0013024,B0013024,,41150,1
UOM_MISMATCH,29122,NAORC0001444,Outer Race of NHB 70.sb - d x 200.7 x 150,NRRBR0000080,NRRBR0000080,NORMAL,NORMAL,0,0,158,158,158,mm,Kg.,Round Bar EN353 210 MM,Round Bar EN353 210 MM,,PART,,I,B0013581,B0013581,,41182,1
UOM_MISMATCH,30625,NAORC0001481,Outer Race of NHBUFC 130.sp1 - d x 378 x 406,NRRBR0000080,NRRBR0000080,NORMAL,NORMAL,0,0,213,213,213,mm,Kg.,Round Bar EN353 210 MM,Round Bar EN353 210 MM,,PART,,I,B0013855,B0013855,,13473,1
UOM_MISMATCH,30902,NAORC0001488,Outer Race of NRGC 100.sp1 - d x 270 x 420,NRRBR0000080,NRRBR0000080,NORMAL,NORMAL,0,0,149,149,149,mm,Kg.,Round Bar EN353 210 MM,Round Bar EN353 210 MM,,PART,,I,B0014020,B0014020,,41200,1
UOM_MISMATCH,31292,NAORC0001497,Housing of NDF76 (With Housing & Cover) - 76.20 x 132.1,NRRBR0000578,NRRBR0000578,NORMAL,NORMAL,0,0,104,104,104,mm,Kg.,Round Bar IS2062-E300BR 300 MM,Round Bar IS2062-E300BR 300 MM,,PART,,I,B0014543,B0014543,,41230,1
UOM_MISMATCH,31313,NAORC0001498,Housing of NDF82 (With Housing &Cover) - 82.60 x 146.71,NRRBR0000578,NRRBR0000578,NORMAL,NORMAL,0,0,143,143,143,mm,Kg.,Round Bar IS2062-E300BR 300 MM,Round Bar IS2062-E300BR 300 MM,,PART,,I,B0014530,B0014530,,41227,1
NORMAL_ALTERNATE_FLAG_MISMATCH,33883,NAORC0001556,Outer Race of NHBU 50.sp1 E1E5 - d x 150 x 112,NRRBR0000056,NRRBR0000056,NORMAL,ALTERNATE,0,1,99,99,99,mm,mm,Round Bar EN353 120 MM,Round Bar EN353 120 MM,,PART,,I,B0015206,B0015206,97 mm,41251,1
NORMAL_ALTERNATE_FLAG_MISMATCH,34489,NAORC0001574,Outer Race of NVFB 650.sp1 - Ø184 x 107 TL (QD-J),NRRBR0000175,NRRBR0000175,NORMAL,ALTERNATE,0,1,76,76,76,mm,mm,Round Bar 20mncr5 110 MM,Round Bar 20mncr5 110 MM,,PART,,I,B0015623,B0015623,74 mm,41271,1
QUANTITY_MISMATCH,53,NAOTR0000031,Outer Ring of N7012 - 180 x 235 x 44,NRRBR0000109,NRRBR0000109,NORMAL,NORMAL,0,0,83/81,81,83,mm,mm,Round Bar EN9 125 MM,Round Bar EN9 125 MM,,PART,,I,,,81 mm,21750,1
NORMAL_ALTERNATE_FLAG_MISMATCH,1941,NAOTR0000032,Outer Ring of N7012 - 190 x 250 x 52,NRRBR0000109,NRRBR0000109 / NRRBR0000199,ALTERNATE,NORMAL,1,0,99/91,99,99,mm,mm,Round Bar EN19 130 MM,Round Bar EN9 125 MM,,PART,,I,B0001198,,97 mm,22813,1
NORMAL_ALTERNATE_FLAG_MISMATCH,1938,NAOTR0000032,Outer Ring of N7012 - 190 x 250 x 52,NRRBR0000199,NRRBR0000199,NORMAL,ALTERNATE,0,1,91,91,91,mm,mm,Round Bar EN19 130 MM,Round Bar EN19 130 MM,,PART,,I,B0001198,B0001198,89 mm,33001,1
QUANTITY_MISMATCH,1893,NAOTR0000035,Outer Ring of N7012 - 240 x 305 x 56,NRRBR0000110,NRRBR0000110,NORMAL,NORMAL,0,0,91/94,91,94,mm,mm,Round Bar EN9 150 MM,Round Bar EN9 150 MM,,PART,,I,B0001176,B0001176,92 mm,22780,1
UOM_MISMATCH,488,NAOTR0000045,Outer Ring of N7013.0 - 20/22 x 47 x 31,NRRBR0000116,NRRBR0000116,NORMAL,NORMAL,0,0,31,31,31,mm,Kg.,Round Bar EN9 56 MM,Round Bar EN9 56 MM,,PART,CUTTING SIZE - 55mm,I,,B0000374,,22437,1
RAW_MATERIAL_ITEM_MISSING,1998,NAOTR0000046,Outer Ring of N7013.0 ID 22 x OD 47,NRRBR0000100,NRRBR0000100 / NRRBR0000116,NORMAL,NORMAL,0,0,31/32,31,31,mm,mm,Round Bar EN9 60 MM / Round Bar EN9 56 MM,,,,,I,B0001233,,29 mm,33052,1
UOM_MISMATCH,1998,NAOTR0000046,Outer Ring of N7013.0 ID 22 x OD 47,NRRBR0000116,NRRBR0000100 / NRRBR0000116,ALTERNATE,ALTERNATE,1,1,31/32,32,32,mm,Kg.,Round Bar EN9 60 MM / Round Bar EN9 56 MM,Round Bar EN9 56 MM,,PART,CUTTING SIZE - 55mm,I,B0001233,,,41323,1
RAW_MATERIAL_ITEM_MISSING,2005,NAOTR0000047,Outer Ring of N7013.0 ID 24 x OD 50,NRRBR0000100,NRRBR0000100 / NRRBR0000116,NORMAL,NORMAL,0,0,31/32,31,31,mm,mm,Round Bar EN9 60 MM / Round Bar EN9 56 MM,,,,,I,B0001237,,29 mm,33055,1
UOM_MISMATCH,2005,NAOTR0000047,Outer Ring of N7013.0 ID 24 x OD 50,NRRBR0000116,NRRBR0000100 / NRRBR0000116,ALTERNATE,ALTERNATE,1,1,31/32,32,32,mm,Kg.,Round Bar EN9 60 MM / Round Bar EN9 56 MM,Round Bar EN9 56 MM,,PART,CUTTING SIZE - 55mm,I,B0001237,,,41324,1
RAW_MATERIAL_ITEM_MISSING,451,NAOTR0000048,Outer Ring of N7013.0 - 24/25 x 50 x 31,NRRBR0000100,NRRBR0000100,NORMAL,NORMAL,0,0,30,30,30,mm,mm,Round Bar EN9 60 MM,,,,,I,,,28 mm,22379,1
RAW_MATERIAL_ITEM_MISSING,361,NAOTR0000050,Outer Ring of N7013.0 - 28/30 x 55 x 31,NRRBR0000100,NRRBR0000100,NORMAL,NORMAL,0,0,32,32,32,mm,mm,Round Bar EN9 60 MM,,,,,I,B0000289,B0000289,30 mm,22245,1
QUANTITY_MISMATCH,2098,NAOTR0000056,Outer Ring of N7013.0 - 42/45 x 75 x 38,NRRBR0000205,NRRBR0000205,NORMAL,NORMAL,0,0,35/33,33,35,mm,mm,Round Bar EN9 85 MM,Round Bar EN9 85 MM,,PART,,I,B0001302,B0001302,33 mm,22938,1
NORMAL_ALTERNATE_FLAG_MISMATCH,2158,NAOTR0000061,Outer Ring of N7013.0 - 65 x 95 x 38,NRRBR0000103,NRRBR0000103,NORMAL,ALTERNATE,0,1,35,35,35,mm,mm,Round Bar EN9 100 MM,Round Bar EN9 100 MM,,PART,,I,B0001339,B0001339,33 mm,33137,1
NORMAL_ALTERNATE_FLAG_MISMATCH,2720,NAOTR0000064,Outer Ring of N7013.0 - 80 x 120 x 50,NRRBR0000109,NRRBR0000109,NORMAL,ALTERNATE,0,1,44,44,44,mm,mm,Round Bar EN9 125 MM,Round Bar EN9 125 MM,,PART,,I,B0001700,B0001700,42 mm,33423,1
NORMAL_ALTERNATE_FLAG_MISMATCH,8052,NAOTR0000068,Outer Ring of N7013.0 - 100 x 145 x 58,NRRBR0000004,NRRBR0000004,NORMAL,ALTERNATE,0,1,50,50,50,mm,mm,Round Bar EN19 150 MM,Round Bar EN19 150 MM,,PART,,I,B0004505,B0004505,48 mm,34571,1
NORMAL_ALTERNATE_FLAG_MISMATCH,8055,NAOTR0000068,Outer Ring of N7013.0 - 100 x 145 x 58,NRRBR0000108,NRRBR0000108 / NRRBR0000004,ALTERNATE,NORMAL,1,0,80/50,80,80,mm,mm,Round Bar EN9 110 MM,Round Bar EN9 110 MM,,PART,,I,B0004505,,78 mm,24553,1
UOM_MISMATCH,601,NAOTR0000074,Outer Ring of N7013.1 - 19/20/22  x 47 x 31,NRRBR0000116,NRRBR0000116,NORMAL,NORMAL,0,0,30/32,30,30,mm,Kg.,Round Bar EN9 56 MM,Round Bar EN9 56 MM,,PART,CUTTING SIZE - 55mm,I,B0001243,B0001243,,22546,1
UOM_MISMATCH,2019,NAOTR0000075,Outer Ring of N7013.1 ID 22 x OD 47,NRRBR0000116,NRRBR0000116,NORMAL,NORMAL,0,0,32,32,32,mm,Kg.,Round Bar EN9 56 MM,Round Bar EN9 56 MM,,PART,CUTTING SIZE - 55mm,I,B0001247,B0001247,,33070,1
RAW_MATERIAL_ITEM_MISSING,2027,NAOTR0000076,Outer Ring of N7013.1 ID 24 x OD 50,NRRBR0000100,NRRBR0000100,NORMAL,NORMAL,0,0,32,32,32,mm,mm,Round Bar EN9 60 MM,,,,,I,B0001252,B0001252,30 mm,41325,1
RAW_MATERIAL_ITEM_MISSING,2032,NAOTR0000077,Outer Ring of N7013.1 - 24/25  x 50 x 31,NRRBR0000100,NRRBR0000100 / NRRBR0000116,NORMAL,NORMAL,0,0,31/32,31,31,mm,mm,Round Bar EN9 60 MM / Round Bar EN9 56 MM,,,,,I,B0001256,,29 mm,33077,1
NORMAL_ALTERNATE_FLAG_MISMATCH | UOM_MISMATCH,2029,NAOTR0000077,Outer Ring of N7013.1 - 24/25  x 50 x 31,NRRBR0000116,NRRBR0000116,NORMAL,ALTERNATE,0,1,32,32,32,mm,Kg.,Round Bar EN9 56 MM,Round Bar EN9 56 MM,,PART,CUTTING SIZE - 55mm,I,B0001256,B0001256,,22876,1
UOM_MISMATCH,2032,NAOTR0000077,Outer Ring of N7013.1 - 24/25  x 50 x 31,NRRBR0000116,NRRBR0000100 / NRRBR0000116,ALTERNATE,ALTERNATE,1,1,31/32,32,32,mm,Kg.,Round Bar EN9 60 MM / Round Bar EN9 56 MM,Round Bar EN9 56 MM,,PART,CUTTING SIZE - 55mm,I,B0001256,B0001256,,22876,1
EXTRA_DB_RAW_MATERIAL_LINK,,NAOTR0000078,Outer Ring of N7013.1 ID 28 x OD 55,NRRBR0000102,,,ALTERNATE,,1,,,32,,Kg.,,RoundBar EN9 65 MM,RoundBar EN9 65 MM,PART,CUTTING SIZE - 23 MM,I,,,,41326,1
RAW_MATERIAL_ITEM_MISSING,2040,NAOTR0000079,Outer Ring of N7013.1 - 28/30 x 55 x 31,NRRBR0000100,NRRBR0000100,NORMAL,NORMAL,0,0,32,32,32,mm,mm,Round Bar EN9 60 MM,,,,,I,B0001264,B0001264,30 mm,22887,1
QUANTITY_MISMATCH,11637,NAOTR0000080,Outer Ring of N7013.1 - 32/35 x 60 x 31,NRRBR0000105,NRRBR0000105,NORMAL,NORMAL,0,0,31/30,30,31,mm,mm,Round Bar EN9 70 MM,Round Bar EN9 70 MM,Round Bar EN9 70 MM,PART,CUTTING SIZE - 33 MM,I,B0012264,B0012264,29 mm,25309,1
NORMAL_ALTERNATE_FLAG_MISMATCH,2072,NAOTR0000084,Outer Ring of N7013.1 - 42/45 x 75 x 38,NRRBR0000113,NRRBR0000113,NORMAL,ALTERNATE,0,1,35,35,35,mm,mm,Round Bar EN9 80 MM,Round Bar EN9 80 MM,,PART,,I,B0001279,B0001279,33 mm,22916,1
NORMAL_ALTERNATE_FLAG_MISMATCH,2084,NAOTR0000086,Outer Ring of N7013.1 - 48/50 x 80 x 38,NRRBR0000114,NRRBR0000114,NORMAL,ALTERNATE,0,1,35,35,35,mm,mm,Round Bar EN9 90 MM,Round Bar EN9 90 MM,,PART,,I,B0001287,B0001287,33 mm,22927,1
NORMAL_ALTERNATE_FLAG_MISMATCH,2116,NAOTR0000089,Outer Ring of N7013.1 - 60 x 90 x 38,NRRBR0000103,NRRBR0000103,NORMAL,ALTERNATE,0,1,35,35,35,mm,mm,Round Bar EN9 100 MM,Round Bar EN9 100 MM,,PART,,I,B0001310,B0001310,33 mm,41330,1
QUANTITY_MISMATCH,2132,NAOTR0000092,Outer Ring of N7013.1 - 75 x 115 x 50,NRRBR0000109,NRRBR0000109,NORMAL,NORMAL,0,0,43/44,43,44,mm,mm,Round Bar EN9 125 MM,Round Bar EN9 125 MM,,PART,,I,B0001322,B0001322,42 mm,22970,1
UOM_MISMATCH,2411,NAOTR0000114,Outer Ring of N7035 ID 25 x OD 47,NRRBR0000116,NRRBR0000116,NORMAL,NORMAL,0,0,32,32,32,mm,Kg.,Round Bar EN9 56 MM,Round Bar EN9 56 MM,,PART,CUTTING SIZE - 55mm,I,B0001509,B0001509,,41339,1
RAW_MATERIAL_ITEM_MISSING,6183,NAOTR0000115,Outer Ring of N7035 - 28 x 50 x 26,NRRBR0000100,NRRBR0000100,NORMAL,NORMAL,0,0,35,35,35,mm,mm,Round Bar EN9 60 MM,,,,,I,B0004632,B0004632,33 mm,24578,1
UOM_MISMATCH,2260,NAOTR0000116,Outer Ring of N7035 ID 30 x OD 55,NRRBR0000102,NRRBR0000102,NORMAL,NORMAL,0,0,36,36,36,mm,Kg.,RoundBar EN9 65 MM,RoundBar EN9 65 MM,RoundBar EN9 65 MM,PART,CUTTING SIZE - 23 MM,I,B0001417,B0001417,,33217,1
NORMAL_ALTERNATE_FLAG_MISMATCH | RAW_MATERIAL_ITEM_MISSING,2263,NAOTR0000117,Outer Ring of N7035 - 30/32 x 55 x 26,NRRBR0000100,NRRBR0000100,NORMAL,ALTERNATE,0,1,32,32,32,mm,mm,Round Bar EN9 60 MM,,,,,I,B0000485,B0000485,30 mm,23040,1
RAW_MATERIAL_ITEM_MISSING,604,NAOTR0000117,Outer Ring of N7035 - 30/32 x 55 x 26,NRRBR0000100,NRRBR0000102 / NRRBR0000100,ALTERNATE,ALTERNATE,1,1,31/32,32,32,mm,mm,RoundBar EN9 65 MM / Round Bar EN9 60 MM,,,,,I,B0000485,B0000485,30 mm,23040,1
UOM_MISMATCH,604,NAOTR0000117,Outer Ring of N7035 - 30/32 x 55 x 26,NRRBR0000102,NRRBR0000102 / NRRBR0000100,NORMAL,NORMAL,0,0,31/32,31,31,mm,Kg.,RoundBar EN9 65 MM / Round Bar EN9 60 MM,RoundBar EN9 65 MM,RoundBar EN9 65 MM,PART,CUTTING SIZE - 23 MM,I,B0000485,,,22552,1
UOM_MISMATCH,2764,NAOTR0000125,Outer Ring of N7030 / N7031 - 20/22 x 47 x 41,NRRBR0000116,NRRBR0000116,NORMAL,NORMAL,0,0,34/35,34,34,mm,Kg.,Round Bar EN9 56 MM,Round Bar EN9 56 MM,,PART,CUTTING SIZE - 55mm,I,B0001343,B0001343,,23225,1
UOM_MISMATCH,2762,NAOTR0000126,Outer Ring of N7030 ID 22 x OD 47,NRRBR0000116,NRRBR0000116,NORMAL,NORMAL,0,0,35,35,35,mm,Kg.,Round Bar EN9 56 MM,Round Bar EN9 56 MM,,PART,CUTTING SIZE - 55mm,I,B0001732,B0001732,,33441,1
RAW_MATERIAL_ITEM_MISSING,9790,NAOTR0000127,Outer Ring of N7030 ID 24 x OD 50,NRRBR0000100,NRRBR0000100,NORMAL,NORMAL,0,0,35,35,35,mm,mm,Round Bar EN9 60 MM,,,,,I,,,33 mm,34749,1
RAW_MATERIAL_ITEM_MISSING,2417,NAOTR0000128,Outer Ring of N7030 / N7031 - 24/25 x 50 x 41,NRRBR0000100,NRRBR0000100,NORMAL,NORMAL,0,0,35,35,35,mm,mm,Round Bar EN9 60 MM,,,,,I,,,33 mm,33279,1
UOM_MISMATCH | QUANTITY_MISMATCH,16,NAOTR0000129,Outer Ring of N7030 / N7031 - 28/30 x 55 x 41,NRRBR0000102,NRRBR0000102,NORMAL,NORMAL,0,0,35/34,34,35,mm,Kg.,RoundBar EN9 65 MM,RoundBar EN9 65 MM,RoundBar EN9 65 MM,PART,CUTTING SIZE - 23 MM,I,B0000285,B0000285,,21692,1
UOM_MISMATCH,21060,NAOTR0000137,Outer Ring of N7030 ID 48 x OD 80,NRRBR0000124,NRRBR0000124,NORMAL,NORMAL,0,0,39,39,39,mm,Kg.,Round Bar EN19 85 MM,Round Bar EN19 85 MM,,PART,,I,B0003266,B0003266,,41364,1
NORMAL_ALTERNATE_FLAG_MISMATCH,8414,NAOTR0000148,Outer Ring of N7030 / N7031 - 100 x 145 x 68,NRRBR0000108,NRRBR0000108 / NRRBR0000110,ALTERNATE,NORMAL,1,0,87/55,87,87,mm,mm,Round Bar EN9 110 MM / Round Bar EN9 150 MM,Round Bar EN9 110 MM,,PART,,I,B0004662,,85 mm,24600,1
NORMAL_ALTERNATE_FLAG_MISMATCH,8414,NAOTR0000148,Outer Ring of N7030 / N7031 - 100 x 145 x 68,NRRBR0000110,NRRBR0000108 / NRRBR0000110,NORMAL,ALTERNATE,0,1,87/55,55,55,mm,mm,Round Bar EN9 110 MM / Round Bar EN9 150 MM,Round Bar EN9 150 MM,,PART,,I,B0004662,B0004662,53 mm,27224,1
UOM_MISMATCH,2242,NAOTR0000163,Outer Ring of N7031 ID 32 x OD 60,NRRBR0000102,NRRBR0000102,NORMAL,NORMAL,0,0,35,35,35,mm,Kg.,RoundBar EN9 65 MM,RoundBar EN9 65 MM,RoundBar EN9 65 MM,PART,CUTTING SIZE - 23 MM,I,B0002221,B0002221,,33199,1
UOM_MISMATCH,2302,NAOTR0000164,Outer Ring of N7031 ID 35 x OD 60,NRRBR0000102,NRRBR0000105 / NRRBR0000102,ALTERNATE,ALTERNATE,1,1,35,,35,mm,Kg.,Round Bar EN9 70 MM / RoundBar EN9 65 MM,RoundBar EN9 65 MM,RoundBar EN9 65 MM,PART,CUTTING SIZE - 23 MM,I,B0003183,,,41363,1
QUANTITY_MISMATCH,24,NAOTR0000166,Outer Ring of N7030 / N7031 - 38/40 x 65 x 41,NRRBR0000111,NRRBR0000111,NORMAL,NORMAL,0,0,34/32/35,32,34,mm,mm,Round Bar EN9 75 MM,Round Bar EN9 75 MM,,PART,,I,B0000039,B0000039,32 mm,21703,1
NORMAL_ALTERNATE_FLAG_MISMATCH,34,NAOTR0000167,Outer Ring of N7030 / N7031 - 42/45 x 75 x 49,NRRBR0000113,NRRBR0000113,NORMAL,ALTERNATE,0,1,39,39,39,mm,mm,Round Bar EN9 80 MM,Round Bar EN9 80 MM,,PART,,I,B0000042,B0000042,37 mm,21718,1
NORMAL_ALTERNATE_FLAG_MISMATCH,2244,NAOTR0000169,Outer Ring of N7030 / N7031 - 48 / 50 x 80 x 49,NRRBR0000205,NRRBR0000205,NORMAL,ALTERNATE,0,1,39,39,39,mm,mm,Round Bar EN9 85 MM,Round Bar EN9 85 MM,,PART,,I,,,37 mm,33202,1
QUANTITY_MISMATCH,5914,NAOTR0000175,Outer Ring of N7030 / N7031 - 75 x 115 x 59,NRRBR0000109,NRRBR0000109,NORMAL,NORMAL,0,0,49/48,48,49,mm,mm,Round Bar EN9 125 MM,Round Bar EN9 125 MM,,PART,,I,B0009935,B0009935,47 mm,24058,1
QUANTITY_MISMATCH,4067,NAOTR0000176,Outer Ring of N7030 / N7031 - 80 x 120 x 59,NRRBR0000107,NRRBR0000107,NORMAL,NORMAL,0,0,49/48,48,49,mm,mm,Round Bar EN9 130 MM,Round Bar EN9 130 MM,,PART,,I,B0002867,B0002867,47 mm,23661,1
UOM_MISMATCH,4425,NAOTR0000190,Outer Ring of N7032 / N7033 - 20/22 x 47 x 28,NRRBR0000116,NRRBR0000116 / NRRBR0000235,NORMAL,NORMAL,0,0,25/26,25,25,mm,Kg.,Round Bar EN9 56 MM / Round Bar EN9 55 MM,Round Bar EN9 56 MM,,PART,CUTTING SIZE - 55mm,I,B0002713,,,23729,1
NORMAL_ALTERNATE_FLAG_MISMATCH,4419,NAOTR0000190,Outer Ring of N7032 / N7033 - 20/22 x 47 x 28,NRRBR0000235,NRRBR0000235,NORMAL,ALTERNATE,0,1,26,26,26,mm,mm,Round Bar EN9 55 MM,Round Bar EN9 55 MM,,PART,,I,B0002713,B0002713,24 mm,24544,1
RAW_MATERIAL_ITEM_MISSING,2479,NAOTR0000191,Outer Ring of N7032 / N7033 - 24/25 x 50 x 28,NRRBR0000100,NRRBR0000100,NORMAL,NORMAL,0,0,25/26,25,25,mm,mm,Round Bar EN9 60 MM,,,,,I,,,23 mm,23083,1
RAW_MATERIAL_ITEM_MISSING,374,NAOTR0000193,Outer Ring of N7032 / N7033 - 28/30 x 55 x 28,NRRBR0000100,NRRBR0000102 / NRRBR0000100,ALTERNATE,ALTERNATE,1,1,25/26,26,26,mm,mm,RoundBar EN9 65 MM / Round Bar EN9 60 MM,,,,,I,B0002561,B0002561,24 mm,21680,1
NORMAL_ALTERNATE_FLAG_MISMATCH | RAW_MATERIAL_ITEM_MISSING,8,NAOTR0000193,Outer Ring of N7032 / N7033 - 28/30 x 55 x 28,NRRBR0000100,NRRBR0000100,NORMAL,ALTERNATE,0,1,26,26,26,mm,mm,Round Bar EN9 60 MM,,,,,I,B0002561,B0002561,24 mm,21680,1
UOM_MISMATCH,374,NAOTR0000193,Outer Ring of N7032 / N7033 - 28/30 x 55 x 28,NRRBR0000102,NRRBR0000102 / NRRBR0000100,NORMAL,NORMAL,0,0,25/26,25,25,mm,Kg.,RoundBar EN9 65 MM / Round Bar EN9 60 MM,RoundBar EN9 65 MM,RoundBar EN9 65 MM,PART,CUTTING SIZE - 23 MM,I,B0002561,,,22262,1
RAW_MATERIAL_ITEM_MISSING,15235,NAOTR0000194,Outer Ring of N7032 ID 30 x OD 55,NRRBR0000100,NRRBR0000100,NORMAL,NORMAL,0,0,26,26,26,mm,mm,Round Bar EN9 60 MM,,,,,I,B0000021,B0000021,24 mm,33273,1
UOM_MISMATCH,5222,NAOTR0000196,Outer Ring of N7032 ID 35 x OD 60,NRRBR0000102,NRRBR0000102,NORMAL,NORMAL,0,0,26,26,26,mm,Kg.,RoundBar EN9 65 MM,RoundBar EN9 65 MM,RoundBar EN9 65 MM,PART,CUTTING SIZE - 23 MM,I,B0003086,B0003086,,34009,1
NORMAL_ALTERNATE_FLAG_MISMATCH,2586,NAOTR0000204,Outer Ring of N7032 / N7033 - 60 x 90 x 33,NRRBR0000101,NRRBR0000101,NORMAL,ALTERNATE,0,1,29,29,29,mm,mm,Round Bar EN9 95 MM,Round Bar EN9 95 MM,,PART,,I,B0001864,B0001864,27 mm,23133,1
UOM_MISMATCH,6164,NAOTR0000223,Outer Ring of N7033 ID 20 x OD 47,NRRBR0000116,NRRBR0000116,NORMAL,NORMAL,0,0,26,26,26,mm,Kg.,Round Bar EN9 56 MM,Round Bar EN9 56 MM,,PART,CUTTING SIZE - 55mm,I,B0006206,B0006206,,34228,1
RAW_MATERIAL_ITEM_MISSING,2901,NAOTR0000226,Outer Ring of N7033 ID 25 x OD 50,NRRBR0000100,NRRBR0000100,NORMAL,NORMAL,0,0,26,26,26,mm,mm,Round Bar EN9 60 MM,,,,,I,B0000177,B0000177,24 mm,33492,1
RAW_MATERIAL_ITEM_MISSING,8675,NAOTR0000227,Outer Ring of N7033 ID 28 x OD 55,NRRBR0000100,NRRBR0000100,NORMAL,NORMAL,0,0,26,26,26,mm,mm,Round Bar EN9 60 MM,,,,,I,B0000295,B0000295,24 mm,34599,1
UOM_MISMATCH,3436,NAOTR0000229,Outer Ring of N7033 ID 32 x OD 60,NRRBR0000102,NRRBR0000102,NORMAL,NORMAL,0,0,26,26,26,mm,Kg.,RoundBar EN9 65 MM,RoundBar EN9 65 MM,RoundBar EN9 65 MM,PART,CUTTING SIZE - 23 MM,I,B0002223,B0002223,,33692,1
NORMAL_ALTERNATE_FLAG_MISMATCH | UOM_MISMATCH,461,NAOTR0000230,Outer Ring of N7032 / N7033 - 32/35 x 60 x 28,NRRBR0000102,NRRBR0000102,NORMAL,ALTERNATE,0,1,26,26,26,mm,Kg.,RoundBar EN9 65 MM,RoundBar EN9 65 MM,RoundBar EN9 65 MM,PART,CUTTING SIZE - 23 MM,I,B0000365,B0000365,,22390,1
UOM_MISMATCH,473,NAOTR0000230,Outer Ring of N7032 / N7033 - 32/35 x 60 x 28,NRRBR0000102,NRRBR0000105 / NRRBR0000102,ALTERNATE,ALTERNATE,1,1,25/26,26,26,mm,Kg.,Round Bar EN9 70 MM / RoundBar EN9 65 MM,RoundBar EN9 65 MM,RoundBar EN9 65 MM,PART,CUTTING SIZE - 23 MM,I,B0000365,B0000365,,22390,1
NORMAL_ALTERNATE_FLAG_MISMATCH,262,NAOTR0000236,Outer Ring of N7032 / N7033 - 48/50 x 80 x 33,NRRBR0000205,NRRBR0000205,NORMAL,ALTERNATE,0,1,29,29,29,mm,mm,Round Bar EN9 85 MM,Round Bar EN9 85 MM,,PART,,I,B0000905,B0000905,27 mm,22113,1
NORMAL_ALTERNATE_FLAG_MISMATCH,332,NAOTR0000247,Outer Ring of N7032 / N7033 - 110 x 155 x 44,NRRBR0000108,NRRBR0000117 / NRRBR0000108,NORMAL,ALTERNATE,0,1,69/60,60,60,mm,mm,Round Bar EN9 105 MM / Round Bar EN9 110 MM,Round Bar EN9 110 MM,,PART,,I,B0000258,B0000258,58 mm,33392,1
NORMAL_ALTERNATE_FLAG_MISMATCH,332,NAOTR0000247,Outer Ring of N7032 / N7033 - 110 x 155 x 44,NRRBR0000117,NRRBR0000117 / NRRBR0000108,ALTERNATE,NORMAL,1,0,69/60,69,69,mm,mm,Round Bar EN9 105 MM / Round Bar EN9 110 MM,Round Bar EN9 105 MM,,PART,,I,B0000258,,67 mm,22211,1
RAW_MATERIAL_ITEM_MISSING,5743,NAOTR0000258,Outer Ring of N7134 ID 16 x OD 55,NRRBR0000100,NRRBR0000100,NORMAL,NORMAL,0,0,26,26,26,mm,mm,Round Bar EN9 60 MM,,,,,I,B0003336,B0003336,24 mm,34092,1
UOM_MISMATCH,14434,NAOTR0000259,Outer Ring of N7134 ID 18 x OD 55,NRRBR0000102,NRRBR0000102,NORMAL,NORMAL,0,0,26,26,26,mm,Kg.,RoundBar EN9 65 MM,RoundBar EN9 65 MM,RoundBar EN9 65 MM,PART,CUTTING SIZE - 23 MM,I,B0007343,B0007343,,35369,1
UOM_MISMATCH,5750,NAOTR0000260,Outer Ring of N7134 - 19 x 55 x 30,NRRBR0000102,NRRBR0000102,NORMAL,NORMAL,0,0,25/26,25,25,mm,Kg.,RoundBar EN9 65 MM,RoundBar EN9 65 MM,RoundBar EN9 65 MM,PART,CUTTING SIZE - 23 MM,I,B0003338,B0003338,,24023,1
RAW_MATERIAL_ITEM_MISSING,3938,NAOTR0000261,Outer Ring of N7134 ID 20 x OD 55,NRRBR0000100,NRRBR0000100,NORMAL,NORMAL,0,0,26,26,26,mm,mm,Round Bar EN9 60 MM,,,,,I,B0002576,B0002576,24 mm,33821,1
RAW_MATERIAL_ITEM_MISSING,5746,NAOTR0000262,Outer Ring of N7134 ID 22 x OD 55,NRRBR0000100,NRRBR0000100,NORMAL,NORMAL,0,0,26,26,26,mm,mm,Round Bar EN9 60 MM,,,,,I,B0003340,B0003340,24 mm,34096,1
UOM_MISMATCH,6200,NAOTR0000264,Outer Ring of N7134 - 25 x 55 x 30,NRRBR0000102,NRRBR0000102,NORMAL,NORMAL,0,0,26,26,26,mm,Kg.,RoundBar EN9 65 MM,RoundBar EN9 65 MM,RoundBar EN9 65 MM,PART,CUTTING SIZE - 23 MM,I,B0005912,B0005912,,24072,1
NORMAL_ALTERNATE_FLAG_MISMATCH | RAW_MATERIAL_ITEM_MISSING,2627,NAOTR0000265,Outer Ring of N7134 - 28 x 55 x 30,NRRBR0000100,NRRBR0000100,NORMAL,ALTERNATE,0,1,26,26,26,mm,mm,Round Bar EN9 60 MM,,,,,I,B0000018,B0000018,24 mm,33370,1
RAW_MATERIAL_ITEM_MISSING,5,NAOTR0000265,Outer Ring of N7134 - 28 x 55 x 30,NRRBR0000100,NRRBR0000102 / NRRBR0000100,ALTERNATE,ALTERNATE,1,1,25/26,26,26,mm,mm,RoundBar EN9 65 MM / Round Bar EN9 60 MM,,,,,I,B0000018,B0000018,24 mm,33370,1
UOM_MISMATCH,5,NAOTR0000265,Outer Ring of N7134 - 28 x 55 x 30,NRRBR0000102,NRRBR0000102 / NRRBR0000100,NORMAL,NORMAL,0,0,25/26,25,25,mm,Kg.,RoundBar EN9 65 MM / Round Bar EN9 60 MM,RoundBar EN9 65 MM,RoundBar EN9 65 MM,PART,CUTTING SIZE - 23 MM,I,B0000018,,,21674,1
UOM_MISMATCH,25327,NAOTR0000266,Outer Ring of N7134 - 30 x 55 x 30,NRRBR0000102,NRRBR0000102,NORMAL,NORMAL,0,0,26,26,26,mm,Kg.,RoundBar EN9 65 MM,RoundBar EN9 65 MM,RoundBar EN9 65 MM,PART,CUTTING SIZE - 23 MM,I,B0011833,B0011833,,27447,1
UOM_MISMATCH,23958,NAOTR0000287,Outer Ring of N7139 - 22 x 44 x 20,NRRBR0000116,NRRBR0000116,NORMAL,NORMAL,0,0,21,21,21,mm,Kg.,Round Bar EN9 56 MM,Round Bar EN9 56 MM,,PART,CUTTING SIZE - 55mm,I,B0011253,B0011253,,41433,1
UOM_MISMATCH,30803,NAOTR0000288,Outer Ring of N7139 - 24 x 46 x 20,NRRBR0000116,NRRBR0000116,NORMAL,NORMAL,0,0,21,21,21,mm,Kg.,Round Bar EN9 56 MM,Round Bar EN9 56 MM,,PART,CUTTING SIZE - 55mm,I,B0013949,B0013949,,41541,1
RAW_MATERIAL_ITEM_MISSING,27815,NAOTR0000290,Outer Ring of N7139 - 28 x 50 x 20,NRRBR0000100,NRRBR0000100,NORMAL,NORMAL,0,0,21,21,21,mm,mm,Round Bar EN9 60 MM,,,,,I,B0012860,B0012860,19 mm,41493,1
NORMAL_ALTERNATE_FLAG_MISMATCH | RAW_MATERIAL_ITEM_MISSING,6212,NAOTR0000291,Outer Ring of N7139 - 30 x 52 x 20,NRRBR0000100,NRRBR0000100,NORMAL,ALTERNATE,0,1,21,21,21,mm,mm,Round Bar EN9 60 MM,,,,,I,B0006126,B0006126,19 mm,34291,1
RAW_MATERIAL_ITEM_MISSING,6671,NAOTR0000291,Outer Ring of N7139 - 30 x 52 x 20,NRRBR0000100,NRRBR0000102 / NRRBR0000100,ALTERNATE,ALTERNATE,1,1,20/21,21,21,mm,mm,RoundBar EN9 65 MM / Round Bar EN9 60 MM,,,,,I,B0006126,B0006126,19 mm,34291,1
UOM_MISMATCH,6671,NAOTR0000291,Outer Ring of N7139 - 30 x 52 x 20,NRRBR0000102,NRRBR0000102 / NRRBR0000100,NORMAL,NORMAL,0,0,20/21,20,20,mm,Kg.,RoundBar EN9 65 MM / Round Bar EN9 60 MM,RoundBar EN9 65 MM,RoundBar EN9 65 MM,PART,CUTTING SIZE - 23 MM,I,B0006126,,,24195,1
UOM_MISMATCH,2881,NAOTR0000300,Outer Ring of N7139 - 50 x 78 x 30,NRRBR0000124,NRRBR0000114 / NRRBR0000124,ALTERNATE,ALTERNATE,1,1,28,,28,mm,Kg.,Round Bar EN9 90 MM,Round Bar EN19 85 MM,,PART,,I,B0001809,,,41345,1
UOM_MISMATCH,2897,NAOTR0000300,Outer Ring of N7139 - 50 x 78 x 30,NRRBR0000124,NRRBR0000114 / NRRBR0000124,ALTERNATE,ALTERNATE,1,1,27/28,28,28,mm,Kg.,Round Bar EN9 90 MM,Round Bar EN19 85 MM,,PART,,I,B0001809,,,41345,1
NORMAL_ALTERNATE_FLAG_MISMATCH | UOM_MISMATCH,2750,NAOTR0000320,Outer Ring of N7043 - 20 x 38 x 25,NRRBR0000112,NRRBR0000112,NORMAL,ALTERNATE,0,1,24,24,24,mm,Kg.,Round Bar EN9 45 MM,Round Bar EN9 45 MM,,PART,CUTTING SIZE - 55mm,I,,,,33438,1
UOM_MISMATCH,25380,NAOTR0000322,Outer Ring of N7043 - 24 x 42 x 25,NRRBR0000116,NRRBR0000116,NORMAL,NORMAL,0,0,24,24,24,mm,Kg.,Round Bar EN9 56 MM,Round Bar EN9 56 MM,,PART,CUTTING SIZE - 55mm,I,B0011927,B0011927,,27474,1
UOM_MISMATCH,17840,NAOTR0000323,Outer Ring of N7043 - 25 x 43 x 25,NRRBR0000116,NRRBR0000116,NORMAL,NORMAL,0,0,24,24,24,mm,Kg.,Round Bar EN9 56 MM,Round Bar EN9 56 MM,,PART,CUTTING SIZE - 55mm,I,B0008676,B0008676,,26462,1
UOM_MISMATCH,3553,NAOTR0000324,Outer Ring of N7043 - 28 x 46 x 28,NRRBR0000116,NRRBR0000116,NORMAL,NORMAL,0,0,26,26,26,mm,Kg.,Round Bar EN9 56 MM,Round Bar EN9 56 MM,,PART,CUTTING SIZE - 55mm,I,B0002281,B0002281,,23514,1
RAW_MATERIAL_ITEM_MISSING,27811,NAOTR0000325,Outer Ring of N7043 - 30 x 48 x 28,NRRBR0000100,NRRBR0000100,NORMAL,NORMAL,0,0,26,26,26,mm,mm,Round Bar EN9 60 MM,,,,,I,B0012858,B0012858,24 mm,41492,1
UOM_MISMATCH,3902,NAOTR0000326,Outer Ring of N7043 - 32 x 50 x 28,NRRBR0000116,NRRBR0000116,NORMAL,NORMAL,0,0,26,26,26,mm,Kg.,Round Bar EN9 56 MM,Round Bar EN9 56 MM,,PART,CUTTING SIZE - 55mm,I,B0002472,B0002472,,23602,1
NORMAL_ALTERNATE_FLAG_MISMATCH,3681,NAOTR0000347,Outer Ring of N7014 - 60 x 100 x 50,NRRBR0000006,NRRBR0000006,NORMAL,ALTERNATE,0,1,58,58,58,mm,mm,Round Bar EN19 110 MM,Round Bar EN19 110 MM,,PART,,I,B0002359,B0002359,56 mm,23556,1
NORMAL_ALTERNATE_FLAG_MISMATCH,3980,NAOTR0000376,Outer Ring of N7015.0 - 180 x 235 x 81,NRRBR0000107,NRRBR0000109 / NRRBR0000107,NORMAL,ALTERNATE,0,1,118/110,110,110,mm,mm,Round Bar EN9 125 MM / Round Bar EN9 130 MM,Round Bar EN9 130 MM,,PART,,I,B0002542,B0002542,108 mm,23648,1
NORMAL_ALTERNATE_FLAG_MISMATCH,3980,NAOTR0000376,Outer Ring of N7015.0 - 180 x 235 x 81,NRRBR0000109,NRRBR0000109 / NRRBR0000107,ALTERNATE,NORMAL,1,0,118/110,118,118,mm,mm,Round Bar EN9 125 MM / Round Bar EN9 130 MM,Round Bar EN9 125 MM,,PART,,I,B0002542,,116 mm,33815,1
NORMAL_ALTERNATE_FLAG_MISMATCH,3673,NAOTR0000414,Outer Ring of N7016.0 ID 70 x OD 110,NRRBR0000118,NRRBR0000118,NORMAL,ALTERNATE,0,1,57,57,57,mm,mm,Round Bar EN9 120 MM,Round Bar EN9 120 MM,,PART,,I,B0002353,,55 mm,33741,1
NORMAL_ALTERNATE_FLAG_MISMATCH,9951,NAOTR0000416,Outer Ring of N7515 - 80 x 120 x 60,NRRBR0000109,NRRBR0000109,NORMAL,ALTERNATE,0,1,57,57,57,mm,mm,Round Bar EN9 125 MM,Round Bar EN9 125 MM,,PART,,I,B0000313,B0000313,55 mm,24940,1
NORMAL_ALTERNATE_FLAG_MISMATCH,3053,NAOTR0000420,Outer Ring of N7515 - 100 x 145 x 70,NRRBR0000004,NRRBR0000123 / NRRBR0000004,NORMAL,ALTERNATE,0,1,68/67,67,67,mm,mm,Round Bar EN9 160 MM,Round Bar EN19 150 MM,,PART,,I,B0001931,,65 mm,41346,1
NORMAL_ALTERNATE_FLAG_MISMATCH,8742,NAOTR0000420,Outer Ring of N7515 - 100 x 145 x 70,NRRBR0000118,NRRBR0000118 / NRRBR0000004,ALTERNATE,NORMAL,1,0,98/67,98,98,mm,mm,Round Bar EN9 120 MM,Round Bar EN9 120 MM,,PART,,I,B0001931,,96 mm,24626,1
NORMAL_ALTERNATE_FLAG_MISMATCH,3053,NAOTR0000420,Outer Ring of N7515 - 100 x 145 x 70,NRRBR0000123,NRRBR0000123 / NRRBR0000004,ALTERNATE,NORMAL,1,0,68/67,68,68,mm,mm,Round Bar EN9 160 MM,Round Bar EN9 160 MM,,PART,,I,B0001931,,66 mm,33555,1
NORMAL_ALTERNATE_FLAG_MISMATCH,1421,NAOTR0000421,Outer Ring of N7515 - 110 x 155 x 70,NRRBR0000022,NRRBR0000022,NORMAL,ALTERNATE,0,1,67,67,67,mm,mm,Round Bar EN19 160 MM,Round Bar EN19 160 MM,,PART,,I,B0000875,B0000875,65 mm,32759,1
NORMAL_ALTERNATE_FLAG_MISMATCH,8747,NAOTR0000421,Outer Ring of N7515 - 110 x 155 x 70,NRRBR0000118,NRRBR0000118 / NRRBR0000022,ALTERNATE,NORMAL,1,0,101/67,101,101,mm,mm,Round Bar EN9 120 MM,Round Bar EN9 120 MM,,PART,,I,B0000875,,99 mm,24634,1
NORMAL_ALTERNATE_FLAG_MISMATCH,8752,NAOTR0000422,Outer Ring of N7515 - 120 x 165 x 70,NRRBR0000009,NRRBR0000118 / NRRBR0000009,NORMAL,ALTERNATE,0,1,110/103,103,103,mm,mm,Round Bar EN9 120 MM,Round Bar EN19 125 MM,,PART,,I,B0002863,,101 mm,41361,1
NORMAL_ALTERNATE_FLAG_MISMATCH,8752,NAOTR0000422,Outer Ring of N7515 - 120 x 165 x 70,NRRBR0000118,NRRBR0000118 / NRRBR0000009,ALTERNATE,NORMAL,1,0,110/103,110,110,mm,mm,Round Bar EN9 120 MM,Round Bar EN9 120 MM,,PART,,I,B0002863,,108 mm,24642,1
NORMAL_ALTERNATE_FLAG_MISMATCH,8757,NAOTR0000423,Outer Ring of N7515 - 130 x 180 x 79,NRRBR0000107,NRRBR0000107 / NRRBR0000199,ALTERNATE,NORMAL,1,0,121/120,121,121,mm,mm,Round Bar EN9 130 MM,Round Bar EN9 130 MM,,PART,,I,B0000847,,119 mm,24649,1
NORMAL_ALTERNATE_FLAG_MISMATCH,1346,NAOTR0000423,Outer Ring of N7515 - 130 x 180 x 79,NRRBR0000199,NRRBR0000199,NORMAL,ALTERNATE,0,1,120,120,120,mm,mm,Round Bar EN19 130 MM,Round Bar EN19 130 MM,,PART,,I,B0000847,B0000847,118 mm,22575,1
NORMAL_ALTERNATE_FLAG_MISMATCH,1398,NAOTR0000424,Outer Ring of N7515 - 140 x 190 x 79,NRRBR0000107,NRRBR0000107 / NRRBR0000198,ALTERNATE,NORMAL,1,0,128/126,128,128,mm,mm,Round Bar EN9 130 MM,Round Bar EN9 130 MM,,PART,,I,B0000851,,126 mm,33301,1
NORMAL_ALTERNATE_FLAG_MISMATCH,1398,NAOTR0000424,Outer Ring of N7515 - 140 x 190 x 79,NRRBR0000198,NRRBR0000107 / NRRBR0000198,NORMAL,ALTERNATE,0,1,128/126,126,126,mm,mm,Round Bar EN9 130 MM,Round Bar 4140 130 MM,,PART,,I,B0000851,,124 mm,41317,1
NORMAL_ALTERNATE_FLAG_MISMATCH,1406,NAOTR0000425,Outer Ring of N7515 - 150 x 200 x 79,NRRBR0000107,NRRBR0000107,NORMAL,ALTERNATE,0,1,133,133,133,mm,mm,Round Bar EN9 130 MM,Round Bar EN9 130 MM,,PART,,I,B0000858,B0000858,131 mm,33326,1
NORMAL_ALTERNATE_FLAG_MISMATCH,1410,NAOTR0000426,Outer Ring of N7515 - 160 x 210 x 79,NRRBR0000002,NRRBR0000002,NORMAL,ALTERNATE,0,1,125,125,125,mm,mm,Round Bar EN19 140 MM,Round Bar EN19 140 MM,,PART,CUTTING SIZE - 38mm,I,B0000862,B0000862,123 mm,33307,1
NORMAL_ALTERNATE_FLAG_MISMATCH,6281,NAOTR0000427,Outer Ring of N7515 - 170 x 225 x 92,NRRBR0000022,NRRBR0000123 / NRRBR0000022,NORMAL,ALTERNATE,0,1,129/126,126,126,mm,mm,Round Bar EN9 160 MM,Round Bar EN19 160 MM,,PART,,I,B0000854,,124 mm,41318,1
NORMAL_ALTERNATE_FLAG_MISMATCH,6281,NAOTR0000427,Outer Ring of N7515 - 170 x 225 x 92,NRRBR0000123,NRRBR0000123 / NRRBR0000022,ALTERNATE,NORMAL,1,0,129/126,129,129,mm,mm,Round Bar EN9 160 MM,Round Bar EN9 160 MM,,PART,,I,B0000854,,127 mm,24079,1
NORMAL_ALTERNATE_FLAG_MISMATCH,1418,NAOTR0000429,Outer Ring of N7515 - 190 x 250 x 102,NRRBR0000140,NRRBR0000140,NORMAL,ALTERNATE,0,1,133,133,133,mm,mm,Round Bar EN19 180 MM,Round Bar EN19 180 MM,,PART,,I,B0000871,B0000871,131 mm,33878,1
NORMAL_ALTERNATE_FLAG_MISMATCH,14035,NAOTR0000430,Outer Ring of N7515 - 200 x 260 x 102,NRRBR0000121,NRRBR0000121 / NRRBR0000211,ALTERNATE,NORMAL,1,0,139/135,139,139,mm,mm,Round Bar EN9 180 MM,Round Bar EN9 180 MM,,PART,CUTTING SIZE - 22mm,I,B0000867,,137 mm,33911,1
NORMAL_ALTERNATE_FLAG_MISMATCH,1414,NAOTR0000430,Outer Ring of N7515 - 200 x 260 x 102,NRRBR0000211,NRRBR0000211,NORMAL,ALTERNATE,0,1,135,135,135,mm,mm,Round Bar 4140 180 MM,Round Bar 4140 180 MM,,PART,,I,B0000867,B0000867,133 mm,41320,1
NORMAL_ALTERNATE_FLAG_MISMATCH,8000,NAOTR0000430,Outer Ring of N7515 - 200 x 260 x 102,NRRBR0000306,NRRBR0000306 / NRRBR0000211,ALTERNATE,NORMAL,1,0,157/135,157,157,mm,mm,Round Bar EN9 170 mm,Round Bar EN9 170 mm,,PART,,I,B0000867,,155 mm,24518,1
QUANTITY_MISMATCH,281,NAOTR0000431,Outer Ring of N7515 - 220 x 285 x 110,NRRBR0000128,NRRBR0000128 / NRRBR0000140,NORMAL,NORMAL,0,0,143/176,143,142,mm,mm,Round Bar EN9 200 MM,Round Bar EN9 200 MM,,PART,,I,B0000211,,140 mm,24452,1
NORMAL_ALTERNATE_FLAG_MISMATCH,293,NAOTR0000432,Outer Ring of N7515 - 240 x 305 x 108,NRRBR0000027,NRRBR0000126 / NRRBR0000027,NORMAL,ALTERNATE,0,1,141/126,126,126,mm,mm,Round Bar EN19 220 MM,Round Bar EN19 220 MM,,PART,,I,B0000220,,124 mm,41297,1
NORMAL_ALTERNATE_FLAG_MISMATCH,293,NAOTR0000432,Outer Ring of N7515 - 240 x 305 x 108,NRRBR0000126,NRRBR0000126 / NRRBR0000027,ALTERNATE,NORMAL,1,0,141/126,141,141,mm,mm,Round Bar EN19 220 MM,Round Bar EN9 210 MM,,PART,,I,B0000220,,139 mm,22154,1
NORMAL_ALTERNATE_FLAG_MISMATCH | QUANTITY_MISMATCH,5515,NAOTR0000432,Outer Ring of N7515 - 240 x 305 x 108,NRRBR0000126,NRRBR0000126 / NRRBR0000027,ALTERNATE,NORMAL,1,0,142/126,142,141,mm,mm,Round Bar EN9 210 MM,Round Bar EN9 210 MM,,PART,,I,B0000220,,139 mm,22154,1
NORMAL_ALTERNATE_FLAG_MISMATCH,8774,NAOTR0000433,Outer Ring of N7515 - 260 x 325 x 111,NRRBR0000172,NRRBR0000172,NORMAL,ALTERNATE,0,1,171,171,171,mm,mm,Round Bar EN19 200 MM,Round Bar EN19 200 MM,,PART,CUTTING SIZE - 101mm,I,B0000225,B0000225,169 mm,33507,1
NORMAL_ALTERNATE_FLAG_MISMATCH,7136,NAOTR0000437,Outer Ring of N7515 - 340 x 425 x 136,NRFRG0000157,NRFRG0000157,NORMAL,ALTERNATE,0,1,1,1,1,Nos.,Nos.,Forged ring EN19 429x336x127,Forged ring EN19 429x336x127,,PART,,I,B0004033,B0004033,,34459,1
UOM_MISMATCH,2535,NAOTR0000441,Outer Ring of N7016.1 - 24 x 55 x 40,NRRBR0000102,NRRBR0000102,NORMAL,NORMAL,0,0,39,39,39,mm,Kg.,RoundBar EN9 65 MM,RoundBar EN9 65 MM,RoundBar EN9 65 MM,PART,CUTTING SIZE - 23 MM,I,B0001594,B0001594,,23124,1
UOM_MISMATCH,3953,NAOTR0000445,Outer Ring of N7016.1 - 35 x 60 x 54,NRRBR0000102,NRRBR0000102,NORMAL,NORMAL,0,0,48,48,48,mm,Kg.,RoundBar EN9 65 MM,RoundBar EN9 65 MM,RoundBar EN9 65 MM,PART,CUTTING SIZE - 23 MM,I,B0002446,B0002446,,23836,1
UOM_MISMATCH,16481,NAOTR0000446,Outer Ring of N7016.1 - 38 x 75 x 54,NRRBR0000124,NRRBR0000124,NORMAL,NORMAL,0,0,52,52,52,mm,Kg.,Round Bar EN19 85 MM,Round Bar EN19 85 MM,,PART,,I,B0008138,B0008138,,26199,1
UOM_MISMATCH,2179,NAOTR0000447,Outer Ring of N7016.1 - 40 x 75 x 54,NRRBR0000124,NRRBR0000205 / NRRBR0000124,ALTERNATE,ALTERNATE,1,1,51,,50,mm,Kg.,Round Bar EN19 85 MM,Round Bar EN19 85 MM,,PART,,I,B0000321,B0000321,,22313,1
NORMAL_ALTERNATE_FLAG_MISMATCH | UOM_MISMATCH,411,NAOTR0000447,Outer Ring of N7016.1 - 40 x 75 x 54,NRRBR0000124,NRRBR0000124,NORMAL,ALTERNATE,0,1,50/51,50,50,mm,Kg.,Round Bar EN19 85 MM,Round Bar EN19 85 MM,,PART,,I,B0000321,B0000321,,22313,1
UOM_MISMATCH,11051,NAOTR0000448,Outer Ring of N7016.1 - 42 x 75 x 54,NRRBR0000124,NRRBR0000124,NORMAL,NORMAL,0,0,52,52,52,mm,Kg.,Round Bar EN19 85 MM,Round Bar EN19 85 MM,,PART,,I,B0008133,B0008133,,25231,1
NORMAL_ALTERNATE_FLAG_MISMATCH | UOM_MISMATCH,2700,NAOTR0000449,Outer Ring of N7016.1 - 45 x 75 x 54,NRRBR0000124,NRRBR0000124,NORMAL,ALTERNATE,0,1,51,51,51,mm,Kg.,Round Bar EN19 85 MM,Round Bar EN19 85 MM,,PART,,I,B0001690,B0001690,,23174,1
NORMAL_ALTERNATE_FLAG_MISMATCH,2743,NAOTR0000452,Outer Ring of N7016.1 - 55 x 85 x 66,NRRBR0000101,NRRBR0000101,NORMAL,ALTERNATE,0,1,63,63,63,mm,mm,Round Bar EN9 95 MM,Round Bar EN9 95 MM,,PART,,I,B0001715,B0001715,61 mm,33434,1
NORMAL_ALTERNATE_FLAG_MISMATCH,1478,NAOTR0000453,Outer Ring of N7016.1 - 60 x 90 x 66,NRRBR0000197,NRRBR0000197,NORMAL,ALTERNATE,0,1,62/63,62,62,mm,mm,Round Bar EN19 100 MM,Round Bar EN19 100 MM,,PART,,I,B0000906,B0000906,60 mm,22608,1
NORMAL_ALTERNATE_FLAG_MISMATCH,5859,NAOTR0000454,Outer Ring of N7016.1 - 65 x 95 x 66,NRRBR0000103,NRRBR0000103,NORMAL,ALTERNATE,0,1,63,63,63,mm,mm,Round Bar EN9 100 MM,Round Bar EN9 100 MM,,PART,,I,B0003392,B0003392,61 mm,34130,1
NORMAL_ALTERNATE_FLAG_MISMATCH,2853,NAOTR0000461,Outer Ring of N7016.1 - 100 x 145 x 102,NRRBR0000107,NRRBR0000107,NORMAL,ALTERNATE,0,1,112,112,112,mm,mm,Round Bar EN9 130 MM,Round Bar EN9 130 MM,,PART,,I,B0001781,B0001781,110 mm,23254,1
NORMAL_ALTERNATE_FLAG_MISMATCH,2936,NAOTR0000462,Outer Ring of N7016.1 - 110 x 155 x 102,NRRBR0000109,NRRBR0000109,NORMAL,ALTERNATE,0,1,131,131,131,mm,mm,Round Bar EN9 125 MM,Round Bar EN9 125 MM,,PART,,I,B0001836,B0001836,129 mm,33501,1
UOM_MISMATCH,4120,NAOTR0000465,Outer Ring of N7016.1 - 140 x 190 x 116,NRRBR0000598,NRRBR0000598 / NRRBR0000004,NORMAL,NORMAL,0,0,143/144,143,143,mm,Kg.,Round Bar  EN9 150 MM,Round Bar  EN9 150 MM,,PART,CUTTING SIZE - 28mm,I,B0002617,,,23680,1
NORMAL_ALTERNATE_FLAG_MISMATCH,3216,NAOTR0000466,Outer Ring of N7016.1 - 150 x 200 x 116,NRRBR0000207,NRRBR0000598 / NRRBR0000207,NORMAL,ALTERNATE,0,1,155/145,145,145,mm,mm,Round Bar  EN9 150 MM,Round Bar 4140 150 mm,,PART,,I,B0002069,,143 mm,41348,1
NORMAL_ALTERNATE_FLAG_MISMATCH | UOM_MISMATCH,3216,NAOTR0000466,Outer Ring of N7016.1 - 150 x 200 x 116,NRRBR0000598,NRRBR0000598 / NRRBR0000207,ALTERNATE,NORMAL,1,0,155/145,155,155,mm,Kg.,Round Bar  EN9 150 MM,Round Bar  EN9 150 MM,,PART,CUTTING SIZE - 28mm,I,B0002069,,,23422,1
NORMAL_ALTERNATE_FLAG_MISMATCH,2715,NAOTR0000467,Outer Ring of N7016.1 - 160 x 210 x 116,NRRBR0000022,NRRBR0000022,NORMAL,ALTERNATE,0,1,146,146,146,mm,mm,Round Bar EN19 160 MM,Round Bar EN19 160 MM,,PART,,I,B0001695,B0001695,144 mm,23183,1
QUANTITY_MISMATCH,2928,NAOTR0000468,Outer Ring of N7016.1 - 170 x 225 x 149,NRRBR0000121,NRRBR0000121,NORMAL,NORMAL,0,0,164/162/163,162,163,mm,mm,Round Bar EN9 180 MM,Round Bar EN9 180 MM,,PART,CUTTING SIZE - 22mm,I,B0001831,B0001831,161 mm,23299,1
NORMAL_ALTERNATE_FLAG_MISMATCH,25215,NAOTR0000469,Outer Ring of N7016.1 - 180 x 235 x 149,NRRBR0000140,NRRBR0000140,NORMAL,ALTERNATE,0,1,172,172,172,mm,mm,Round Bar EN19 180 MM,Round Bar EN19 180 MM,,PART,,I,B0005383,B0005383,170 mm,27423,1
NORMAL_ALTERNATE_FLAG_MISMATCH,11974,NAOTR0000470,Outer Ring of N7016.1 - 190 x 250 x 149,NRRBR0000121,NRRBR0000121,NORMAL,ALTERNATE,0,1,199,199,199,mm,mm,Round Bar EN9 180 MM,Round Bar EN9 180 MM,,PART,CUTTING SIZE - 22mm,I,B0006386,B0006386,197 mm,35059,1
NORMAL_ALTERNATE_FLAG_MISMATCH,6615,NAOTR0000473,Outer Ring of N7016.1 - 240 x 305 x 150,NRRBR0000130,NRRBR0000130 / NRRBR0000141,ALTERNATE,NORMAL,1,0,174/159,174,174,mm,mm,Round Bar EN9 220 MM,Round Bar EN9 220 MM,,PART,CUTTING SIZE - 117mm,I,B0003773,,172 mm,34354,1
NORMAL_ALTERNATE_FLAG_MISMATCH,6615,NAOTR0000473,Outer Ring of N7016.1 - 240 x 305 x 150,NRRBR0000141,NRRBR0000130 / NRRBR0000141,NORMAL,ALTERNATE,0,1,174/159,159,159,mm,mm,Round Bar EN9 220 MM,Round Bar EN19 230 MM,,PART,,I,B0003773,,157 mm,41365,1
NORMAL_ALTERNATE_FLAG_MISMATCH,17917,NAOTR0000477,Outer Ring of N7016.1 - 320 x 405 x 177,NRFRG0000323,NRFRG0000323,NORMAL,ALTERNATE,0,1,1,1,1,Nos.,Nos.,Forged ring EN9 409X316X128,Forged ring EN9 409X316X128,,PART,,I,B0008715,,,26469,1
NORMAL_ALTERNATE_FLAG_MISMATCH,14748,NAOTR0000479,Outer Ring of N7016.1 - 360 x 455 x 203,NRFRG0000335,NRFRG0000335,NORMAL,ALTERNATE,0,1,1,1,1,Nos.,Nos.,Forged Ring EN9 459x356x144,Forged Ring EN9 459x356x144,,PART,,I,B0007472,B0007472,,35557,1
QUANTITY_MISMATCH,6192,NAOTR0000506,Outer Ring of N7040 - 50 x 80 x 64,NRRBR0000114,NRRBR0000114,NORMAL,NORMAL,0,0,70/71,70,71,mm,mm,Round Bar EN9 90 MM,Round Bar EN9 90 MM,,PART,,I,B0004161,B0004161,69 mm,24389,1
NORMAL_ALTERNATE_FLAG_MISMATCH,2252,NAOTR0000602,Outer Ring of N7450 - 100 x 145 x 100,NRRBR0000006,NRRBR0000006,NORMAL,ALTERNATE,0,1,124,124,124,mm,mm,Round Bar EN19 110 MM,Round Bar EN19 110 MM,,PART,,I,B0001408,,122 mm,23917,1
NORMAL_ALTERNATE_FLAG_MISMATCH,2235,NAOTR0000602,Outer Ring of N7450 - 100 x 145 x 100,NRRBR0000103,NRRBR0000117 / NRRBR0000103,NORMAL,ALTERNATE,0,1,136/135,135,135,mm,mm,Round Bar EN9 105 MM / Round Bar EN9 100 MM,Round Bar EN9 100 MM,,PART,,I,B0001408,B0001408,133 mm,23916,1
NORMAL_ALTERNATE_FLAG_MISMATCH,2235,NAOTR0000602,Outer Ring of N7450 - 100 x 145 x 100,NRRBR0000117,NRRBR0000117 / NRRBR0000103,ALTERNATE,NORMAL,1,0,136/135,136,136,mm,mm,Round Bar EN9 105 MM / Round Bar EN9 100 MM,Round Bar EN9 105 MM,,PART,,I,B0001408,,134 mm,23034,1
UOM_MISMATCH,29472,NAOTR0000612,Outer Ring of N7450 - 200 x 260 x 146,NRRBR0000598,NRRBR0000598 / NRRBR0000110,NORMAL,NORMAL,0,0,187/191,187,187,mm,Kg.,Round Bar  EN9 150 MM / Round Bar EN9 150 MM,Round Bar  EN9 150 MM,,PART,CUTTING SIZE - 28mm,I,B0013455,,,28015,1
UOM_MISMATCH,8382,NAOTR0000622,Outer Ring of N250 - 13/14 x 23 x 26,NRRBR0000112,NRRBR0000112,NORMAL,NORMAL,0,0,29,29,29,mm,Kg.,Round Bar EN9 45 MM,Round Bar EN9 45 MM,,PART,CUTTING SIZE - 55mm,I,B0010233,B0010233,,24593,1
UOM_MISMATCH,28167,NAOTR0000624,Outer Ring of N250 - 15 x 23 x 30,NRRBR0000112,NRRBR0000112,NORMAL,NORMAL,0,0,30,30,30,mm,Kg.,Round Bar EN9 45 MM,Round Bar EN9 45 MM,,PART,CUTTING SIZE - 55mm,I,B0012955,B0012955,,27864,1
UOM_MISMATCH,8627,NAOTR0000629,Outer Ring of N250 - 19 x 27 x 38,NRRBR0000116,NRRBR0000116 / NRRBR0000119,NORMAL,NORMAL,0,0,34/35,34,34,mm,Kg.,Round Bar EN9 56 MM / Round Bar EN9 50 MM,Round Bar EN9 56 MM,,PART,CUTTING SIZE - 55mm,I,B0004733,,,24615,1
NORMAL_ALTERNATE_FLAG_MISMATCH,8625,NAOTR0000629,Outer Ring of N250 - 19 x 27 x 38,NRRBR0000119,NRRBR0000119,NORMAL,ALTERNATE,0,1,35,35,35,mm,mm,Round Bar EN9 50 MM,Round Bar EN9 50 MM,,PART,CUTTING SIZE - 24mm,I,B0004733,B0004733,33 mm,34596,1
UOM_MISMATCH,3480,NAOTR0000630,Outer Ring of N250 - 20 x 28 x 38,NRRBR0000116,NRRBR0000116,NORMAL,NORMAL,0,0,34,34,34,mm,Kg.,Round Bar EN9 56 MM,Round Bar EN9 56 MM,,PART,CUTTING SIZE - 55mm,I,,,,23501,1
UOM_MISMATCH,224,NAOTR0000631,Outer Ring of N250 - 22 x 32 x 45,NRRBR0000116,NRRBR0000116,NORMAL,NORMAL,0,0,42,42,42,mm,Kg.,Round Bar EN9 56 MM,Round Bar EN9 56 MM,,PART,CUTTING SIZE - 55mm,I,B0000171,B0000171,,22065,1
RAW_MATERIAL_ITEM_MISSING,326,NAOTR0000633,Outer Ring of N250 - 24/25 x 34 x 45,NRRBR0000100,NRRBR0000100,NORMAL,NORMAL,0,0,41/42,41,41,mm,mm,Round Bar EN9 60 MM,,,,,I,B0000270,B0000270,39 mm,22204,1
UOM_MISMATCH,205,NAOTR0000634,Outer Ring of N250 - 28 x 39 x 45,NRRBR0000102,NRRBR0000102,NORMAL,NORMAL,0,0,42,42,42,mm,Kg.,RoundBar EN9 65 MM,RoundBar EN9 65 MM,RoundBar EN9 65 MM,PART,CUTTING SIZE - 23 MM,I,B0000158,B0000158,,22028,1
UOM_MISMATCH,181,NAOTR0000635,Outer Ring of N250 - 30 x 41 x 45,NRRBR0000102,NRRBR0000102,NORMAL,NORMAL,0,0,41/42,41,41,mm,Kg.,RoundBar EN9 65 MM,RoundBar EN9 65 MM,RoundBar EN9 65 MM,PART,CUTTING SIZE - 23 MM,I,,,,21981,1
NORMAL_ALTERNATE_FLAG_MISMATCH | UOM_MISMATCH,2666,NAOTR0000636,Outer Ring of N250 - 32 x 43 x 45,NRRBR0000102,NRRBR0000102,NORMAL,ALTERNATE,0,1,42,42,42,mm,Kg.,RoundBar EN9 65 MM,RoundBar EN9 65 MM,RoundBar EN9 65 MM,PART,CUTTING SIZE - 23 MM,I,B0001664,B0001664,,33389,1
UOM_MISMATCH,2671,NAOTR0000636,Outer Ring of N250 - 32 x 43 x 45,NRRBR0000102,NRRBR0000105 / NRRBR0000102,ALTERNATE,ALTERNATE,1,1,41/42,42,42,mm,Kg.,Round Bar EN9 70 MM / RoundBar EN9 65 MM,RoundBar EN9 65 MM,RoundBar EN9 65 MM,PART,CUTTING SIZE - 23 MM,I,B0001664,B0001664,,33389,1
NORMAL_ALTERNATE_FLAG_MISMATCH,2475,NAOTR0000637,Outer Ring of N250 - 35 x 47 x 50,NRRBR0000105,NRRBR0000105,NORMAL,ALTERNATE,0,1,47,47,47,mm,mm,Round Bar EN9 70 MM,Round Bar EN9 70 MM,Round Bar EN9 70 MM,PART,CUTTING SIZE - 33 MM,I,,,45 mm,33318,1
NORMAL_ALTERNATE_FLAG_MISMATCH,2266,NAOTR0000639,Outer Ring of N250 - 40 x 53 x 50,NRRBR0000111,NRRBR0000111,NORMAL,ALTERNATE,0,1,47,47,47,mm,mm,Round Bar EN9 75 MM,Round Bar EN9 75 MM,,PART,,I,B0000069,B0000069,45 mm,33222,1
UOM_MISMATCH,4970,NAOTR0000641,Outer Ring of N250 - 45 x 59 x 65,NRRBR0000124,NRRBR0000124,NORMAL,NORMAL,0,0,60,60,60,mm,Kg.,Round Bar EN19 85 MM,Round Bar EN19 85 MM,,PART,,I,B0002960,B0002960,,23844,1
NORMAL_ALTERNATE_FLAG_MISMATCH,3467,NAOTR0000643,Outer Ring of N250 - 50 x 65 x 70,NRRBR0000114,NRRBR0000114,NORMAL,ALTERNATE,0,1,65,65,65,mm,mm,Round Bar EN9 90 MM,Round Bar EN9 90 MM,,PART,,I,B0002229,B0002229,63 mm,33696,1
NORMAL_ALTERNATE_FLAG_MISMATCH,2663,NAOTR0000655,Outer Ring of N250 - 120 x 155 x 128,NRRBR0000121,NRRBR0000121,NORMAL,ALTERNATE,0,1,125,125,125,mm,mm,Round Bar EN9 180 MM,Round Bar EN9 180 MM,,PART,CUTTING SIZE - 22mm,I,B0000154,B0000154,123 mm,33384,1
NORMAL_ALTERNATE_FLAG_MISMATCH,142,NAOTR0000706,Outer Ring of N7032.s - 148 x 200 x 54,NRRBR0000107,NRRBR0000109 / NRRBR0000107,NORMAL,ALTERNATE,0,1,89/76,76,76,mm,mm,Round Bar EN9 125 MM / Round Bar EN9 130 MM,Round Bar EN9 130 MM,,PART,,I,B0000114,B0000114,74 mm,41289,1
NORMAL_ALTERNATE_FLAG_MISMATCH,142,NAOTR0000706,Outer Ring of N7032.s - 148 x 200 x 54,NRRBR0000109,NRRBR0000109 / NRRBR0000107,ALTERNATE,NORMAL,1,0,89/76,89,89,mm,mm,Round Bar EN9 125 MM / Round Bar EN9 130 MM,Round Bar EN9 125 MM,,PART,,I,B0000114,,87 mm,21911,1
NORMAL_ALTERNATE_FLAG_MISMATCH,505,NAOTR0000709,Outer Ring of NS 60 -22 A - 50 x 110 x 28,NRRBR0000118,NRRBR0000118,NORMAL,ALTERNATE,0,1,36,36,36,mm,mm,Round Bar EN9 120 MM,Round Bar EN9 120 MM,,PART,,I,B0000385,B0000385,34 mm,28855,1
MAKE_BUY_MISMATCH,2964,NAOTR0000712,Outer Ring of NSD 22 - 50 x 90 x 26,NRRBR0000144,NRRBR0000144,NORMAL,NORMAL,0,0,34/33,33,33,mm,mm,Round Bar SS 304 100 MM,Round Bar SS 304 100 MM,,PART,,A,B0000444,B0000444,31 mm,28890,1
NORMAL_ALTERNATE_FLAG_MISMATCH,576,NAOTR0000715,Outer Ring-1 of NIS 150 - 150 x 200 x 200,NRRBR0000173,NRRBR0000173,NORMAL,ALTERNATE,0,1,108,108,108,mm,mm,Round Bar EN19 120 MM,Round Bar EN19 120 MM,,PART,,I,B0000461,B0000461,106 mm,36120,1
NORMAL_ALTERNATE_FLAG_MISMATCH,581,NAOTR0000717,Outer Ring-1 of NIS 130 - 130 x 180 x 204,NRRBR0000150,NRRBR0000173 / NRRBR0000150,NORMAL,ALTERNATE,0,1,79/77,77,77,mm,mm,Round Bar EN19 120 MM,Round Bar 4140 120 MM,,PART,,I,B0000466,,75 mm,36143,1
NORMAL_ALTERNATE_FLAG_MISMATCH,581,NAOTR0000717,Outer Ring-1 of NIS 130 - 130 x 180 x 204,NRRBR0000173,NRRBR0000173 / NRRBR0000150,ALTERNATE,NORMAL,1,0,79/77,79,79,mm,mm,Round Bar EN19 120 MM,Round Bar EN19 120 MM,,PART,,I,B0000466,,77 mm,28905,1
RAW_MATERIAL_ITEM_MISSING,2431,NAOTR0000735,Outer Ring of N7032.sp - 22 x 52 x 28,NRRBR0000100,NRRBR0000100,NORMAL,NORMAL,0,0,26,26,26,mm,mm,Round Bar EN9 60 MM,,,,,I,B0001523,B0001523,24 mm,23061,1
UOM_MISMATCH,3180,NAOTR0000745,Outer Ring of N7033.s ID 16 x OD 47,NRRBR0000116,NRRBR0000116,NORMAL,NORMAL,0,0,26,26,26,mm,Kg.,Round Bar EN9 56 MM,Round Bar EN9 56 MM,,PART,CUTTING SIZE - 55mm,I,B0002034,B0002034,,33628,1
NORMAL_ALTERNATE_FLAG_MISMATCH,4716,NAOTR0000766,Outer Ring-1 of NIS 110 - 110 x 155 x 76,NRRBR0000009,NRRBR0000236 / NRRBR0000009,NORMAL,ALTERNATE,0,1,71/50,50,50,mm,mm,Round Bar EN19 105 MM / Round Bar EN19 125 MM,Round Bar EN19 125 MM,,PART,,I,B0002836,B0002836,48 mm,23764,1
NORMAL_ALTERNATE_FLAG_MISMATCH,4716,NAOTR0000766,Outer Ring-1 of NIS 110 - 110 x 155 x 76,NRRBR0000236,NRRBR0000236 / NRRBR0000009,ALTERNATE,NORMAL,1,0,71/50,71,71,mm,mm,Round Bar EN19 105 MM / Round Bar EN19 125 MM,Round Bar EN19 105 MM,,PART,,I,B0002836,,69 mm,33892,1
NORMAL_ALTERNATE_FLAG_MISMATCH,5331,NAOTR0000785,Outer Ring of NS 80 23 C.sp1 - 80 x 170 x 48,NRRBR0000211,NRRBR0000211,NORMAL,ALTERNATE,0,1,53,53,53,mm,mm,Round Bar 4140 180 MM,Round Bar 4140 180 MM,,PART,,I,B0003170,B0003170,51 mm,36234,1
NORMAL_ALTERNATE_FLAG_MISMATCH,6510,NAOTR0000787,Outer Ring of N7016.1 - 200 x 260 x 149,NRRBR0000128,NRRBR0000128 / NRRBR0000172,ALTERNATE,NORMAL,1,0,164/157,164,164,mm,mm,Round Bar EN9 200 MM,Round Bar EN9 200 MM,,PART,,I,B0003700,,162 mm,34337,1
NORMAL_ALTERNATE_FLAG_MISMATCH,6506,NAOTR0000787,Outer Ring of N7016.1 - 200 x 260 x 149,NRRBR0000172,NRRBR0000172,NORMAL,ALTERNATE,0,1,157,157,157,mm,mm,Round Bar EN19 200 MM,Round Bar EN19 200 MM,,PART,CUTTING SIZE - 101mm,I,B0003700,B0003700,155 mm,24165,1
NORMAL_ALTERNATE_FLAG_MISMATCH,7041,NAOTR0000795,Outer Ring of N8006 - 300 x 333 x 53,NRRBR0000123,NRRBR0000123,NORMAL,ALTERNATE,0,1,117,117,117,mm,mm,Round Bar EN9 160 MM,Round Bar EN9 160 MM,,PART,,I,B0003978,B0003978,115 mm,34431,1
UOM_MISMATCH,8524,NAOTR0000813,Outer Ring of N7032 ID 34 x OD 60,NRRBR0000102,NRRBR0000102,NORMAL,NORMAL,0,0,26,26,26,mm,Kg.,RoundBar EN9 65 MM,RoundBar EN9 65 MM,RoundBar EN9 65 MM,PART,CUTTING SIZE - 23 MM,I,B0004686,B0004686,,34592,1
NORMAL_ALTERNATE_FLAG_MISMATCH,9282,NAOTR0000820,Outer Ring of N7515.sp1 - 135 x 190 x 79,NRRBR0000002,NRRBR0000002,NORMAL,ALTERNATE,0,1,112,112,112,mm,mm,Round Bar EN19 140 MM,Round Bar EN19 140 MM,,PART,CUTTING SIZE - 38mm,I,B0004996,B0004996,110 mm,34654,1
UOM_MISMATCH,9301,NAOTR0000822,Outer Ring of NS 30-12 A.sp1 - d x 76 x 21,NRRBR0000124,NRRBR0000124,NORMAL,NORMAL,0,0,30/29,29,29,mm,Kg.,Round Bar EN19 85 MM,Round Bar EN19 85 MM,,PART,,I,B0005008,B0005008,,24799,1
NORMAL_ALTERNATE_FLAG_MISMATCH,9398,NAOTR0000825,Outer Ring of NSD 185-28 - 185 x 320 x 103,NRRBR0000172,NRRBR0000172,NORMAL,ALTERNATE,0,1,206,206,206,mm,mm,Round Bar EN19 200 MM,Round Bar EN19 200 MM,,PART,CUTTING SIZE - 101mm,I,B0005045,B0005045,204 mm,36339,1
QUANTITY_MISMATCH,10210,NAOTR0000836,Outer Ring of N7515.sp1 - 125 x 180 x 79,NRRBR0000132,NRRBR0000132,NORMAL,NORMAL,0,0,110/109,109,110,mm,mm,Round Bar EN9 140 MM,Round Bar EN9 140 MM,,PART,CUTTING SIZE - 23mm,I,B0005491,B0005491,108 mm,25036,1
NORMAL_ALTERNATE_FLAG_MISMATCH,10243,NAOTR0000840,Outer Ring of N7016.1 - 32 x 60 x 54,NRRBR0000010,NRRBR0000010,NORMAL,ALTERNATE,0,1,51,51,51,mm,mm,Round Bar EN19 70 MM,Round Bar EN19 70 MM,,PART,,I,B0005513,B0005513,49 mm,25056,1
QUANTITY_MISMATCH,10278,NAOTR0000844,Outer Race of NXN 86 - d x 125 x 40,NRRBR0000165,NRRBR0000165,NORMAL,NORMAL,0,0,48/47,47,48,mm,mm,Round Bar 20mncr5 140 MM,Round Bar 20mncr5 140 MM,,PART,,I,B0005524,B0005524,46 mm,9720,1
UOM_MISMATCH,623,NAOTR0000852,Outer Ring of N7035 ID 20 x OD 38- C,NRRBR0000112,NRRBR0000112,NORMAL,NORMAL,0,0,253,253,253,mm,Kg.,Round Bar EN9 45 MM,Round Bar EN9 45 MM,,PART,CUTTING SIZE - 55mm,I,B0005732,B0005732,,22566,1
UOM_MISMATCH,10804,NAOTR0000855,Outer Ring of N7032.sp1 - 25 x 55 x 28,NRRBR0000102,NRRBR0000102,NORMAL,NORMAL,0,0,26,26,26,mm,Kg.,RoundBar EN9 65 MM,RoundBar EN9 65 MM,RoundBar EN9 65 MM,PART,CUTTING SIZE - 23 MM,I,B0005787,B0005787,,25182,1
UOM_MISMATCH,11612,NAOTR0000918,Outer Ring of N7012.s - 30 x 55 x 40,NRRBR0000102,NRRBR0000102,NORMAL,NORMAL,0,0,51,51,51,mm,Kg.,RoundBar EN9 65 MM,RoundBar EN9 65 MM,RoundBar EN9 65 MM,PART,CUTTING SIZE - 23 MM,I,B0006134,B0006134,,25299,1
NORMAL_ALTERNATE_FLAG_MISMATCH,14121,NAOTR0000985,Outer Ring of N8006 ID 250 x OD 280,NRRBR0000132,NRRBR0000132,NORMAL,ALTERNATE,0,1,120,120,120,mm,mm,Round Bar EN9 140 MM,Round Bar EN9 140 MM,,PART,CUTTING SIZE - 23mm,I,B0007201,B0007201,118 mm,35315,1
UOM_MISMATCH,14119,NAOTR0000985,Outer Ring of N8006 ID 250 x OD 280,NRRBR0000598,NRRBR0000598 / NRRBR0000132,NORMAL,NORMAL,0,0,110/120,110,110,mm,Kg.,Round Bar  EN9 150 MM / Round Bar EN9 140 MM,Round Bar  EN9 150 MM,,PART,CUTTING SIZE - 28mm,I,B0007201,,,25767,1
RAW_MATERIAL_ITEM_MISSING,14230,NAOTR0000991,Outer Ring of N7032 ID 19 x OD 47,NRRBR0000100,NRRBR0000100,NORMAL,NORMAL,0,0,26,26,26,mm,mm,Round Bar EN9 60 MM,,,,,I,B0007244,B0007244,24 mm,35337,1
QUANTITY_MISMATCH,16210,NAOTR0001013,Outer Ring of NSD 155-28 - 155 x 263 x 74,NRRBR0000172,NRRBR0000172,NORMAL,NORMAL,0,0,115/107,107,115,mm,mm,Round Bar EN19 200 MM,Round Bar EN19 200 MM,,PART,CUTTING SIZE - 101mm,I,B0008054,B0008054,113 mm,29546,1
RAW_MATERIAL_ITEM_MISSING,16960,NAOTR0001032,Outer Ring of  N250.sp1 - 13.5 x 24 x 36,NRRBR0000100,NRRBR0000100,NORMAL,NORMAL,0,0,33,33,33,mm,mm,Round Bar EN9 60 MM,,,,,I,B0008456,B0008456,31 mm,26265,1
UOM_MISMATCH,17724,NAOTR0001047,Outer Ring of N7116 ID 45 x OD 75,NRRBR0000124,NRRBR0000124,NORMAL,NORMAL,0,0,49,49,49,mm,Kg.,Round Bar EN19 85 MM,Round Bar EN19 85 MM,,PART,,I,B0008639,B0008639,,35677,1
UOM_MISMATCH,18811,NAOTR0001072,Outer Ring of N7030.sp1 ID 29 x OD 55,NRRBR0000102,NRRBR0000102,NORMAL,NORMAL,0,0,35,35,35,mm,Kg.,RoundBar EN9 65 MM,RoundBar EN9 65 MM,RoundBar EN9 65 MM,PART,CUTTING SIZE - 23 MM,I,B0009109,B0009109,,35802,1
QUANTITY_MISMATCH,18921,NAOTR0001073,Outer Ring of N7515.sp1 - 175 x 230 x 92,NRRBR0000123,NRRBR0000123,NORMAL,NORMAL,0,0,132/131,131,132,mm,mm,Round Bar EN9 160 MM,Round Bar EN9 160 MM,,PART,,I,B0009153,B0009153,130 mm,26639,1
UOM_MISMATCH,20164,NAOTR0001089,Outer Ring of N2506.sp1 - 22 x 27 x 25,NRRBR0000112,NRRBR0000112,NORMAL,NORMAL,0,0,32,32,32,mm,Kg.,Round Bar EN9 45 MM,Round Bar EN9 45 MM,,PART,CUTTING SIZE - 55mm,I,B0009670,B0009670,,26771,1
NORMAL_ALTERNATE_FLAG_MISMATCH,585,NAOTR0001115,Outer Ring-2 of NIS 130 - 130 x 180 x 204,NRRBR0000009,NRRBR0000173 / NRRBR0000009,NORMAL,ALTERNATE,0,1,79/74,74,74,mm,mm,Round Bar EN19 120 MM / Round Bar EN19 125 MM,Round Bar EN19 125 MM,,PART,,I,B0010061,B0010061,72 mm,41385,1
NORMAL_ALTERNATE_FLAG_MISMATCH,585,NAOTR0001115,Outer Ring-2 of NIS 130 - 130 x 180 x 204,NRRBR0000173,NRRBR0000173 / NRRBR0000009,ALTERNATE,NORMAL,1,0,79/74,79,79,mm,mm,Round Bar EN19 120 MM / Round Bar EN19 125 MM,Round Bar EN19 120 MM,,PART,,I,B0010061,,77 mm,28909,1
UOM_MISMATCH,13606,NAOTR0001135,Outer Ring of N7134.sp1 - 28 x 55 x 30,NRRBR0000102,NRRBR0000102,NORMAL,NORMAL,0,0,26,26,26,mm,Kg.,RoundBar EN9 65 MM,RoundBar EN9 65 MM,RoundBar EN9 65 MM,PART,CUTTING SIZE - 23 MM,I,B0010313,B0010313,,41392,1
RAW_MATERIAL_ITEM_MISSING,22012,NAOTR0001137,Outer Ring of N1600 - 38 x 48 x 42,NRRBR0000100,NRRBR0000100,NORMAL,NORMAL,0,0,44,44,44,mm,mm,Round Bar EN9 60 MM,,,,,I,B0010702,B0010702,42 mm,41414,1
UOM_MISMATCH,23028,NAOTR0001168,Outer Ring of N7043.sp1 - 25 x 43 x 26.1,NRRBR0000116,NRRBR0000116,NORMAL,NORMAL,0,0,27,27,27,mm,Kg.,Round Bar EN9 56 MM,Round Bar EN9 56 MM,,PART,CUTTING SIZE - 55mm,I,B0010807,B0010807,,41416,1
EXTRA_DB_RAW_MATERIAL_LINK,,NAOTR0001201,Outer Ring of N7012 - 440 x 545 x 102,NRFRG0000575,,,ALTERNATE,,1,,,1,,Nos.,,Forged ring EN9 479X428X106,,PART,,I,,,,41443,1
UOM_MISMATCH,21053,NAOTR0001203,Outer Ring of N7030 (W/O Slit) - 28 x 55 x 41,NRRBR0000102,NRRBR0000102,NORMAL,NORMAL,0,0,35,35,35,mm,Kg.,RoundBar EN9 65 MM,RoundBar EN9 65 MM,RoundBar EN9 65 MM,PART,CUTTING SIZE - 23 MM,I,B0011614,B0011614,,41445,1
RAW_MATERIAL_ITEM_MISSING,25441,NAOTR0001210,Outer Ring of N7030 (W/O Slit) - 24/25 x 50 x 41,NRRBR0000100,NRRBR0000100,NORMAL,NORMAL,0,0,35,35,35,mm,mm,Round Bar EN9 60 MM,,,,,I,B0011882,B0011882,33 mm,41448,1
UOM_MISMATCH,25500,NAOTR0001212,Outer Ring of N280 OE - 28 x 45 x 41,NRRBR0000116,NRRBR0000116,NORMAL,NORMAL,0,0,43,43,43,mm,Kg.,Round Bar EN9 56 MM,Round Bar EN9 56 MM,,PART,CUTTING SIZE - 55mm,I,B0011937,B0011937,,27511,1
UOM_MISMATCH,26835,NAOTR0001234,Outer Ring of N250.sp1 - 20 x 28 x 38,NRRBR0000116,NRRBR0000116,NORMAL,NORMAL,0,0,37,37,37,mm,Kg.,Round Bar EN9 56 MM,Round Bar EN9 56 MM,,PART,CUTTING SIZE - 55mm,I,B0012449,B0012449,,27646,1
UOM_MISMATCH,27330,NAOTR0001242,Outer Ring of N250 (B026) - 28 x 39 x 45,NRRBR0000102,NRRBR0000102,NORMAL,NORMAL,0,0,41/42,41,41,mm,Kg.,RoundBar EN9 65 MM,RoundBar EN9 65 MM,RoundBar EN9 65 MM,PART,CUTTING SIZE - 23 MM,I,B0012626,B0012626,,27739,1
UOM_MISMATCH,28393,NAOTR0001268,Outer Ring of N250.sp1 - 25 x 37 x 45,NRRBR0000102,NRRBR0000102,NORMAL,NORMAL,0,0,42,42,42,mm,Kg.,RoundBar EN9 65 MM,RoundBar EN9 65 MM,RoundBar EN9 65 MM,PART,CUTTING SIZE - 23 MM,I,B0013055,B0013055,,27904,1
UOM_MISMATCH,28398,NAOTR0001269,Outer Ring of N250.sp2 - 22 x 30 x 38,NRRBR0000116,NRRBR0000116,NORMAL,NORMAL,0,0,35,35,35,mm,Kg.,Round Bar EN9 56 MM,Round Bar EN9 56 MM,,PART,CUTTING SIZE - 55mm,I,B0013057,B0013057,,27911,1
UOM_MISMATCH,31117,NAOTR0001313,Outer Ring of NS 36-12 A.sp1 - 36 x 72 x 13.5,NRRBR0000124,NRRBR0000124,NORMAL,NORMAL,0,0,19,19,19,mm,Kg.,Round Bar EN19 85 MM,Round Bar EN19 85 MM,,PART,,I,B0014053,B0014053,,41546,1
UOM_MISMATCH,32235,NAOTR0001332,Outer Ring of N7037 - 20 x 42 x 18,NRRBR0000116,NRRBR0000116,NORMAL,NORMAL,0,0,27,27,27,mm,Kg.,Round Bar EN9 56 MM,Round Bar EN9 56 MM,,PART,CUTTING SIZE - 55mm,I,B0014507,B0014507,,41564,1
UOM_MISMATCH,32719,NAOTR0001345,Outer Ring of N280 - 32 x 51 x 57,NRRBR0000102,NRRBR0000102,NORMAL,NORMAL,0,0,49,49,49,mm,Kg.,RoundBar EN9 65 MM,RoundBar EN9 65 MM,RoundBar EN9 65 MM,PART,CUTTING SIZE - 23 MM,I,B0014720,B0014720,,41580,1
UOM_MISMATCH,34882,NAOTR0001402,"Outer Ring of N7016.1.in - 1.625"" x 2.953"" x 2.126""",NRRBR0000124,NRRBR0000124,NORMAL,NORMAL,0,0,50,50,50,mm,Kg.,Round Bar EN19 85 MM,Round Bar EN19 85 MM,,PART,,I,B0015621,B0015621,,41626,1
UOM_MISMATCH,35060,NAOTR0001403,Outer Ring of N8006.sp1 - 225 x 250 x 43,NRRBR0000598,NRRBR0000598,NORMAL,NORMAL,0,0,83,83,83,mm,Kg.,Round Bar  EN9 150 MM,Round Bar  EN9 150 MM,,PART,CUTTING SIZE - 28mm,I,B0015688,B0015688,,28721,1
NORMAL_ALTERNATE_FLAG_MISMATCH,1975,NARRN0000026,Rear Nut of N7012 - 130 x 180 x 38,NRRBR0000006,NRRBR0000006,NORMAL,ALTERNATE,0,1,55,55,55,mm,mm,Round Bar EN19 110 MM,Round Bar EN19 110 MM,,PART,,I,B0000121,B0000121,53 mm,33022,1
NORMAL_ALTERNATE_FLAG_MISMATCH,1979,NARRN0000027,Rear Nut of N7012 - 140 x 190 x 38,NRRBR0000006,NRRBR0000006,NORMAL,ALTERNATE,0,1,61,61,61,mm,mm,Round Bar EN19 110 MM,Round Bar EN19 110 MM,,PART,,I,,,59 mm,33031,1
NORMAL_ALTERNATE_FLAG_MISMATCH,1990,NARRN0000028,Rear Nut of N7012 - 150 x 200 x 38,NRRBR0000006,NRRBR0000006,NORMAL,ALTERNATE,0,1,62,62,62,mm,mm,Round Bar EN19 110 MM,Round Bar EN19 110 MM,,PART,,I,,,60 mm,33040,1
NORMAL_ALTERNATE_FLAG_MISMATCH,1700,NARRN0000031,Rear Nut of N7012 - 180 x 235 x 44,NRRBR0000236,NRRBR0000236,NORMAL,ALTERNATE,0,1,90,90,90,mm,mm,Round Bar EN19 105 MM,Round Bar EN19 105 MM,,PART,,I,,,88 mm,32765,1
UOM_MISMATCH,19725,NARRN0000049,Rear Nut of N7036 ID 50 x OD 85,NRRBR0000124,NRRBR0000124,NORMAL,NORMAL,0,0,27,27,27,mm,Kg.,Round Bar EN19 85 MM,Round Bar EN19 85 MM,,PART,,I,B0009486,B0009486,,35872,1
NORMAL_ALTERNATE_FLAG_MISMATCH,3004,NARRN0000109,Rear Nut of N7015.0 - 110 x 155 x 65,NRRBR0000107,NRRBR0000107,NORMAL,ALTERNATE,0,1,145,145,145,mm,mm,Round Bar EN9 130 MM,Round Bar EN9 130 MM,,PART,,I,B0001902,B0001902,143 mm,41655,1
NORMAL_ALTERNATE_FLAG_MISMATCH,9952,NARRN0000156,Rear Nut of N7515 - 80 x 120 x 60,NRRBR0000188,NRRBR0000188,NORMAL,ALTERNATE,0,1,29,29,29,mm,mm,Round Bar 4140 125 MM,Round Bar 4140 125 MM,,PART,CUTTING SIZE - 56mm,I,B0000311,B0000311,27 mm,24941,1
NORMAL_ALTERNATE_FLAG_MISMATCH,3052,NARRN0000160,Rear Nut of N7515 - 100 x 145 x 70,NRRBR0000004,NRRBR0000004,NORMAL,ALTERNATE,0,1,33,33,33,mm,mm,Round Bar EN19 150 MM,Round Bar EN19 150 MM,,PART,,I,B0001930,B0001930,31 mm,33554,1
NORMAL_ALTERNATE_FLAG_MISMATCH,8748,NARRN0000161,Rear Nut of N7515 - 110 x 155 x 70,NRRBR0000006,NRRBR0000006 / NRRBR0000022,ALTERNATE,NORMAL,1,0,60/33,60,60,mm,mm,Round Bar EN19 110 MM / Round Bar EN19 160 MM,Round Bar EN19 110 MM,,PART,,I,B0000874,,58 mm,24635,1
NORMAL_ALTERNATE_FLAG_MISMATCH,1420,NARRN0000161,Rear Nut of N7515 - 110 x 155 x 70,NRRBR0000022,NRRBR0000022,NORMAL,ALTERNATE,0,1,33,33,33,mm,mm,Round Bar EN19 160 MM,Round Bar EN19 160 MM,,PART,,I,B0000874,B0000874,31 mm,32758,1
NORMAL_ALTERNATE_FLAG_MISMATCH,8753,NARRN0000162,Rear Nut of N7515 - 120 x 165 x 70,NRRBR0000006,NRRBR0000006 / NRRBR0000197,ALTERNATE,NORMAL,1,0,66/65,66,66,mm,mm,Round Bar EN19 110 MM / Round Bar EN19 100 MM,Round Bar EN19 110 MM,,PART,,I,B0002862,,64 mm,24643,1
NORMAL_ALTERNATE_FLAG_MISMATCH,4800,NARRN0000162,Rear Nut of N7515 - 120 x 165 x 70,NRRBR0000197,NRRBR0000197,NORMAL,ALTERNATE,0,1,65,65,65,mm,mm,Round Bar EN19 100 MM,Round Bar EN19 100 MM,,PART,,I,B0002862,B0002862,63 mm,33902,1
NORMAL_ALTERNATE_FLAG_MISMATCH,8991,NARRN0000164,Rear Nut of N7515 - 140 x 190 x 79,NRRBR0000150,NRRBR0000173 / NRRBR0000150,NORMAL,ALTERNATE,0,1,76/73,73,73,mm,mm,Round Bar EN19 120 MM,Round Bar 4140 120 MM,,PART,,I,B0000850,,71 mm,41649,1
NORMAL_ALTERNATE_FLAG_MISMATCH,8991,NARRN0000164,Rear Nut of N7515 - 140 x 190 x 79,NRRBR0000173,NRRBR0000173 / NRRBR0000150,ALTERNATE,NORMAL,1,0,76/73,76,76,mm,mm,Round Bar EN19 120 MM,Round Bar EN19 120 MM,,PART,,I,B0000850,,74 mm,24747,1
NORMAL_ALTERNATE_FLAG_MISMATCH,1405,NARRN0000165,Rear Nut of N7515 - 150 x 200 x 79,NRRBR0000236,NRRBR0000236,NORMAL,ALTERNATE,0,1,102,102,102,mm,mm,Round Bar EN19 105 MM,Round Bar EN19 105 MM,,PART,,I,B0000857,B0000857,100 mm,33325,1
NORMAL_ALTERNATE_FLAG_MISMATCH,7026,NARRN0000166,Rear Nut of N7515 - 160 x 210 x 79,NRRBR0000173,NRRBR0000173,NORMAL,ALTERNATE,0,1,86,86,86,mm,mm,Round Bar EN19 120 MM,Round Bar EN19 120 MM,,PART,,I,B0000861,B0000861,84 mm,24256,1
NORMAL_ALTERNATE_FLAG_MISMATCH,6282,NARRN0000167,Rear Nut of N7515 - 170 x 225 x 92,NRRBR0000002,NRRBR0000002 / NRRBR0000004,ALTERNATE,NORMAL,1,0,82/71,82,82,mm,mm,Round Bar EN19 140 MM / Round Bar EN19 150 MM,Round Bar EN19 140 MM,,PART,CUTTING SIZE - 38mm,I,B0000853,,80 mm,24080,1
NORMAL_ALTERNATE_FLAG_MISMATCH,1401,NARRN0000167,Rear Nut of N7515 - 170 x 225 x 92,NRRBR0000004,NRRBR0000004,NORMAL,ALTERNATE,0,1,71,71,71,mm,mm,Round Bar EN19 150 MM,Round Bar EN19 150 MM,,PART,,I,B0000853,B0000853,69 mm,33761,1
NORMAL_ALTERNATE_FLAG_MISMATCH,1417,NARRN0000169,Rear Nut of N7515 - 190 x 250 x 102,NRRBR0000002,NRRBR0000002,NORMAL,ALTERNATE,0,1,106,106,106,mm,mm,Round Bar EN19 140 MM,Round Bar EN19 140 MM,,PART,CUTTING SIZE - 38mm,I,B0000870,B0000870,104 mm,33877,1
NORMAL_ALTERNATE_FLAG_MISMATCH,1413,NARRN0000170,Rear Nut of N7515 - 200 x 260 x 102,NRRBR0000207,NRRBR0000207,NORMAL,ALTERNATE,0,1,95,95,95,mm,mm,Round Bar 4140 150 mm,Round Bar 4140 150 mm,,PART,,I,B0000865,B0000865,93 mm,41650,1
NORMAL_ALTERNATE_FLAG_MISMATCH,280,NARRN0000171,Rear Nut of N7515 - 220 x 285 x 110,NRRBR0000022,NRRBR0000022 / NRRBR0000140,ALTERNATE,NORMAL,1,0,102/81,102,102,mm,mm,Round Bar EN19 160 MM / Round Bar EN19 180 MM,Round Bar EN19 160 MM,,PART,,I,B0000207,,100 mm,33617,1
NORMAL_ALTERNATE_FLAG_MISMATCH | QUANTITY_MISMATCH,280,NARRN0000171,Rear Nut of N7515 - 220 x 285 x 110,NRRBR0000140,NRRBR0000022 / NRRBR0000140,NORMAL,ALTERNATE,0,1,102/81,81,83,mm,mm,Round Bar EN19 160 MM / Round Bar EN19 180 MM,Round Bar EN19 180 MM,,PART,,I,B0000207,B0000207,81 mm,24453,1
QUANTITY_MISMATCH,294,NARRN0000172,Rear Nut of N7515 - 240 x 305 x 108,NRRBR0000140,NRRBR0000140,NORMAL,NORMAL,0,0,87/86,86,87,mm,mm,Round Bar EN19 180 MM,Round Bar EN19 180 MM,,PART,,I,B0000214,B0000214,85 mm,22155,1
RAW_MATERIAL_ITEM_MISSING,2534,NARRN0000181,Rear Nut of N7016.1 - 24 x 55 x 40,NRRBR0000100,NRRBR0000100,NORMAL,NORMAL,0,0,24,24,24,mm,mm,Round Bar EN9 60 MM,,,,,I,B0001593,B0001593,22 mm,23125,1
UOM_MISMATCH,3952,NARRN0000185,Rear Nut of N7016.1 - 35 x 60 x 54,NRRBR0000102,NRRBR0000102,NORMAL,NORMAL,0,0,24,24,24,mm,Kg.,RoundBar EN9 65 MM,RoundBar EN9 65 MM,RoundBar EN9 65 MM,PART,CUTTING SIZE - 23 MM,I,B0002519,B0002519,,23837,1
UOM_MISMATCH,16482,NARRN0000186,Rear Nut of N7016.1 - 38 x 75 x 54,NRRBR0000124,NRRBR0000124,NORMAL,NORMAL,0,0,24,24,24,mm,Kg.,Round Bar EN19 85 MM,Round Bar EN19 85 MM,,PART,,I,B0008137,B0008137,,26200,1
NORMAL_ALTERNATE_FLAG_MISMATCH,2178,NARRN0000187,Rear Nut of N7016.1 - 40 x 75 x 54,NRRBR0000007,NRRBR0000007,NORMAL,ALTERNATE,0,1,27,27,27,mm,mm,Round Bar EN19 80 MM,Round Bar EN19 80 MM,,PART,,I,B0000320,B0000320,25 mm,33152,1
UOM_MISMATCH,412,NARRN0000187,Rear Nut of N7016.1 - 40 x 75 x 54,NRRBR0000124,NRRBR0000124 / NRRBR0000007,NORMAL,NORMAL,0,0,26/27,26,26,mm,Kg.,Round Bar EN19 85 MM / Round Bar EN19 80 MM,Round Bar EN19 85 MM,,PART,,I,B0000320,,,22314,1
UOM_MISMATCH,11052,NARRN0000188,Rear Nut of N7016.1 - 42 x 75 x 54,NRRBR0000124,NRRBR0000124,NORMAL,NORMAL,0,0,27,27,27,mm,Kg.,Round Bar EN19 85 MM,Round Bar EN19 85 MM,,PART,,I,B0008132,B0008132,,25232,1
NORMAL_ALTERNATE_FLAG_MISMATCH,2699,NARRN0000189,Rear Nut of N7016.1 - 45 x 75 x 54,NRRBR0000007,NRRBR0000007,NORMAL,ALTERNATE,0,1,27,27,27,mm,mm,Round Bar EN19 80 MM,Round Bar EN19 80 MM,,PART,,I,B0001689,,25 mm,23176,1
NORMAL_ALTERNATE_FLAG_MISMATCH | UOM_MISMATCH,2181,NARRN0000191,Rear Nut of N7016.1 - 50 x 80 x 66,NRRBR0000124,NRRBR0000124,NORMAL,ALTERNATE,0,1,32,32,32,mm,Kg.,Round Bar EN19 85 MM,Round Bar EN19 85 MM,,PART,,I,B0000346,B0000346,,10917,1
UOM_MISMATCH,446,NARRN0000191,Rear Nut of N7016.1 - 50 x 80 x 66,NRRBR0000124,NRRBR0000005 / NRRBR0000124,ALTERNATE,ALTERNATE,1,1,31/32,32,32,mm,Kg.,Round Bar EN19 90 MM / Round Bar EN19 85 MM,Round Bar EN19 85 MM,,PART,,I,B0000346,B0000346,,10917,1
NORMAL_ALTERNATE_FLAG_MISMATCH,2742,NARRN0000192,Rear Nut of N7016.1 - 55 x 85 x 66,NRRBR0000114,NRRBR0000114,NORMAL,ALTERNATE,0,1,32,32,32,mm,mm,Round Bar EN9 90 MM,Round Bar EN9 90 MM,,PART,,I,B0001714,B0001714,30 mm,33433,1
NORMAL_ALTERNATE_FLAG_MISMATCH,17694,NARRN0000193,Rear Nut of N7016.1 - 60 x 90 x 66,NRRBR0000103,NRRBR0000103,NORMAL,ALTERNATE,0,1,31,31,31,mm,mm,Round Bar EN9 100 MM,Round Bar EN9 100 MM,,PART,,I,B0000904,B0000904,29 mm,26437,1
NORMAL_ALTERNATE_FLAG_MISMATCH,5858,NARRN0000194,Rear Nut of N7016.1 - 65 x 95 x 66,NRRBR0000197,NRRBR0000197,NORMAL,ALTERNATE,0,1,31,31,31,mm,mm,Round Bar EN19 100 MM,Round Bar EN19 100 MM,,PART,,I,B0003391,B0003391,29 mm,34129,1
NORMAL_ALTERNATE_FLAG_MISMATCH,3087,NARRN0000195,Rear Nut of N7016.1 - 70 x 110 x 80,NRRBR0000118,NRRBR0000118,NORMAL,ALTERNATE,0,1,37,37,37,mm,mm,Round Bar EN9 120 MM,Round Bar EN9 120 MM,,PART,,I,B0001967,B0001967,35 mm,41657,1
NORMAL_ALTERNATE_FLAG_MISMATCH,319,NARRN0000199,Rear Nut of N7016.1 - 90 x 130 x 80,NRRBR0000002,NRRBR0000002,NORMAL,ALTERNATE,0,1,36/38,36,36,mm,mm,Round Bar EN19 140 MM,Round Bar EN19 140 MM,,PART,CUTTING SIZE - 38mm,I,B0000251,B0000251,34 mm,22191,1
NORMAL_ALTERNATE_FLAG_MISMATCH,2854,NARRN0000201,Rear Nut of N7016.1 - 100 x 145 x 102,NRRBR0000022,NRRBR0000022,NORMAL,ALTERNATE,0,1,44,44,44,mm,mm,Round Bar EN19 160 MM,Round Bar EN19 160 MM,,PART,,I,B0001780,B0001780,42 mm,23256,1
NORMAL_ALTERNATE_FLAG_MISMATCH,2935,NARRN0000202,Rear Nut of N7016.1 - 110 x 155 x 102,NRRBR0000197,NRRBR0000197,NORMAL,ALTERNATE,0,1,87,87,87,mm,mm,Round Bar EN19 100 MM,Round Bar EN19 100 MM,,PART,,I,B0001835,B0001835,85 mm,33500,1
QUANTITY_MISMATCH,4115,NARRN0000205,Rear Nut of N7016.1 - 140 x 190 x 116,NRRBR0000002,NRRBR0000002,NORMAL,NORMAL,0,0,75/76,75,76,mm,mm,Round Bar EN19 140 MM,Round Bar EN19 140 MM,,PART,CUTTING SIZE - 38mm,I,B0002616,B0002616,74 mm,23681,1
NORMAL_ALTERNATE_FLAG_MISMATCH | QUANTITY_MISMATCH,3211,NARRN0000206,Rear Nut of N7016.1 - 150 x 200 x 116,NRRBR0000002,NRRBR0000002 / NRRBR0000209,ALTERNATE,NORMAL,1,0,85/73,85,84,mm,mm,Round Bar EN19 140 MM,Round Bar EN19 140 MM,,PART,CUTTING SIZE - 38mm,I,B0002068,,82 mm,23423,1
NORMAL_ALTERNATE_FLAG_MISMATCH,3217,NARRN0000206,Rear Nut of N7016.1 - 150 x 200 x 116,NRRBR0000002,NRRBR0000002 / NRRBR0000209,ALTERNATE,NORMAL,1,0,84/73,84,84,mm,mm,Round Bar EN19 140 MM,Round Bar EN19 140 MM,,PART,CUTTING SIZE - 38mm,I,B0002068,,82 mm,23423,1
NORMAL_ALTERNATE_FLAG_MISMATCH,3211,NARRN0000206,Rear Nut of N7016.1 - 150 x 200 x 116,NRRBR0000209,NRRBR0000002 / NRRBR0000209,NORMAL,ALTERNATE,0,1,85/73,73,73,mm,mm,Round Bar EN19 140 MM,Round Bar 4140 140 MM,,PART,,I,B0002068,,71 mm,41659,1
NORMAL_ALTERNATE_FLAG_MISMATCH,2710,NARRN0000207,Rear Nut of N7016.1 - 160 x 210 x 116,NRRBR0000002,NRRBR0000002 / NRRBR0000207,ALTERNATE,NORMAL,1,0,89/76,89,89,mm,mm,Round Bar EN19 140 MM,Round Bar EN19 140 MM,,PART,CUTTING SIZE - 38mm,I,B0001694,,87 mm,33414,1
NORMAL_ALTERNATE_FLAG_MISMATCH,2710,NARRN0000207,Rear Nut of N7016.1 - 160 x 210 x 116,NRRBR0000207,NRRBR0000002 / NRRBR0000207,NORMAL,ALTERNATE,0,1,89/76,76,76,mm,mm,Round Bar EN19 140 MM,Round Bar 4140 150 mm,,PART,,I,B0001694,B0001694,74 mm,23184,1
QUANTITY_MISMATCH,2927,NARRN0000208,Rear Nut of N7016.1 - 170 x 225 x 149,NRRBR0000022,NRRBR0000022,NORMAL,NORMAL,0,0,89/93,89,93,mm,mm,Round Bar EN19 160 MM,Round Bar EN19 160 MM,,PART,,I,B0001830,B0001830,91 mm,23300,1
NORMAL_ALTERNATE_FLAG_MISMATCH,14747,NARRN0000219,Rear Nut of N7016.1 - 360 x 455 x 203,NRFRG0000190,NRFRG0000190,NORMAL,ALTERNATE,0,1,1,1,1,Nos.,Nos.,Forged ring EN19 454x356x62,Forged ring EN19 454x356x62,,PART,,I,B0007471,B0007471,,35403,1
UOM_MISMATCH,17199,NARRN0000373,Rear Nut of N500 ID 35 x OD 75,NRRBR0000124,NRRBR0000124,NORMAL,NORMAL,0,0,31,31,31,mm,Kg.,Round Bar EN19 85 MM,Round Bar EN19 85 MM,,PART,,I,B0008431,B0008431,,35597,1
UOM_MISMATCH,6096,NARRN0000374,Rear Nut of N500 - 38 x 75 x 75,NRRBR0000124,NRRBR0000124,NORMAL,NORMAL,0,0,31,31,31,mm,Kg.,Round Bar EN19 85 MM,Round Bar EN19 85 MM,,PART,,I,B0008610,B0008610,,26429,1
NORMAL_ALTERNATE_FLAG_MISMATCH,3691,NARRN0000381,Rear Nut of N500 - 60 x 100 x 85,NRRBR0000103,NRRBR0000103,NORMAL,ALTERNATE,0,1,137,137,137,mm,mm,Round Bar EN9 100 MM,Round Bar EN9 100 MM,,PART,,I,B0002371,B0002371,135 mm,23565,1
NORMAL_ALTERNATE_FLAG_MISMATCH,7809,NARRN0000391,Rear Nut of N4091 - 185 x 330 x 112,NRRBR0000227,NRRBR0000227,NORMAL,ALTERNATE,0,1,137,137,137,mm,mm,Round Bar EN19 210 mm,Round Bar EN19 210 mm,,PART,CUTTING SIZE - 16mm,I,B0004379,B0004379,135 mm,36284,1
QUANTITY_MISMATCH,14405,NARRN0000395,Rear Nut of N4091 - 240 x 405 x 144,NRRBR0000141,NRRBR0000141,NORMAL,NORMAL,0,0,209/206,206,209,mm,mm,Round Bar EN19 230 MM,Round Bar EN19 230 MM,,PART,,I,B0007329,B0007329,207 mm,29449,1
EXTRA_DB_RAW_MATERIAL_LINK,,NARRN0000396,Rear Nut of N4091 - 260 x 430 x 160,NRFRG0000029,,,NORMAL,,0,,,1,,Nos.,,Forged ring EN9 433X262X76,,PART,,I,,,,41662,1
NORMAL_ALTERNATE_FLAG_MISMATCH,2683,NARRN0000411,Rear Nut of N4071 - 110 x 185 x 50,NRRBR0000023,NRRBR0000023,NORMAL,ALTERNATE,0,1,54,54,54,mm,mm,Round Bar EN19 40 MM,Round Bar EN19 40 MM,,PART,,I,B0001679,B0001679,52 mm,30227,1
NORMAL_ALTERNATE_FLAG_MISMATCH,2689,NARRN0000411,Rear Nut of N4071 - 110 x 185 x 50,NRRBR0000199,NRRBR0000199 / NRRBR0000023,ALTERNATE,NORMAL,1,0,64/54,64,64,mm,mm,Round Bar EN19 130 MM / Round Bar EN19 40 MM,Round Bar EN19 130 MM,,PART,,I,B0001679,,62 mm,28981,1
QUANTITY_MISMATCH,2805,NARRN0000417,Rear Nut of N4071 - 155 x 265 x 64.5,NRRBR0000140,NRRBR0000140,NORMAL,NORMAL,0,0,74/76,74,76,mm,mm,Round Bar EN19 180 MM,Round Bar EN19 180 MM,,PART,,I,B0001756,B0001756,74 mm,28989,1
NORMAL_ALTERNATE_FLAG_MISMATCH,24488,NARRN0000419,Rear Nut of N4071 - 165 x 290 x 71,NRRBR0000110,NRRBR0000110,NORMAL,ALTERNATE,0,1,132,132,132,mm,mm,Round Bar EN9 150 MM,Round Bar EN9 150 MM,,PART,,I,B0002242,B0002242,130 mm,641,1
QUANTITY_MISMATCH,3489,NARRN0000419,Rear Nut of N4071 - 165 x 290 x 71,NRRBR0000140,NRRBR0000140 / NRRBR0000110,NORMAL,NORMAL,0,0,93/132,93,98,mm,mm,Round Bar EN19 180 MM,Round Bar EN19 180 MM,,PART,,I,B0002242,,96 mm,29048,1
QUANTITY_MISMATCH,2371,NARRN0000423,Rear Nut of N4071 - 185 x 330 x 86,NRRBR0000027,NRRBR0000027,NORMAL,NORMAL,0,0,96/98,96,98,mm,mm,Round Bar EN19 220 MM,Round Bar EN19 220 MM,,PART,,I,B0001480,B0001480,96 mm,28949,1
QUANTITY_MISMATCH,3482,NARRN0000426,Rear Nut of N4071 - 200 x 350 x 86,NRRBR0000027,NRRBR0000027,NORMAL,NORMAL,0,0,105/109,105,109,mm,mm,Round Bar EN19 220 MM,Round Bar EN19 220 MM,,PART,,I,B0002237,B0002237,107 mm,29040,1
EXTRA_DB_RAW_MATERIAL_LINK,,NARRN0000428,Rear Nut of N4071 - 240 x 405 x 109,NRFRG0000179,,,NORMAL,,0,,,1,,Nos.,,Forged ring EN19 409X244X54,,PART,,I,,,,41658,1
NORMAL_ALTERNATE_FLAG_MISMATCH,4427,NARRN0000430,Rear Nut of N4071 - 280 x 460 x 134,NRFRG0000168,NRFRG0000168,NORMAL,ALTERNATE,0,1,1,1,1,Nos.,Nos.,Forged ring EN19 464X284X65,Forged ring EN19 464X284X65,,PART,,I,,,,36201,1
NORMAL_ALTERNATE_FLAG_MISMATCH,5270,NARRN0000432,Rear Nut of N4071 - 320 x 520 x 142,NRFRG0000151,NRFRG0000151,NORMAL,ALTERNATE,0,1,1,1,1,Nos.,Nos.,Forged ring EN19 524X324X69,Forged ring EN19 524X324X69,,PART,,I,,,,36227,1
NORMAL_ALTERNATE_FLAG_MISMATCH,16952,NARRN0000439,Rear Nut of N4071 - 420 x 690 x 188,NRFRG0000092,NRFRG0000092,NORMAL,ALTERNATE,0,1,1,1,1,Nos.,Nos.,Forged ring EN19 694x423x90,Forged ring EN19 694x423x90,,PART,,I,B0003034,B0003034,,41663,1
UOM_MISMATCH,416,NARRN0000472,Rear Nut of N500.s - 50 x 80 x 75,NRRBR0000124,NRRBR0000124,NORMAL,NORMAL,0,0,31,31,31,mm,Kg.,Round Bar EN19 85 MM,Round Bar EN19 85 MM,,PART,,I,B0000324,B0000324,,22321,1
NORMAL_ALTERNATE_FLAG_MISMATCH,3083,NARRN0000480,Rear Nut of N7016.1.sp - ID 200 x OD 305,NRRBR0000141,NRRBR0000227 / NRRBR0000141,NORMAL,ALTERNATE,0,1,118/100,100,100,mm,mm,Round Bar EN19 210 mm / Round Bar EN19 230 MM,Round Bar EN19 230 MM,,PART,,I,B0001962,,98 mm,41656,1
NORMAL_ALTERNATE_FLAG_MISMATCH,3083,NARRN0000480,Rear Nut of N7016.1.sp - ID 200 x OD 305,NRRBR0000227,NRRBR0000227 / NRRBR0000141,ALTERNATE,NORMAL,1,0,118/100,118,118,mm,mm,Round Bar EN19 210 mm / Round Bar EN19 230 MM,Round Bar EN19 210 mm,,PART,CUTTING SIZE - 16mm,I,B0001962,,116 mm,33567,1
NORMAL_ALTERNATE_FLAG_MISMATCH,6871,NARRN0000500,Rear Nut of N7016.1.sp - 201 x 305 x 180,NRRBR0000212,NRRBR0000212,NORMAL,ALTERNATE,0,1,131,131,131,mm,mm,Round Bar 4140 200 MM,Round Bar 4140 200 MM,,PART,,I,B0003896,B0003896,129 mm,40321,1
UOM_MISMATCH,9032,NARRN0000511,Rear Nut of N500-35sp ID 22/30 x OD 75,NRRBR0000124,NRRBR0000124,NORMAL,NORMAL,0,0,31,31,31,mm,Kg.,Round Bar EN19 85 MM,Round Bar EN19 85 MM,,PART,,I,B0004918,B0004918,,34641,1
UOM_MISMATCH,6077,NARRN0000521,Rear Nut of N4071.sp1 - 38 x 72 x 26,NRRBR0000124,NRRBR0000124,NORMAL,NORMAL,0,0,20,20,20,mm,Kg.,Round Bar EN19 85 MM,Round Bar EN19 85 MM,,PART,,I,B0005316,B0005316,,29280,1
QUANTITY_MISMATCH,10211,NARRN0000523,Rear Nut of N7515.sp1 - 125 x 180 x 79,NRRBR0000173,NRRBR0000173,NORMAL,NORMAL,0,0,77/74,74,77,mm,mm,Round Bar EN19 120 MM,Round Bar EN19 120 MM,,PART,,I,B0005490,B0005490,75 mm,25037,1
UOM_MISMATCH,13444,NARRN0000560,Rear Nut of N500 ID (30-35)75 x OD 75,NRRBR0000124,NRRBR0000124,NORMAL,NORMAL,0,0,31,31,31,mm,Kg.,Round Bar EN19 85 MM,Round Bar EN19 85 MM,,PART,,I,B0006919,B0006919,,35230,1
UOM_MISMATCH,17723,NARRN0000596,Rear Nut of N7116 ID 45 x OD 75,NRRBR0000124,NRRBR0000124,NORMAL,NORMAL,0,0,24,24,24,mm,Kg.,Round Bar EN19 85 MM,Round Bar EN19 85 MM,,PART,,I,B0008638,B0008638,,35676,1
NORMAL_ALTERNATE_FLAG_MISMATCH,18951,NARRN0000604,Rear Nut of N7515.sp1 - 175 x 230 x 92,NRRBR0000009,NRRBR0000009,NORMAL,ALTERNATE,0,1,105,105,105,mm,mm,Round Bar EN19 125 MM,Round Bar EN19 125 MM,,PART,,I,B0009152,B0009152,103 mm,35807,1
NORMAL_ALTERNATE_FLAG_MISMATCH,23709,NARRN0000648,Rear Nut of N4051.sp1 - 232 x 280 x 35,NRRBR0000004,NRRBR0000028 / NRRBR0000004,NORMAL,ALTERNATE,0,1,51/50,50,50,mm,mm,Round Bar EN24 150 MM,Round Bar EN19 150 MM,,PART,,I,B0011201,,48 mm,41687,1
NORMAL_ALTERNATE_FLAG_MISMATCH,23709,NARRN0000648,Rear Nut of N4051.sp1 - 232 x 280 x 35,NRRBR0000028,NRRBR0000028 / NRRBR0000004,ALTERNATE,NORMAL,1,0,51/50,51,51,mm,mm,Round Bar EN24 150 MM,Round Bar EN24 150 MM,,PART,,I,B0011201,,49 mm,29954,1
NORMAL_ALTERNATE_FLAG_MISMATCH,25140,NARRN0000665,Rear Nut of N6107 - d x 205 x 109,NRRBR0000009,NRRBR0000009,NORMAL,ALTERNATE,0,1,90,90,90,mm,mm,Round Bar EN19 125 MM,Round Bar EN19 125 MM,,PART,,I,B0011771,B0011771,88 mm,28753,1
UOM_MISMATCH,34883,NARRN0000784,"Rear Nut of N7016.1 in - 1.625"" x 2.953"" x 2.126""",NRRBR0000124,NRRBR0000124,NORMAL,NORMAL,0,0,26,26,26,mm,Kg.,Round Bar EN19 85 MM,Round Bar EN19 85 MM,,PART,,I,B0015620,B0015620,,41810,1
QUANTITY_MISMATCH,577,NASPC0000116,Spacer of NIS 150 - 150 x 200 x 200,NRRBR0000110,NRRBR0000110,NORMAL,NORMAL,0,0,146/150,146,150,mm,mm,Round Bar EN9 150 MM,Round Bar EN9 150 MM,,PART,,I,B0000464,B0000464,148 mm,23702,1
NORMAL_ALTERNATE_FLAG_MISMATCH,3288,NASPC0000117,Spacer of NIS 130 - 130 x 180 x 204,NRRBR0000132,NRRBR0000132,NORMAL,ALTERNATE,0,1,163,163,163,mm,mm,Round Bar EN9 140 MM,Round Bar EN9 140 MM,,PART,CUTTING SIZE - 23mm,I,B0000468,B0000468,161 mm,36145,1
UOM_MISMATCH,583,NASPC0000117,Spacer of NIS 130 - 130 x 180 x 204,NRRBR0000598,NRRBR0000598 / NRRBR0000132,NORMAL,NORMAL,0,0,159/163,159,159,mm,Kg.,Round Bar  EN9 150 MM / Round Bar EN9 140 MM,Round Bar  EN9 150 MM,,PART,CUTTING SIZE - 28mm,I,B0000468,,,28907,1
UOM_MISMATCH,24201,NASPC0000161,Spacer of NVFB 42.s - d x 130 x 75,NRRBR0000102,NRRBR0000102,NORMAL,NORMAL,0,0,44,44,44,mm,Kg.,RoundBar EN9 65 MM,RoundBar EN9 65 MM,RoundBar EN9 65 MM,PART,CUTTING SIZE - 23 MM,I,B0011484,B0011484,,41931,1
UOM_MISMATCH,27164,NAVDS0000031,Adaptor of NSO 800 (With Adaptor) - d x 254 x 152,NRRBR0000598,NRRBR0000598 / NRRBR0000110,NORMAL,NORMAL,0,0,30/33,30,30,mm,Kg.,Round Bar  EN9 150 MM / Round Bar EN9 150 MM,Round Bar  EN9 150 MM,,PART,CUTTING SIZE - 28mm,I,B0012546,,,11717,1
RAW_MATERIAL_ITEM_MISSING,32487,NBDCF0000007,Brake Drum - Pinbush BrakeDrum Coupling -80 x 500 x 295,NRRBR0000100,NRRBR0000100,NORMAL,NORMAL,0,0,1,1,1,mm,mm,Round Bar EN9 60 MM,,,,,I,B0014833,B0014833,,36862,1
UOM_MISMATCH,29921,NBGBS0000049,Grub Screw - M10 x 1.25P x 18TL,NRRBR0000389,NRRBR0000389,NORMAL,NORMAL,0,0,22,22,22,mm,Kg.,Roundbar SS31612.7MM,Roundbar SS31612.7MM,,PART,,I,B0013734,B0013734,,38575,1
UOM_MISMATCH,29924,NBGBS0000050,Grub Screw - M10 x 1.25P x 22TL,NRRBR0000389,NRRBR0000389,NORMAL,NORMAL,0,0,25,25,25,mm,Kg.,Roundbar SS31612.7MM,Roundbar SS31612.7MM,,PART,,I,B0013735,B0013735,,31471,1
UOM_MISMATCH,32233,NBGBS0000056,Grub Screw - M10 x 1.25P x 16TL,NRRBR0000389,NRRBR0000389,NORMAL,NORMAL,0,0,1,1,1,mm,Kg.,Roundbar SS31612.7MM,Roundbar SS31612.7MM,,PART,,I,B0014698,B0014698,,38578,1
UOM_MISMATCH,32275,NBGBS0000057,Grub Screw - M8 x 1P x 12TL,NRRBR0000389,NRRBR0000389,NORMAL,NORMAL,0,0,18,18,18,mm,Kg.,Roundbar SS31612.7MM,Roundbar SS31612.7MM,,PART,,I,B0014655,B0014655,,38577,1
UOM_MISMATCH,9801,NBHXB0000133,HEX BOLT NHBS C1 C3 55- 55 X 100,NRRBR0000112,NRRBR0000112,NORMAL,NORMAL,0,0,105,105,105,mm,Kg.,Round Bar EN9 45 MM,Round Bar EN9 45 MM,,PART,CUTTING SIZE - 55mm,I,B0005275,B0005275,,15986,1
UOM_MISMATCH,31698,NBHXN0001668,"Hex Nut of NCF 2.75"".sp1 - 1"" x 2.750"" x 3.918""",NRRBR0000116,NRRBR0000116,NORMAL,NORMAL,0,0,31,31,31,mm,Kg.,Round Bar EN9 56 MM,Round Bar EN9 56 MM,,PART,CUTTING SIZE - 55mm,I,B0014283,B0014283,,38661,1
EXTRA_DB_RAW_MATERIAL_LINK,,NCAHB0000001,Cage Assembly : ??31 x ??55 x 17 TL (NHB 20H),NBCRP0000222,,,ALTERNATE,,1,,,3,,Nos.,,E Clip-??3.2x0.6thk-Circlip India,,PART,,I,,,,31889,1
EXTRA_DB_RAW_MATERIAL_LINK,,NCAHB0000002,Cage Assembly : ??38 x ??62 x 17 TL (NHB 20),NBCRP0000222,,,ALTERNATE,,1,,,4,,Nos.,,E Clip-??3.2x0.6thk-Circlip India,,PART,,I,,,,31891,1
EXTRA_DB_RAW_MATERIAL_LINK,,NCAHB0000003,Cage Assembly : ??42 x ??66 x 25 TL (NHB 20H1),NBCRP0000222,,,ALTERNATE,,1,,,3,,Nos.,,E Clip-??3.2x0.6thk-Circlip India,,PART,,I,,,,31893,1
NORMAL_ALTERNATE_FLAG_MISMATCH,4613,NCAHB0000003,Cage Assembly : Ø42 x Ø66 x 25 TL (NHB 20H1),NSPRI0000122,NSPRI0000122,NORMAL,ALTERNATE,0,1,9,9,9,Nos.,Nos.,TORSION SPRING RH-0.3 WD X5.5 OD X3.75nt,TORSION SPRING RH-0.3 WD X5.5 OD X3.75nt,,PART,,I,B0005671,,,19452,1
EXTRA_DB_RAW_MATERIAL_LINK,,NCAHB0000004,Cage Assembly : ??46 x ??70 x 25 TL (NHB 25),NBCRP0000222,,,NORMAL,,0,,,3,,Nos.,,E Clip-??3.2x0.6thk-Circlip India,,PART,,I,,,,16201,1
MISSING_DB_RAW_MATERIAL_LINK,804,NCAHB0000004,Cage Assembly : Ø46 x Ø70 x 25 TL (NHB 25),NBCRP0000223,NBCRP0000223,NORMAL,,0,,3,3,,Nos.,,E Clip-Ø4x0.7thk-Circlip India,E Clip-??4x0.7thk-Circlip India,,PART,,,B0005672,,,,0
NORMAL_ALTERNATE_FLAG_MISMATCH,800,NCAHB0000004,Cage Assembly : Ø46 x Ø70 x 25 TL (NHB 25),NSPRI0000122,NSPRI0000122,NORMAL,ALTERNATE,0,1,9,9,9,Nos.,Nos.,TORSION SPRING RH-0.3 WD X5.5 OD X3.75nt,TORSION SPRING RH-0.3 WD X5.5 OD X3.75nt,,PART,,I,B0005672,,,16197,1
EXTRA_DB_RAW_MATERIAL_LINK,,NCAHB0000005,Cage Assembly : ??51 x ??75 x 25 TL (NHB 30/NHB 35H),NBCRP0000222,,,ALTERNATE,,1,,,3,,Nos.,,E Clip-??3.2x0.6thk-Circlip India,,PART,,I,,,,15917,1
NORMAL_ALTERNATE_FLAG_MISMATCH,746,NCAHB0000005,Cage Assembly : Ø51 x Ø75 x 25 TL (NHB 30/NHB 35H),NSPRI0000123,NSPRI0000123,NORMAL,ALTERNATE,0,1,11,11,11,Nos.,Nos.,TORSION SPRING LH -0.3 WD X 5.5 OD X3.75,TORSION SPRING LH -0.3 WD X 5.5 OD X3.75,,PART,,I,B0005673,,,4583,1
EXTRA_DB_RAW_MATERIAL_LINK,,NCAHB0000006,Cage Assembly : ??56 x ??80 x 25 TL (NHB 35),NBCRP0000222,,,ALTERNATE,,1,,,3,,Nos.,,E Clip-??3.2x0.6thk-Circlip India,,PART,,I,,,,31896,1
NORMAL_ALTERNATE_FLAG_MISMATCH,1068,NCAHB0000006,Cage Assembly : Ø56 x Ø80 x 25 TL (NHB 35),NSPRI0000123,NSPRI0000123,NORMAL,ALTERNATE,0,1,11,11,11,Nos.,Nos.,TORSION SPRING LH -0.3 WD X 5.5 OD X3.75,TORSION SPRING LH -0.3 WD X 5.5 OD X3.75,,PART,,I,B0005674,,,8027,1
NORMAL_ALTERNATE_FLAG_MISMATCH,10831,NCAHB0000007,Cage Assembly : Ø61 x Ø85 x 19 TL (NHB 40H),NSPRI0000122,NSPRI0000122,NORMAL,ALTERNATE,0,1,12,12,12,Nos.,Nos.,TORSION SPRING RH-0.3 WD X5.5 OD X3.75nt,TORSION SPRING RH-0.3 WD X5.5 OD X3.75nt,,PART,,I,B0005669,,,18273,1
EXTRA_DB_RAW_MATERIAL_LINK,,NCAHB0000008,Cage Assembly : ??66 x ??90 x 25 TL (NHB 40 / NHB 45H),NBCRP0000222,,,ALTERNATE,,1,,,4,,Nos.,,E Clip-??3.2x0.6thk-Circlip India,,PART,,I,,,,31899,1
NORMAL_ALTERNATE_FLAG_MISMATCH,1024,NCAHB0000008,Cage Assembly : Ø66 x Ø90 x 25 TL (NHB 40 / NHB 45H),NSPRI0000123,NSPRI0000123,NORMAL,ALTERNATE,0,1,12,12,12,Nos.,Nos.,TORSION SPRING LH -0.3 WD X 5.5 OD X3.75,TORSION SPRING LH -0.3 WD X 5.5 OD X3.75,,PART,,I,B0005676,,,820,1
EXTRA_DB_RAW_MATERIAL_LINK,,NCAHB0000009,Cage Assembly : ??71 x ??95 x 25 TL (NHB 45),NBCRP0000222,,,ALTERNATE,,1,,,4,,Nos.,,E Clip-??3.2x0.6thk-Circlip India,,PART,,I,,,,31898,1
NORMAL_ALTERNATE_FLAG_MISMATCH,786,NCAHB0000009,Cage Assembly : Ø71 x Ø95 x 25 TL (NHB 45),NSPRI0000123,NSPRI0000123,NORMAL,ALTERNATE,0,1,12,12,12,Nos.,Nos.,TORSION SPRING LH -0.3 WD X 5.5 OD X3.75,TORSION SPRING LH -0.3 WD X 5.5 OD X3.75,,PART,,I,B0005675,,,16176,1
EXTRA_DB_RAW_MATERIAL_LINK,,NCAHB0000010,Cage Assembly : ??76 x ??100 x 25 TL (NHB 50H),NBCRP0000222,,,ALTERNATE,,1,,,5,,Nos.,,E Clip-??3.2x0.6thk-Circlip India,,PART,,I,,,,31901,1
NORMAL_ALTERNATE_FLAG_MISMATCH,1124,NCAHB0000010,Cage Assembly : Ø76 x Ø100 x 25 TL (NHB 50H),NSPRI0000123,NSPRI0000123,NORMAL,ALTERNATE,0,1,15,15,15,Nos.,Nos.,TORSION SPRING LH -0.3 WD X 5.5 OD X3.75,TORSION SPRING LH -0.3 WD X 5.5 OD X3.75,,PART,,I,B0005682,,,9702,1
EXTRA_DB_RAW_MATERIAL_LINK,,NCAHB0000011,Cage Assembly : ??86 x ??110 x 25 TL (NHB 50),NBCRP0000222,,,ALTERNATE,,1,,,4,,Nos.,,E Clip-??3.2x0.6thk-Circlip India,,PART,,I,,,,31902,1
NORMAL_ALTERNATE_FLAG_MISMATCH,705,NCAHB0000011,Cage Assembly : Ø86 x Ø110 x 25 TL (NHB 50),NSPRI0000123,NSPRI0000123,NORMAL,ALTERNATE,0,1,16,16,16,Nos.,Nos.,TORSION SPRING LH -0.3 WD X 5.5 OD X3.75,TORSION SPRING LH -0.3 WD X 5.5 OD X3.75,,PART,,I,B0005683,,,9725,1
NORMAL_ALTERNATE_FLAG_MISMATCH,722,NCAHB0000012,Cage Assembly : Ø65 x Ø105 x 35 TL (NHB 50H1),NSPRI0000053,NSPRI0000053,NORMAL,ALTERNATE,0,1,9,9,9,Nos.,Nos.,TORSION SPRING LH-0.45 WD X 8 OD X 3.9nt,TORSION SPRING LH-0.45 WD X 8 OD X 3.9nt,,PART,,I,B0005684,,,16116,1
NORMAL_ALTERNATE_FLAG_MISMATCH,7105,NCAHB0000013,Cage Assembly : Ø85 x Ø125 x 40 TL (NHB 60),NBCBL0000030,NBCBL0000030,NORMAL,ALTERNATE,0,1,3,3,3,Nos.,Nos.,Csk Bolt M 5X10 CSK 12.9-EBRO,Csk Bolt M 5X10 CSK 12.9-EBRO,,PART,,I,B0005685,,,12287,1
NORMAL_ALTERNATE_FLAG_MISMATCH,7099,NCAHB0000013,Cage Assembly : Ø85 x Ø125 x 40 TL (NHB 60),NSPRI0000007,NSPRI0000007,NORMAL,ALTERNATE,0,1,12,12,12,Nos.,Nos.,TORSION SPRING LH-0.5 WD X 8 OD X3.9nt,TORSION SPRING LH-0.5 WD X 8 OD X3.9nt,,PART,,I,B0005685,,,12281,1
EXTRA_DB_RAW_MATERIAL_LINK,,NCAHB0000014,Cage Assembly : ??101 x ??125 x 25 TL (NHB 60H),NBCRP0000222,,,ALTERNATE,,1,,,5,,Nos.,,E Clip-??3.2x0.6thk-Circlip India,,PART,,I,,,,31908,1
NORMAL_ALTERNATE_FLAG_MISMATCH,5212,NCAHB0000014,Cage Assembly : Ø101 x Ø125 x 25 TL (NHB 60H),NSPRI0000123,NSPRI0000123,NORMAL,ALTERNATE,0,1,20,20,20,Nos.,Nos.,TORSION SPRING LH -0.3 WD X 5.5 OD X3.75,TORSION SPRING LH -0.3 WD X 5.5 OD X3.75,,PART,,I,B0005686,,,4447,1
NORMAL_ALTERNATE_FLAG_MISMATCH,781,NCAHB0000015,Cage Assembly : Ø100 x Ø140 x 40 TL (NHB 70),NBCBL0000030,NBCBL0000030,NORMAL,ALTERNATE,0,1,3,3,3,Nos.,Nos.,Csk Bolt M 5X10 CSK 12.9-EBRO,Csk Bolt M 5X10 CSK 12.9-EBRO,,PART,,I,B0005687,,,6388,1
NORMAL_ALTERNATE_FLAG_MISMATCH,775,NCAHB0000015,Cage Assembly : Ø100 x Ø140 x 40 TL (NHB 70),NSPRI0000007,NSPRI0000007,NORMAL,ALTERNATE,0,1,14,14,14,Nos.,Nos.,TORSION SPRING LH-0.5 WD X 8 OD X3.9nt,TORSION SPRING LH-0.5 WD X 8 OD X3.9nt,,PART,,I,B0005687,,,6382,1
NORMAL_ALTERNATE_FLAG_MISMATCH,676,NCAHB0000016,Cage Assembly : Ø120 x Ø160 x 50 TL (NHB 80),NSPRI0000007,NSPRI0000007,NORMAL,ALTERNATE,0,1,16,16,16,Nos.,Nos.,TORSION SPRING LH-0.5 WD X 8 OD X3.9nt,TORSION SPRING LH-0.5 WD X 8 OD X3.9nt,,PART,,I,B0005688,,,4688,1
NORMAL_ALTERNATE_FLAG_MISMATCH,844,NCAHB0000017,Cage Assembly : Ø140 x Ø180 x 50TL (NHB90/NHB95H/NHB95),NSPRI0000007,NSPRI0000007,NORMAL,ALTERNATE,0,1,17,17,17,Nos.,Nos.,TORSION SPRING LH-0.5 WD X 8 OD X3.9nt,TORSION SPRING LH-0.5 WD X 8 OD X3.9nt,,PART,,I,B0005689,,,3748,1
NORMAL_ALTERNATE_FLAG_MISMATCH,670,NCAHB0000018,Cage Assembly : Ø170 x Ø210 x 63 TL (NHB 100/120H/120),NBCBL0000006,NBCBL0000006,NORMAL,ALTERNATE,0,1,3,3,3,Nos.,Nos.,Csk Bolt M 5X16 CSK 12.9-UNBRAKO,Csk Bolt M 5X16 CSK 12.9-UNBRAKO,,PART,,I,B0005690,,,6864,1
NORMAL_ALTERNATE_FLAG_MISMATCH,664,NCAHB0000018,Cage Assembly : Ø170 x Ø210 x 63 TL (NHB 100/120H/120),NSPRI0000007,NSPRI0000007,NORMAL,ALTERNATE,0,1,22,22,22,Nos.,Nos.,TORSION SPRING LH-0.5 WD X 8 OD X3.9nt,TORSION SPRING LH-0.5 WD X 8 OD X3.9nt,,PART,,I,B0005690,,,6858,1
NORMAL_ALTERNATE_FLAG_MISMATCH,823,NCAHB0000019,Cage Assembly : Ø200 x Ø240 x 63 TL (NHB140 / NHB155),NBCBL0000006,NBCBL0000006,NORMAL,ALTERNATE,0,1,3,3,3,Nos.,Nos.,Csk Bolt M 5X16 CSK 12.9-UNBRAKO,Csk Bolt M 5X16 CSK 12.9-UNBRAKO,,PART,,I,B0005691,,,6780,1
NORMAL_ALTERNATE_FLAG_MISMATCH,817,NCAHB0000019,Cage Assembly : Ø200 x Ø240 x 63 TL (NHB140 / NHB155),NSPRI0000138,NSPRI0000138,NORMAL,ALTERNATE,0,1,27,27,27,Nos.,Nos.,TORSION SPRING LH-0.5 WD X 9 OD X 3.9NT,TORSION SPRING LH-0.5 WD X 9 OD X 3.9NT,,PART,,I,B0005691,,,6774,1
NORMAL_ALTERNATE_FLAG_MISMATCH,5726,NCAHB0000020,Cage Assembly : Ø240 x Ø310 x 63 TL (NHB185 / NHB185H),NSPRI0000217,NSPRI0000217,NORMAL,ALTERNATE,0,1,17,17,17,Nos.,Nos.,SPRING-0.80X17.5X4.8 - RH,SPRING-0.80X17.5X4.8 - RH,,PART,,I,B0005692,,,17305,1
NORMAL_ALTERNATE_FLAG_MISMATCH,34384,NCAHB0000021,Cage Assembly : Ø240 x Ø310 x 70TL (NHB 185H1),NSPRI0000217,NSPRI0000217,NORMAL,ALTERNATE,0,1,17,17,17,Nos.,Nos.,SPRING-0.80X17.5X4.8 - RH,SPRING-0.80X17.5X4.8 - RH,,PART,,I,B0005693,,,31917,1
NORMAL_ALTERNATE_FLAG_MISMATCH,8367,NCAHB0000022,Cage assembly of NHB185H2,NSPRI0000087,NSPRI0000087,NORMAL,ALTERNATE,0,1,18,18,18,Nos.,Nos.,TORSION SPRING RH-0.8 WD X 17.5 OD X 4.75nt,TORSION SPRING RH-0.8 WD X 17.5 OD X 4.75nt,,PART,,I,B0005694,,,18149,1
NORMAL_ALTERNATE_FLAG_MISMATCH,25029,NCAHB0000023,Cage Assembly : Ø240 x Ø310 x 83 TL (NHB 185H3),NSPRI0000086,NSPRI0000086,NORMAL,ALTERNATE,0,1,17,17,17,Nos.,Nos.,TORSION SPRING LH-0.8 WD X 17.5 OD X4.75nt,TORSION SPRING LH-0.8 WD X 17.5 OD X4.75nt,,PART,,I,B0005695,,,31931,1
NORMAL_ALTERNATE_FLAG_MISMATCH,30933,NCAHB0000025,Cage assembly : Ø260 x Ø330 x 63 TL (NHB 205),NSPRI0000216,NSPRI0000216,NORMAL,ALTERNATE,0,1,10,10,10,Nos.,Nos.,SPRING-0.80X17.5X4.8 - LH,SPRING-0.80X17.5X4.8 - LH,,PART,,I,B0014209,,,32010,1
NORMAL_ALTERNATE_FLAG_MISMATCH,8646,NCAHB0000026,Cage assembly : Ø290 x Ø360 x 70 TL (NHB 230),NSPRI0000079,NSPRI0000079,NORMAL,ALTERNATE,0,1,21,21,21,Nos.,Nos.,SPRING-0.70X17.3X4.7 - RH,SPRING-0.70X17.3X4.7 - RH,,PART,,I,B0012191,,,31972,1
NORMAL_ALTERNATE_FLAG_MISMATCH,34783,NCAHB0000032,Cage Assembly : Ø360 x Ø430 x 100TL (NHB 280),NSPRI0000224,NSPRI0000224,NORMAL,ALTERNATE,0,1,24,24,24,Nos.,Nos.,TORSION SPRING RH-0.9 WD  X 18 OD X 4.8nt,TORSION SPRING RH-0.9 WD  X 18 OD X 4.8nt,,PART,,I,B0015559,,,32126,1
NORMAL_ALTERNATE_FLAG_MISMATCH,22044,NCAHB0001185,Cage assembly : Ø86 x Ø110 x 35 TL (NHB 50.sp3),NSPRI0000002,NSPRI0000002,NORMAL,ALTERNATE,0,1,16,16,16,Nos.,Nos.,TORSION SPRING RH-0.3 WDX 5 OD X3.75nt,TORSION SPRING RH-0.3 WDX 5 OD X3.75nt,,PART,,I,B0010370,,,19808,1
NORMAL_ALTERNATE_FLAG_MISMATCH,17432,NCAHB0001187,Cage assembly : Ø86 x Ø110 x 19 TL (NHB 50.sp),NSPRI0000002,NSPRI0000002,NORMAL,ALTERNATE,0,1,16,16,16,Nos.,Nos.,TORSION SPRING RH-0.3 WDX 5 OD X3.75nt,TORSION SPRING RH-0.3 WDX 5 OD X3.75nt,,PART,,I,B0011301,,,20454,1
NORMAL_ALTERNATE_FLAG_MISMATCH,24493,NCAHB0001189,Cage assembly : Ø100 x Ø140 x 50 TL (NHB 70.SPL),NSPRI0000006,NSPRI0000006,NORMAL,ALTERNATE,0,1,14,14,14,Nos.,Nos.,TORSION SPRING RH-0.5 WD X 8 OD X 3.9nt,TORSION SPRING RH-0.5 WD X 8 OD X 3.9nt,,PART,,I,B0011438,,,20911,1
NORMAL_ALTERNATE_FLAG_MISMATCH,24982,NCAHB0001191,Cage assembly : Ø200 x Ø240 x 50 TL (NHB 155.sp3),NSPRI0000139,NSPRI0000139,NORMAL,ALTERNATE,0,1,1,1,1,Nos.,Nos.,TORSION SPRING RH -0.5 WD X 9 OD X 3.9nt,TORSION SPRING RH -0.5 WD X 9 OD X 3.9nt,,PART,,I,B0011653,,,31947,1
NORMAL_ALTERNATE_FLAG_MISMATCH,25290,NCAHB0001193,Cage assembly : Ø31 x Ø55 x 25 TL (NHB 20H.sp2),NSPRI0000123,NSPRI0000123,NORMAL,ALTERNATE,0,1,6,6,6,Nos.,Nos.,TORSION SPRING LH -0.3 WD X 5.5 OD X3.75,TORSION SPRING LH -0.3 WD X 5.5 OD X3.75,,PART,,I,B0011809,,,31951,1
NORMAL_ALTERNATE_FLAG_MISMATCH,25431,NCAHB0001196,Cage Assembly : Ø320 x Ø390 x 110 TL (NHB 240H2.sp1),NSPRI0000087,NSPRI0000087,NORMAL,ALTERNATE,0,1,21,21,21,Nos.,Nos.,TORSION SPRING RH-0.8 WD X 17.5 OD X 4.75nt,TORSION SPRING RH-0.8 WD X 17.5 OD X 4.75nt,,PART,,I,B0011871,,,31964,1
NORMAL_ALTERNATE_FLAG_MISMATCH,27093,NCAHB0001199,Cage assembly : Ø100 x Ø140 x 63 TL (NHB 70.S63),NSPRI0000006,NSPRI0000006,NORMAL,ALTERNATE,0,1,14,14,14,Nos.,Nos.,TORSION SPRING RH-0.5 WD X 8 OD X 3.9nt,TORSION SPRING RH-0.5 WD X 8 OD X 3.9nt,,PART,,I,B0012521,,,20440,1
NORMAL_ALTERNATE_FLAG_MISMATCH,16591,NCAHB0001200,Cage assembly : Ø140 x Ø180 x 63 TL (NHB 95.S63),NBCBL0000005,NBCBL0000005,NORMAL,ALTERNATE,0,1,3,3,3,Nos.,Nos.,Csk Bolt M 5X12 CSK 12.9-UNBRAKO,Csk Bolt M 5X12 CSK 12.9-UNBRAKO,,PART,,I,B0012559,,,19222,1
NORMAL_ALTERNATE_FLAG_MISMATCH,16585,NCAHB0001200,Cage assembly : Ø140 x Ø180 x 63 TL (NHB 95.S63),NSPRI0000006,NSPRI0000006,NORMAL,ALTERNATE,0,1,17,17,17,Nos.,Nos.,TORSION SPRING RH-0.5 WD X 8 OD X 3.9nt,TORSION SPRING RH-0.5 WD X 8 OD X 3.9nt,,PART,,I,B0012559,,,19216,1
NORMAL_ALTERNATE_FLAG_MISMATCH,12188,NCAHB0001206,Cage Assembly : Ø110 x Ø150 x 50 TL (NHB 80.sp4),NSPRI0000007,NSPRI0000007,NORMAL,ALTERNATE,0,1,16,16,16,Nos.,Nos.,TORSION SPRING LH-0.5 WD X 8 OD X3.9nt,TORSION SPRING LH-0.5 WD X 8 OD X3.9nt,,PART,,I,B0013158,,,18475,1
NORMAL_ALTERNATE_FLAG_MISMATCH,15813,NCAHB0001208,Cage Assembly : Ø120 x Ø160 x 63 TL (NHB 80.S3),NSPRI0000007,NSPRI0000007,NORMAL,ALTERNATE,0,1,16,16,16,Nos.,Nos.,TORSION SPRING LH-0.5 WD X 8 OD X3.9nt,TORSION SPRING LH-0.5 WD X 8 OD X3.9nt,,PART,,I,B0013341,,,36886,1
NORMAL_ALTERNATE_FLAG_MISMATCH,30611,NCAHB0001210,Cage Assembly : Ø170 x Ø240 x 90 TL (NHBUFC 130.sp1),NSPRI0000107,NSPRI0000107,NORMAL,ALTERNATE,0,1,12,12,12,Nos.,Nos.,SPRING - 0.9x18x4.8ntx72 - LH,SPRING - 0.9x18x4.8ntx72 - LH,,PART,,I,B0013916,,,31987,1
NORMAL_ALTERNATE_FLAG_MISMATCH,31415,NCAHB0001211,Cage Assembly : Ø170 x Ø210 x 50 TL (NHBU 100.sp4 E1E2),NBCBL0000006,NBCBL0000006,NORMAL,ALTERNATE,0,1,3,3,3,Nos.,Nos.,Csk Bolt M 5X16 CSK 12.9-UNBRAKO,Csk Bolt M 5X16 CSK 12.9-UNBRAKO,,PART,,I,B0014168,,,32001,1
NORMAL_ALTERNATE_FLAG_MISMATCH,31410,NCAHB0001211,Cage Assembly : Ø170 x Ø210 x 50 TL (NHBU 100.sp4 E1E2),NSPRI0000007,NSPRI0000007,NORMAL,ALTERNATE,0,1,22,22,22,Nos.,Nos.,TORSION SPRING LH-0.5 WD X 8 OD X3.9nt,TORSION SPRING LH-0.5 WD X 8 OD X3.9nt,,PART,,I,B0014168,,,31996,1
NORMAL_ALTERNATE_FLAG_MISMATCH,32203,NCAHB0001212,Cage assembly : Ø140 x Ø210 x 63 TL (NHB 120.SPC2),NSPRI0000079,NSPRI0000079,NORMAL,ALTERNATE,0,1,11,11,11,Nos.,Nos.,SPRING-0.70X17.3X4.7 - RH,SPRING-0.70X17.3X4.7 - RH,,PART,,I,B0014451,,,32019,1
EXTRA_DB_RAW_MATERIAL_LINK,,NCAHB0001213,Cage assembly : ??100 x ??140 x 50TL (NHB 70.s)(Riveting),NBCRP0000223,,,NORMAL,,0,,,6,,Nos.,,E Clip-??4x0.7thk-Circlip India,,PART,,I,,,,32030,1
MISSING_DB_RAW_MATERIAL_LINK,25817,NCAHB0001213,Cage assembly : Ø100 x Ø140 x 50TL (NHB 70.s)(Riveting),NBCRP0000224,NBCRP0000224,NORMAL,,0,,6,6,,Nos.,,E Clip-Ø5x0.7thk-Circlip India,E Clip-??5x0.7thk-Circlip India,,PART,,,B0014463,,,,0
NORMAL_ALTERNATE_FLAG_MISMATCH,25814,NCAHB0001213,Cage assembly : Ø100 x Ø140 x 50TL (NHB 70.s)(Riveting),NSPRI0000006,NSPRI0000006,NORMAL,ALTERNATE,0,1,14,14,14,Nos.,Nos.,TORSION SPRING RH-0.5 WD X 8 OD X 3.9nt,TORSION SPRING RH-0.5 WD X 8 OD X 3.9nt,,PART,,I,B0014463,,,32027,1
RAW_MATERIAL_ITEM_MISSING,18032,NCAHB0001214,CAGE NSC 72 B - 72 x 90 x 21,NRRBR0000100,NRRBR0000100,NORMAL,NORMAL,0,0,1,1,1,mm,mm,Round Bar EN9 60 MM,,,,,I,B0014723,B0014723,,36900,1
NORMAL_ALTERNATE_FLAG_MISMATCH,32298,NCAHB0001216,Cage Assembly : Ø140 x Ø180 x 50TL (NHB90) (Riveting),NSPRI0000007,NSPRI0000007,NORMAL,ALTERNATE,0,1,17,17,17,Nos.,Nos.,TORSION SPRING LH-0.5 WD X 8 OD X3.9nt,TORSION SPRING LH-0.5 WD X 8 OD X3.9nt,,PART,,I,B0014562,,,32037,1
NORMAL_ALTERNATE_FLAG_MISMATCH,33357,NCAHB0001224,Cage Assembly : Ø70 x Ø110 x 40 TL (NHBU 45.sp2 E1E1),NBCBL0000030,NBCBL0000030,NORMAL,ALTERNATE,0,1,3,3,3,Nos.,Nos.,Csk Bolt M 5X10 CSK 12.9-EBRO,Csk Bolt M 5X10 CSK 12.9-EBRO,,PART,,I,B0014982,,,32051,1
NORMAL_ALTERNATE_FLAG_MISMATCH,33359,NCAHB0001224,Cage Assembly : Ø70 x Ø110 x 40 TL (NHBU 45.sp2 E1E1),NSPRI0000054,NSPRI0000054,NORMAL,ALTERNATE,0,1,9,9,9,Nos.,Nos.,TORSION SPRING RH-0.45 WD X 8 OD X3.9nt,TORSION SPRING RH-0.45 WD X 8 OD X3.9nt,,PART,,I,B0014982,,,32053,1
NORMAL_ALTERNATE_FLAG_MISMATCH,12910,NCAHB0001225,Cage Assembly : Ø86 x Ø110 x 25TL (NHB 50),NSPRI0000396,NSPRI0000396,NORMAL,ALTERNATE,0,1,1,1,1,Nos.,Nos.,Disc Spring 105ODX 86.5ID X0.4THK X1.8MMHT-Spring Steel,Disc Spring 105ODX 86.5ID X0.4THK X1.8MMHT-Spring Steel,,PART,,I,B0015008,,,32063,1
NORMAL_ALTERNATE_FLAG_MISMATCH,10536,NCAHB0001226,Cage Assembly : Ø175 x Ø215 x 40 TL (NHBS.s1 130),NBCBL0000029,NBCBL0000029,NORMAL,ALTERNATE,0,1,3,3,3,Nos.,Nos.,Csk Bolt M 5X12 CSK 12.9-EBRO,Csk Bolt M 5X12 CSK 12.9-EBRO,,PART,,I,B0015056,,,32068,1
NORMAL_ALTERNATE_FLAG_MISMATCH,10533,NCAHB0001226,Cage Assembly : Ø175 x Ø215 x 40 TL (NHBS.s1 130),NSPRI0000006,NSPRI0000006,NORMAL,ALTERNATE,0,1,22,22,22,Nos.,Nos.,TORSION SPRING RH-0.5 WD X 8 OD X 3.9nt,TORSION SPRING RH-0.5 WD X 8 OD X 3.9nt,,PART,,I,B0015056,,,32065,1
NORMAL_ALTERNATE_FLAG_MISMATCH,33994,NCAHB0001241,Cage Assembly : Ø46 x Ø70 x 19 TL (NHBM 90 XN),NSPRI0000003,NSPRI0000003,NORMAL,ALTERNATE,0,1,9,9,9,Nos.,Nos.,TORSION SPRING LH -0.3 WD X 5 OD X 3.75nt,TORSION SPRING LH -0.3 WD X 5 OD X 3.75nt,,PART,,I,B0015228,,,32089,1
NORMAL_ALTERNATE_FLAG_MISMATCH,33975,NCAHB0001242,Cage Assembly : Ø31 x Ø55 x 19 TL (NHBM 71 XN),NSPRI0000123,NSPRI0000123,NORMAL,ALTERNATE,0,1,6,6,6,Nos.,Nos.,TORSION SPRING LH -0.3 WD X 5.5 OD X3.75,TORSION SPRING LH -0.3 WD X 5.5 OD X3.75,,PART,,I,B0015227,,,32078,1
NORMAL_ALTERNATE_FLAG_MISMATCH,736,NCAHB0001244,Cage Assembly : Ø85 x Ø125 x 40 TL (NHB 60) (Riveting),NSPRI0000006,NSPRI0000006,NORMAL,ALTERNATE,0,1,12,12,12,Nos.,Nos.,TORSION SPRING RH-0.5 WD X 8 OD X 3.9nt,TORSION SPRING RH-0.5 WD X 8 OD X 3.9nt,,PART,,I,B0015402,,,21359,1
NORMAL_ALTERNATE_FLAG_MISMATCH,5382,NCAHB0001245,Cage Assembly : Ø170 x Ø210 x 63TL (NHB 100) (Riveting),NSPRI0000006,NSPRI0000006,NORMAL,ALTERNATE,0,1,22,22,22,Nos.,Nos.,TORSION SPRING RH-0.5 WD X 8 OD X 3.9nt,TORSION SPRING RH-0.5 WD X 8 OD X 3.9nt,,PART,,I,B0015401,,,17182,1
NORMAL_ALTERNATE_FLAG_MISMATCH,35399,NCAHB0001246,Cage Assembly : Ø66 x Ø90 x 25TL (NHB40/45H),NSPRI0000395,NSPRI0000395,NORMAL,ALTERNATE,0,1,1,1,1,Nos.,Nos.,Disc Spring 85OD X 66.5ID X0.4THK X1.8MMHT-Spring Steel,Disc Spring 85OD X 66.5ID X0.4THK X1.8MMHT-Spring Steel,,PART,,I,B0015463,,,32103,1
NORMAL_ALTERNATE_FLAG_MISMATCH,31573,NCAHB0001251,Cage Assembly : Ø120 x Ø160 x 50 TL (NHB 80) (Riveting),NSPRI0000007,NSPRI0000007,NORMAL,ALTERNATE,0,1,16,16,16,Nos.,Nos.,TORSION SPRING LH-0.5 WD X 8 OD X3.9nt,TORSION SPRING LH-0.5 WD X 8 OD X3.9nt,,PART,,I,B0015609,,,36913,1
NORMAL_ALTERNATE_FLAG_MISMATCH,17034,NCAHB0001252,Cage Assembly : Ø200 x Ø240 x 63 TL(NHB140/155 Riveting,NSPRI0000138,NSPRI0000138,NORMAL,ALTERNATE,0,1,27,27,27,Nos.,Nos.,TORSION SPRING LH-0.5 WD X 9 OD X 3.9NT,TORSION SPRING LH-0.5 WD X 9 OD X 3.9NT,,PART,,I,B0015728,,,19288,1
NORMAL_ALTERNATE_FLAG_MISMATCH,3293,NCNPT0000005,Thrust Washer of RPN 100 - C,NRRBR0000012,NRRBR0000337 / NRRBR0000012,NORMAL,ALTERNATE,0,1,66/59,59,59,mm,mm,Round Bar 4140 65 MM,Round Bar EN19 60 MM,,PART,,I,B0002126,,57 mm,37618,1
NORMAL_ALTERNATE_FLAG_MISMATCH,3293,NCNPT0000005,Thrust Washer of RPN 100 - C,NRRBR0000337,NRRBR0000337 / NRRBR0000012,ALTERNATE,NORMAL,1,0,66/59,66,66,mm,mm,Round Bar 4140 65 MM,Round Bar 4140 65 MM,,PART,CUTTING SIZE - 24mm,I,B0002126,,64 mm,30795,1
NORMAL_ALTERNATE_FLAG_MISMATCH,610,NCNPT0000006,Thrust Washer of RPN 087 - C,NRRBR0000011,NRRBR0000012 / NRRBR0000011,NORMAL,ALTERNATE,0,1,66/60,60,60,mm,mm,Round Bar EN19 60 MM / Round Bar EN19 56 MM,Round Bar EN19 56 MM,,PART,,I,B0002142,B0002142,58 mm,37619,1
NORMAL_ALTERNATE_FLAG_MISMATCH,610,NCNPT0000006,Thrust Washer of RPN 087 - C,NRRBR0000012,NRRBR0000012 / NRRBR0000011,ALTERNATE,NORMAL,1,0,66/60,66,66,mm,mm,Round Bar EN19 60 MM / Round Bar EN19 56 MM,Round Bar EN19 60 MM,,PART,,I,B0002142,,64 mm,30761,1
QUANTITY_MISMATCH,162,NCONS0000726,Outer Ring of N7012 ID 95 x OD 135 - C,NRRBR0000103,NRRBR0000103,NORMAL,NORMAL,0,0,117/112,112,117,mm,mm,Round Bar EN9 100 MM,Round Bar EN9 100 MM,,PART,,I,B0001008,B0001008,115 mm,21953,1
UOM_MISMATCH,35610,NCONS0000738,Outer Ring of N7043 ID 20 x OD 38 - C,NRRBR0000112,NRRBR0000112,NORMAL,NORMAL,0,0,120,120,120,mm,Kg.,Round Bar EN9 45 MM,Round Bar EN9 45 MM,,PART,CUTTING SIZE - 55mm,I,B0001722,B0001722,,37069,1
NORMAL_ALTERNATE_FLAG_MISMATCH,1703,NCONS0000740,Inner Ring of N7012 ID 95 x OD 135 - C,NRRBR0000114,NRRBR0000114,NORMAL,ALTERNATE,0,1,100,100,100,mm,mm,Round Bar EN9 90 MM,Round Bar EN9 90 MM,,PART,,I,B0001007,B0001007,98 mm,37000,1
NORMAL_ALTERNATE_FLAG_MISMATCH,1712,NCONS0000741,Inner Ring of N7012 ID 110 x OD 155 - C,NRRBR0000208,NRRBR0000208,NORMAL,ALTERNATE,0,1,125,125,125,mm,mm,Round Bar 4140 90 MM,Round Bar 4140 90 MM,,PART,,I,B0001017,B0001017,123 mm,32777,1
NORMAL_ALTERNATE_FLAG_MISMATCH,1709,NCONS0000746,Outer Ring of N7012 ID 110 x OD 155 - C,NRRBR0000158,NRRBR0000158,NORMAL,ALTERNATE,0,1,133,133,133,mm,mm,Round Bar 4140 100 MM,Round Bar 4140 100 MM,,PART,,I,B0001018,B0001018,131 mm,32779,1
QUANTITY_MISMATCH,1717,NCONS0000749,Inner Ring of N7012 ID 90 x OD 130 - C,NRRBR0000108,NRRBR0000108 / NRRBR0000149,NORMAL,NORMAL,0,0,91/93,91,89,mm,mm,Round Bar EN9 110 MM,Round Bar EN9 110 MM,,PART,,I,B0001022,,87 mm,21828,1
NORMAL_ALTERNATE_FLAG_MISMATCH,95,NCONS0000750,Outer Ring of N7012 ID 90 x OD 130 - C,NRRBR0000103,NRRBR0000103 / NRRBR0000158,ALTERNATE,NORMAL,1,0,112/108,112,112,mm,mm,Round Bar EN9 100 MM,Round Bar EN9 100 MM,,PART,,I,B0001023,,110 mm,21830,1
NORMAL_ALTERNATE_FLAG_MISMATCH,95,NCONS0000750,Outer Ring of N7012 ID 90 x OD 130 - C,NRRBR0000158,NRRBR0000103 / NRRBR0000158,NORMAL,ALTERNATE,0,1,112/108,108,108,mm,mm,Round Bar EN9 100 MM,Round Bar 4140 100 MM,,PART,,I,B0001023,,106 mm,37006,1
UOM_MISMATCH,210,NCONS0000758,Outer Ring of N7012 ID 20 x OD 47 - C,NRRBR0000116,NRRBR0000116,NORMAL,NORMAL,0,0,71,71,71,mm,Kg.,Round Bar EN9 56 MM,Round Bar EN9 56 MM,,PART,CUTTING SIZE - 55mm,I,B0001038,B0001038,,37012,1
RAW_MATERIAL_ITEM_MISSING,7539,NCONS0000766,Outer Ring of N7012 ID 24 x OD 50 - C,NRRBR0000100,NRRBR0000100,NORMAL,NORMAL,0,0,71,71,71,mm,mm,Round Bar EN9 60 MM,,,,,I,B0001052,,69 mm,32820,1
RAW_MATERIAL_ITEM_MISSING,88,NCONS0000770,Outer Ring of N7012 ID 25 x OD 50 - C,NRRBR0000100,NRRBR0000100,NORMAL,NORMAL,0,0,68/71,68,68,mm,mm,Round Bar EN9 60 MM,,,,,I,B0001068,B0001068,66 mm,21812,1
NORMAL_ALTERNATE_FLAG_MISMATCH,266,NCONS0000773,Inner Ring of N7012 ID 70 x OD 110 - C,NRRBR0000114,NRRBR0000114,NORMAL,ALTERNATE,0,1,93,93,93,mm,mm,Round Bar EN9 90 MM,Round Bar EN9 90 MM,,PART,,I,B0001049,,91 mm,32829,1
UOM_MISMATCH,251,NCONS0000781,Inner Ring of N7012 ID 28 x OD 55 - C,NRRBR0000112,NRRBR0000112,NORMAL,NORMAL,0,0,71,71,71,mm,Kg.,Round Bar EN9 45 MM,Round Bar EN9 45 MM,,PART,CUTTING SIZE - 55mm,I,B0001078,B0001078,,22105,1
UOM_MISMATCH,111,NCONS0000782,Outer Ring of N7012 ID 28 x OD 55 - C,NRRBR0000102,NRRBR0000102,NORMAL,NORMAL,0,0,68/71,68,68,mm,Kg.,RoundBar EN9 65 MM,RoundBar EN9 65 MM,RoundBar EN9 65 MM,PART,CUTTING SIZE - 23 MM,I,B0001079,B0001079,,21860,1
UOM_MISMATCH,110,NCONS0000785,Inner Ring of N7012 ID 30 x OD 55 - C,NRRBR0000112,NRRBR0000112,NORMAL,NORMAL,0,0,68/71,68,68,mm,Kg.,Round Bar EN9 45 MM,Round Bar EN9 45 MM,,PART,CUTTING SIZE - 55mm,I,B0001083,B0001083,,21857,1
UOM_MISMATCH,1803,NCONS0000787,Front Nut of N7012 ID 32 x OD 60 - C,NRRBR0000102,NRRBR0000102,NORMAL,NORMAL,0,0,69,69,69,mm,Kg.,RoundBar EN9 65 MM,RoundBar EN9 65 MM,RoundBar EN9 65 MM,PART,CUTTING SIZE - 23 MM,I,B0001087,B0001087,,37027,1
UOM_MISMATCH,122,NCONS0000788,Rear Nut of N7012 ID 32 x OD 60 - C,NRRBR0000102,NRRBR0000102,NORMAL,NORMAL,0,0,69,69,69,mm,Kg.,RoundBar EN9 65 MM,RoundBar EN9 65 MM,RoundBar EN9 65 MM,PART,CUTTING SIZE - 23 MM,I,B0001088,B0001088,,37028,1
UOM_MISMATCH,191,NCONS0000797,Inner Ring of N7012 ID 40 x OD 65 - C,NRRBR0000116,NRRBR0000116,NORMAL,NORMAL,0,0,68/71,68,68,mm,Kg.,Round Bar EN9 56 MM,Round Bar EN9 56 MM,,PART,CUTTING SIZE - 55mm,I,B0001103,B0001103,,22000,1
RAW_MATERIAL_ITEM_MISSING,1820,NCONS0000801,Inner Ring of N7012 ID 42 x OD 75 - C,NRRBR0000100,NRRBR0000100,NORMAL,NORMAL,0,0,81,81,81,mm,mm,Round Bar EN9 60 MM,,,,,I,B0001108,B0001108,79 mm,37036,1
RAW_MATERIAL_ITEM_MISSING,286,NCONS0000805,Inner Ring of N7012 ID 45 x OD 75 - C,NRRBR0000100,NRRBR0000100,NORMAL,NORMAL,0,0,77/79,77,77,mm,mm,Round Bar EN9 60 MM,,,,,I,B0001118,B0001118,75 mm,22141,1
UOM_MISMATCH,218,NCONS0000809,Inner Ring of N7012 ID 50 x OD 80 - C,NRRBR0000102,NRRBR0000102,NORMAL,NORMAL,0,0,77/79,77,77,mm,Kg.,RoundBar EN9 65 MM,RoundBar EN9 65 MM,RoundBar EN9 65 MM,PART,CUTTING SIZE - 23 MM,I,B0001123,B0001123,,22052,1
NORMAL_ALTERNATE_FLAG_MISMATCH,1852,NCONS0000816,Nut of N7012 ID 60 x OD 90 - C,NRRBR0000197,NRRBR0000197,NORMAL,ALTERNATE,0,1,77/79,77,77,mm,mm,Round Bar EN19 100 MM,Round Bar EN19 100 MM,,PART,,I,B0002720,B0002720,75 mm,22734,1
NORMAL_ALTERNATE_FLAG_MISMATCH,422,NCONS0000819,Nut of N7012 ID 65 x OD 95 - C,NRRBR0000197,NRRBR0000197,NORMAL,ALTERNATE,0,1,79,79,79,mm,mm,Round Bar EN19 100 MM,Round Bar EN19 100 MM,,PART,,I,B0001141,B0001141,77 mm,27361,1
UOM_MISMATCH,1865,NCONS0000825,Inner Ring of N7012 ID 48 x OD 80 - C,NRRBR0000102,NRRBR0000102,NORMAL,NORMAL,0,0,79/77,77,77,mm,Kg.,RoundBar EN9 65 MM,RoundBar EN9 65 MM,RoundBar EN9 65 MM,PART,CUTTING SIZE - 23 MM,I,B0001148,B0001148,,22749,1
NORMAL_ALTERNATE_FLAG_MISMATCH,1876,NCONS0000829,Inner Ring of N7012 ID 85 x OD 125 - C,NRRBR0000197,NRRBR0000197,NORMAL,ALTERNATE,0,1,93,93,93,mm,mm,Round Bar EN19 100 MM,Round Bar EN19 100 MM,,PART,,I,B0001158,B0001158,91 mm,32932,1
NORMAL_ALTERNATE_FLAG_MISMATCH,1880,NCONS0000830,Outer Ring of N7012 ID 85 x OD 125 - C,NRRBR0000103,NRRBR0000103 / NRRBR0000197,ALTERNATE,NORMAL,1,0,108/104,108,108,mm,mm,Round Bar EN9 100 MM,Round Bar EN9 100 MM,,PART,,I,B0001159,,106 mm,22768,1
NORMAL_ALTERNATE_FLAG_MISMATCH,1877,NCONS0000830,Outer Ring of N7012 ID 85 x OD 125 - C,NRRBR0000197,NRRBR0000197,NORMAL,ALTERNATE,0,1,104,104,104,mm,mm,Round Bar EN19 100 MM,Round Bar EN19 100 MM,,PART,,I,B0001159,B0001159,102 mm,32934,1
NORMAL_ALTERNATE_FLAG_MISMATCH,1888,NCONS0000833,Inner Ring of N7012 ID 100 x OD 145 - C,NRRBR0000114,NRRBR0000114,NORMAL,ALTERNATE,0,1,117,117,117,mm,mm,Round Bar EN9 90 MM,Round Bar EN9 90 MM,,PART,,I,B0001168,B0001168,115 mm,32947,1
QUANTITY_MISMATCH,494,NCONS0000834,Outer Ring of N7012 ID 100 x OD 145 - C,NRRBR0000103,NRRBR0000103,NORMAL,NORMAL,0,0,131/127,127,131,mm,mm,Round Bar EN9 100 MM,Round Bar EN9 100 MM,,PART,,I,B0001169,B0001169,129 mm,22452,1
NORMAL_ALTERNATE_FLAG_MISMATCH,152,NCONS0000843,Inner Ring of N7012 ID 130 x OD 180 - C,NRRBR0000103,NRRBR0000103 / NRRBR0000197,ALTERNATE,NORMAL,1,0,111/108,111,111,mm,mm,Round Bar EN9 100 MM,Round Bar EN9 100 MM,,PART,,I,B0001217,,109 mm,21927,1
NORMAL_ALTERNATE_FLAG_MISMATCH,152,NCONS0000843,Inner Ring of N7012 ID 130 x OD 180 - C,NRRBR0000197,NRRBR0000103 / NRRBR0000197,NORMAL,ALTERNATE,0,1,111/108,108,108,mm,mm,Round Bar EN9 100 MM,Round Bar EN19 100 MM,,PART,,I,B0001217,B0001217,106 mm,33025,1
QUANTITY_MISMATCH,153,NCONS0000844,Outer Ring of N7012 ID 130 x OD 180 - C,NRRBR0000108,NRRBR0000108,NORMAL,NORMAL,0,0,119/115,115,119,mm,mm,Round Bar EN9 110 MM,Round Bar EN9 110 MM,,PART,,I,B0001218,B0001218,117 mm,21930,1
QUANTITY_MISMATCH,1980,NCONS0000845,Inner Ring of N7012 ID 140 x OD 190 - C,NRRBR0000103,NRRBR0000103 / NRRBR0000197,NORMAL,NORMAL,0,0,115/116,115,117,mm,mm,Round Bar EN9 100 MM,Round Bar EN9 100 MM,,PART,,I,B0001220,,115 mm,22847,1
NORMAL_ALTERNATE_FLAG_MISMATCH,1985,NCONS0000845,Inner Ring of N7012 ID 140 x OD 190 - C,NRRBR0000103,NRRBR0000103 / NRRBR0000197,ALTERNATE,NORMAL,1,0,117/116,117,117,mm,mm,Round Bar EN9 100 MM,Round Bar EN9 100 MM,,PART,,I,B0001220,,115 mm,22847,1
NORMAL_ALTERNATE_FLAG_MISMATCH,1985,NCONS0000845,Inner Ring of N7012 ID 140 x OD 190 - C,NRRBR0000197,NRRBR0000103 / NRRBR0000197,NORMAL,ALTERNATE,0,1,117/116,116,116,mm,mm,Round Bar EN9 100 MM,Round Bar EN19 100 MM,,PART,,I,B0001220,,114 mm,37050,1
NORMAL_ALTERNATE_FLAG_MISMATCH,1986,NCONS0000846,Outer Ring of N7012 ID 140 x OD 190 - C,NRRBR0000108,NRRBR0000108 / NRRBR0000149,ALTERNATE,NORMAL,1,0,126/122,126,126,mm,mm,Round Bar EN9 110 MM,Round Bar EN9 110 MM,,PART,,I,B0001221,,124 mm,22850,1
NORMAL_ALTERNATE_FLAG_MISMATCH,1986,NCONS0000846,Outer Ring of N7012 ID 140 x OD 190 - C,NRRBR0000149,NRRBR0000108 / NRRBR0000149,NORMAL,ALTERNATE,0,1,126/122,122,122,mm,mm,Round Bar EN9 110 MM,Round Bar 4140 110 MM,,PART,CUTTING SIZE - 27mm,I,B0001221,,120 mm,37051,1
NORMAL_ALTERNATE_FLAG_MISMATCH,103,NCONS0000847,Inner Ring of N7012 ID 150 x OD 200 - C,NRRBR0000103,NRRBR0000103 / NRRBR0000108,ALTERNATE,NORMAL,1,0,131/110,131,131,mm,mm,Round Bar EN9 100 MM / Round Bar EN9 110 MM,Round Bar EN9 100 MM,,PART,,I,B0001228,,129 mm,21842,1
NORMAL_ALTERNATE_FLAG_MISMATCH,103,NCONS0000847,Inner Ring of N7012 ID 150 x OD 200 - C,NRRBR0000108,NRRBR0000103 / NRRBR0000108,NORMAL,ALTERNATE,0,1,131/110,110,110,mm,mm,Round Bar EN9 100 MM / Round Bar EN9 110 MM,Round Bar EN9 110 MM,,PART,,I,B0001228,B0001228,108 mm,33042,1
NORMAL_ALTERNATE_FLAG_MISMATCH,104,NCONS0000848,Outer Ring of N7012 ID 150 x OD 200 - C,NRRBR0000107,NRRBR0000118 / NRRBR0000107,NORMAL,ALTERNATE,0,1,115/100,100,100,mm,mm,Round Bar EN9 120 MM / Round Bar EN9 130 MM,Round Bar EN9 130 MM,,PART,,I,B0001229,B0001229,98 mm,33044,1
NORMAL_ALTERNATE_FLAG_MISMATCH,104,NCONS0000848,Outer Ring of N7012 ID 150 x OD 200 - C,NRRBR0000118,NRRBR0000118 / NRRBR0000107,ALTERNATE,NORMAL,1,0,115/100,115,115,mm,mm,Round Bar EN9 120 MM / Round Bar EN9 130 MM,Round Bar EN9 120 MM,,PART,,I,B0001229,,113 mm,21845,1
PARENT_ITEM_MISSING,35548,NCONS0000852,Inner Ring of N250 ID 35 x OD 47 - C,NRRBR0000111,NRRBR0000111,NORMAL,NORMAL,0,0,170,170,170,mm,mm,Round Bar EN9 75 MM,Round Bar EN9 75 MM,,PART,,I,B0001547,B0001547,168 mm,37058,1
PARENT_ITEM_MISSING,35549,NCONS0000853,Outer Ring of N250 ID 35 x OD 47 - C,NRRBR0000105,NRRBR0000105,NORMAL,NORMAL,0,0,149,149,149,mm,mm,Round Bar EN9 70 MM,Round Bar EN9 70 MM,Round Bar EN9 70 MM,PART,CUTTING SIZE - 33 MM,I,B0001548,B0001548,147 mm,37059,1
NORMAL_ALTERNATE_FLAG_MISMATCH,496,NCONS0000865,Nut of N7012 ID 100 x OD 145 - C,NRRBR0000108,NRRBR0000108,NORMAL,ALTERNATE,0,1,148,148,148,mm,mm,Round Bar EN9 110 MM,Round Bar EN9 110 MM,,PART,,I,B0001550,B0001550,146 mm,22457,1
RAW_MATERIAL_ITEM_MISSING,35602,NCONS0000866,Inner Ring of N7032 ID 24 x OD 50 - C,NRRBR0000100,NRRBR0000100,NORMAL,NORMAL,0,0,104,104,104,mm,mm,Round Bar EN9 60 MM,,,,,I,B0001555,B0001555,102 mm,37060,1
RAW_MATERIAL_ITEM_MISSING,230,NCONS0000867,Outer Ring of N7032 ID 24 x OD 50 - C,NRRBR0000100,NRRBR0000100,NORMAL,NORMAL,0,0,80,80,80,mm,mm,Round Bar EN9 60 MM,,,,,I,B0001556,B0001556,78 mm,22073,1
NORMAL_ALTERNATE_FLAG_MISMATCH | UOM_MISMATCH,1751,NCONS0000869,Nut of N7012 ID 25 x OD 50 - C,NRRBR0000116,NRRBR0000116,NORMAL,ALTERNATE,0,1,69,69,69,mm,Kg.,Round Bar EN9 56 MM,Round Bar EN9 56 MM,,PART,CUTTING SIZE - 55mm,I,B0001561,B0001561,,32836,1
UOM_MISMATCH,89,NCONS0000869,Nut of N7012 ID 25 x OD 50 - C,NRRBR0000116,NRRBR0000012 / NRRBR0000116,ALTERNATE,ALTERNATE,1,1,69,,69,mm,Kg.,Round Bar EN19 60 MM,Round Bar EN9 56 MM,,PART,CUTTING SIZE - 55mm,I,B0001561,B0001561,,32836,1
NORMAL_ALTERNATE_FLAG_MISMATCH,2515,NCONS0000871,Inner Ring of N7012 ID 38 x OD 65 - C,NRRBR0000011,NRRBR0000011,NORMAL,ALTERNATE,0,1,71,71,71,mm,mm,Round Bar EN19 56 MM,Round Bar EN19 56 MM,,PART,,I,B0001571,,69 mm,23794,1
UOM_MISMATCH,2514,NCONS0000871,Inner Ring of N7012 ID 38 x OD 65 - C,NRRBR0000116,NRRBR0000116,NORMAL,NORMAL,0,0,71,71,71,mm,Kg.,Round Bar EN9 56 MM,Round Bar EN9 56 MM,,PART,CUTTING SIZE - 55mm,I,B0001571,B0001571,,23793,1
NORMAL_ALTERNATE_FLAG_MISMATCH,2445,NCONS0000874,Outer Ring of N250 ID 12 x OD 18 - C,NRRBR0000115,NRRBR0000115,NORMAL,ALTERNATE,0,1,271,271,271,mm,mm,Round Bar EN9 36 MM,Round Bar EN9 36 MM,,PART,,I,B0001579,B0001579,269 mm,33291,1
NORMAL_ALTERNATE_FLAG_MISMATCH,174,NCONS0000879,Nut of N7012 ID 110 x OD 155 - C,NRRBR0000188,NRRBR0000188,NORMAL,ALTERNATE,0,1,119,119,119,mm,mm,Round Bar 4140 125 MM,Round Bar 4140 125 MM,,PART,CUTTING SIZE - 56mm,I,B0001633,B0001633,117 mm,21974,1
NORMAL_ALTERNATE_FLAG_MISMATCH,1721,NCONS0000880,Nut of N7012 ID 80 x OD 120 - C,NRRBR0000107,NRRBR0000107,NORMAL,ALTERNATE,0,1,90,90,90,mm,mm,Round Bar EN9 130 MM,Round Bar EN9 130 MM,,PART,,I,B0001634,B0001634,88 mm,32794,1
NORMAL_ALTERNATE_FLAG_MISMATCH,164,NCONS0000881,Nut of N7012 ID 95 x OD 135 - C,NRRBR0000107,NRRBR0000107,NORMAL,ALTERNATE,0,1,140,140,140,mm,mm,Round Bar EN9 130 MM,Round Bar EN9 130 MM,,PART,,I,B0001650,B0001650,138 mm,21956,1
UOM_MISMATCH,1491,NCONS0000887,Nut of N7012 ID 20 x OD 47 - C,NRRBR0000116,NRRBR0000116,NORMAL,NORMAL,0,0,71,71,71,mm,Kg.,Round Bar EN9 56 MM,Round Bar EN9 56 MM,,PART,CUTTING SIZE - 55mm,I,B0001687,B0001687,,22634,1
NORMAL_ALTERNATE_FLAG_MISMATCH | QUANTITY_MISMATCH,1715,NCONS0000892,Nut of N7012 ID 90 x OD 130 - C,NRRBR0000002,NRRBR0000002 / NRRBR0000209,ALTERNATE,NORMAL,1,0,91/89,91,87,mm,mm,Round Bar EN19 140 MM,Round Bar EN19 140 MM,,PART,CUTTING SIZE - 38mm,I,B0001745,,85 mm,21832,1
NORMAL_ALTERNATE_FLAG_MISMATCH,97,NCONS0000892,Nut of N7012 ID 90 x OD 130 - C,NRRBR0000209,NRRBR0000209,NORMAL,ALTERNATE,0,1,89,89,89,mm,mm,Round Bar 4140 140 MM,Round Bar 4140 140 MM,,PART,,I,B0001745,B0001745,87 mm,37070,1
UOM_MISMATCH,2797,NCONS0000893,Ring of N8006 ID 45 x OD 55 - C,NRRBR0000102,NRRBR0000102,NORMAL,NORMAL,0,0,58,58,58,mm,Kg.,RoundBar EN9 65 MM,RoundBar EN9 65 MM,RoundBar EN9 65 MM,PART,CUTTING SIZE - 23 MM,I,B0001746,B0001746,,23234,1
UOM_MISMATCH,543,NCONS0000896,Ring of N8006 ID 48 x OD 55 - C,NRRBR0000102,NRRBR0000102,NORMAL,NORMAL,0,0,78,78,78,mm,Kg.,RoundBar EN9 65 MM,RoundBar EN9 65 MM,RoundBar EN9 65 MM,PART,CUTTING SIZE - 23 MM,I,B0001769,B0001769,,22508,1
PARENT_ITEM_MISSING,35598,NCONS0000897,Nut of N7012 ID 140 x OD 190 - C,NRRBR0000209,NRRBR0000209,NORMAL,NORMAL,0,0,138,138,138,mm,mm,Round Bar 4140 140 MM,Round Bar 4140 140 MM,,PART,,I,B0001778,B0001778,136 mm,37073,1
UOM_MISMATCH,2865,NCONS0000898,Ring of N8006 ID 50 x OD 57 - C,NRRBR0000102,NRRBR0000102,NORMAL,NORMAL,0,0,56,56,56,mm,Kg.,RoundBar EN9 65 MM,RoundBar EN9 65 MM,RoundBar EN9 65 MM,PART,CUTTING SIZE - 23 MM,I,B0001796,B0001796,,23267,1
UOM_MISMATCH,2861,NCONS0000899,Ring of N8006 ID 40 x OD 45 - C,NRRBR0000116,NRRBR0000116,NORMAL,NORMAL,0,0,48,48,48,mm,Kg.,Round Bar EN9 56 MM,Round Bar EN9 56 MM,,PART,CUTTING SIZE - 55mm,I,B0001789,B0001789,,23261,1
UOM_MISMATCH,83,NCONS0000904,Inner Ring of N7031 ID 25 x OD 50 - C,NRRBR0000102,NRRBR0000102,NORMAL,NORMAL,0,0,140,140,140,mm,Kg.,RoundBar EN9 65 MM,RoundBar EN9 65 MM,RoundBar EN9 65 MM,PART,CUTTING SIZE - 23 MM,I,B0001843,B0001843,,37078,1
NORMAL_ALTERNATE_FLAG_MISMATCH,11613,NCONS0000907,Nut of N7012 ID 30 x OD 55 - C,NRRBR0000012,NRRBR0000203 / NRRBR0000012,NORMAL,ALTERNATE,0,1,81/71,71,71,mm,mm,Round Bar EN19 65 MM / Round Bar EN19 60 MM,Round Bar EN19 60 MM,,PART,,I,B0001851,,69 mm,27463,1
NORMAL_ALTERNATE_FLAG_MISMATCH,11613,NCONS0000907,Nut of N7012 ID 30 x OD 55 - C,NRRBR0000203,NRRBR0000203 / NRRBR0000012,ALTERNATE,NORMAL,1,0,81/71,81,81,mm,mm,Round Bar EN19 65 MM / Round Bar EN19 60 MM,Round Bar EN19 65 MM,,PART,,I,B0001851,B0001851,79 mm,25302,1
QUANTITY_MISMATCH,25335,NCONS0000907,Nut of N7012 ID 30 x OD 55 - C,NRRBR0000203,NRRBR0000203,NORMAL,NORMAL,0,0,69/81,69,81,mm,mm,Round Bar EN19 65 MM,Round Bar EN19 65 MM,,PART,,I,B0001851,B0001851,79 mm,25302,1
NORMAL_ALTERNATE_FLAG_MISMATCH | UOM_MISMATCH,1863,NCONS0000908,Nut of N7012 ID 48 x OD 80 - C,NRRBR0000124,NRRBR0000124,NORMAL,ALTERNATE,0,1,79,79,79,mm,Kg.,Round Bar EN19 85 MM,Round Bar EN19 85 MM,,PART,,I,B0001852,B0001852,,28289,1
UOM_MISMATCH,1870,NCONS0000908,Nut of N7012 ID 48 x OD 80 - C,NRRBR0000124,NRRBR0000005 / NRRBR0000124,ALTERNATE,ALTERNATE,1,1,77/79,79,79,mm,Kg.,Round Bar EN19 90 MM / Round Bar EN19 85 MM,Round Bar EN19 85 MM,,PART,,I,B0001852,B0001852,,28289,1
UOM_MISMATCH,2200,NCONS0000913,Ring of N8006 ID 38 x OD 44 - C,NRRBR0000116,NRRBR0000116,NORMAL,NORMAL,0,0,63,63,63,mm,Kg.,Round Bar EN9 56 MM,Round Bar EN9 56 MM,,PART,CUTTING SIZE - 55mm,I,B0001867,B0001867,,23014,1
NORMAL_ALTERNATE_FLAG_MISMATCH,2201,NCONS0000913,Ring of N8006 ID 38 x OD 44 - C,NRRBR0000119,NRRBR0000119,NORMAL,ALTERNATE,0,1,46,46,46,mm,mm,Round Bar EN9 50 MM,Round Bar EN9 50 MM,,PART,CUTTING SIZE - 24mm,I,B0001867,B0001867,44 mm,23016,1
NORMAL_ALTERNATE_FLAG_MISMATCH,508,NCONS0000916,Ring of N8006 ID 25 x OD 30 - C,NRRBR0000115,NRRBR0000115,NORMAL,ALTERNATE,0,1,368,368,368,mm,mm,Round Bar EN9 36 MM,Round Bar EN9 36 MM,,PART,,I,B0001877,B0001877,366 mm,22472,1
QUANTITY_MISMATCH,2987,NCONS0000917,Ring of N8006 ID 55 x OD 62 - C,NRRBR0000105,NRRBR0000105,NORMAL,NORMAL,0,0,56/69/78,56,78,mm,mm,Round Bar EN9 70 MM,Round Bar EN9 70 MM,Round Bar EN9 70 MM,PART,CUTTING SIZE - 33 MM,I,B0001878,B0001878,76 mm,23332,1
UOM_MISMATCH,2991,NCONS0000918,Ring of N8006 ID 32 x OD 36 - C,NRRBR0000112,NRRBR0000112,NORMAL,NORMAL,0,0,46,46,46,mm,Kg.,Round Bar EN9 45 MM,Round Bar EN9 45 MM,,PART,CUTTING SIZE - 55mm,I,B0001883,B0001883,,23337,1
NORMAL_ALTERNATE_FLAG_MISMATCH,3010,NCONS0000922,Outer of N7015.0 ID 110 x OD 155 - C,NRRBR0000103,NRRBR0000103 / NRRBR0000108,ALTERNATE,NORMAL,1,0,107/83,107,107,mm,mm,Round Bar EN9 100 MM,Round Bar EN9 100 MM,,PART,,I,B0001905,,105 mm,23361,1
NORMAL_ALTERNATE_FLAG_MISMATCH,3006,NCONS0000922,Outer of N7015.0 ID 110 x OD 155 - C,NRRBR0000108,NRRBR0000108,NORMAL,ALTERNATE,0,1,83,83,83,mm,mm,Round Bar EN9 110 MM,Round Bar EN9 110 MM,,PART,,I,B0001905,B0001905,81 mm,37083,1
UOM_MISMATCH,485,NCONS0000926,Inner Ring of N7013.0 ID 20 x OD 47 - C,NRRBR0000116,NRRBR0000116,NORMAL,NORMAL,0,0,115,115,115,mm,Kg.,Round Bar EN9 56 MM,Round Bar EN9 56 MM,,PART,CUTTING SIZE - 55mm,I,B0001914,B0001914,,22435,1
UOM_MISMATCH,487,NCONS0000927,Outer Ring of N7013.0 ID 20 x OD 47 - C,NRRBR0000116,NRRBR0000116,NORMAL,NORMAL,0,0,97,97,97,mm,Kg.,Round Bar EN9 56 MM,Round Bar EN9 56 MM,,PART,CUTTING SIZE - 55mm,I,B0001915,B0001915,,22439,1
RAW_MATERIAL_ITEM_MISSING,2012,NCONS0000931,Outer Ring of N7013.0 ID 28 x OD 55 - C,NRRBR0000100,NRRBR0000100,NORMAL,NORMAL,0,0,127,127,127,mm,mm,Round Bar EN9 60 MM,,,,,I,B0001917,B0001917,125 mm,37086,1
QUANTITY_MISMATCH,511,NCONS0000934,Ring of N8006 ID 35 x OD 40 - C,NRRBR0000119,NRRBR0000119,NORMAL,NORMAL,0,0,63/45,45,63,mm,mm,Round Bar EN9 50 MM,Round Bar EN9 50 MM,,PART,CUTTING SIZE - 24mm,I,B0001981,B0001981,61 mm,22477,1
RAW_MATERIAL_ITEM_MISSING,514,NCONS0000935,Ring of N8006 ID 45 x OD 52 - C,NRRBR0000100,NRRBR0000100,NORMAL,NORMAL,0,0,58,58,58,mm,mm,Round Bar EN9 60 MM,,,,,I,B0001982,B0001982,56 mm,22483,1
NORMAL_ALTERNATE_FLAG_MISMATCH,546,NCONS0000936,Ring of N8006 ID 60 x OD 68 - C,NRRBR0000111,NRRBR0000111,NORMAL,ALTERNATE,0,1,66,66,66,mm,mm,Round Bar EN9 75 MM,Round Bar EN9 75 MM,,PART,,I,B0001983,B0001983,64 mm,22515,1
UOM_MISMATCH | QUANTITY_MISMATCH,306,NCONS0000938,Ring of N8006 ID 30 x OD 35 - C,NRRBR0000112,NRRBR0000112,NORMAL,NORMAL,0,0,74/44/134,44,74,mm,Kg.,Round Bar EN9 45 MM,Round Bar EN9 45 MM,,PART,CUTTING SIZE - 55mm,I,B0001985,B0001985,,22178,1
NORMAL_ALTERNATE_FLAG_MISMATCH | QUANTITY_MISMATCH,521,NCONS0000941,Ring of N8006 ID 17 x OD 21 - C,NRRBR0000125,NRRBR0000241 / NRRBR0000125,NORMAL,ALTERNATE,0,1,367/363,363,368,mm,mm,Round Bar EN9 28 MM / Round Bar EN9 25 MM,Round Bar EN9 25 MM,,PART,,I,B0001988,B0001988,366 mm,33599,1
NORMAL_ALTERNATE_FLAG_MISMATCH,521,NCONS0000941,Ring of N8006 ID 17 x OD 21 - C,NRRBR0000241,NRRBR0000241 / NRRBR0000125,ALTERNATE,NORMAL,1,0,367/363,367,367,mm,mm,Round Bar EN9 28 MM / Round Bar EN9 25 MM,Round Bar EN9 28 MM,,PART,CUTTING SIZE - 365mm,I,B0001988,,365 mm,22497,1
NORMAL_ALTERNATE_FLAG_MISMATCH,264,NCONS0000947,Nut of N7012 ID 70 x OD 110 - C,NRRBR0000118,NRRBR0000118,NORMAL,ALTERNATE,0,1,90,90,90,mm,mm,Round Bar EN9 120 MM,Round Bar EN9 120 MM,,PART,,I,B0002051,,88 mm,22683,1
PARENT_ITEM_MISSING,242,NCONS0000950,Inner Ring of N7030 ID 25 x OD 50 -C,NRRBR0000235,NRRBR0000235,NORMAL,NORMAL,0,0,140,140,140,mm,mm,Round Bar EN9 55 MM,Round Bar EN9 55 MM,,PART,,I,B0002057,B0002057,138 mm,22094,1
UOM_MISMATCH,1509,NCONS0000956,Ring of N8006 ID 42 x OD 48 - C,NRRBR0000116,NRRBR0000116,NORMAL,NORMAL,0,0,50,50,50,mm,Kg.,Round Bar EN9 56 MM,Round Bar EN9 56 MM,,PART,CUTTING SIZE - 55mm,I,B0002059,B0002059,,22641,1
PARENT_ITEM_MISSING,3243,NCONS0000962,Nut of N7012.s ID 110 x OD 160 - C,NRRBR0000107,NRRBR0000107,NORMAL,NORMAL,0,0,139,139,139,mm,mm,Round Bar EN9 130 MM,Round Bar EN9 130 MM,,PART,,I,B0002093,B0002093,137 mm,23449,1
PARENT_ITEM_MISSING,3241,NCONS0000963,Inner Ring of N7012.s ID 110 x OD 160 - C,NRRBR0000101,NRRBR0000101,NORMAL,NORMAL,0,0,118,118,118,mm,mm,Round Bar EN9 95 MM,Round Bar EN9 95 MM,,PART,,I,B0002094,B0002094,116 mm,23443,1
PARENT_ITEM_MISSING,3242,NCONS0000964,Outer Ring of N7012.s ID 110 x OD 160 - C,NRRBR0000006,NRRBR0000006,NORMAL,NORMAL,0,0,118,118,118,mm,mm,Round Bar EN19 110 MM,Round Bar EN19 110 MM,,PART,,I,B0002095,B0002095,116 mm,23446,1
UOM_MISMATCH | PARENT_ITEM_MISSING,483,NCONS0000968,Outer Ring of N7031 ID 48 x OD 80 - C,NRRBR0000124,NRRBR0000124,NORMAL,NORMAL,0,0,119,119,119,mm,Kg.,Round Bar EN19 85 MM,Round Bar EN19 85 MM,,PART,,I,B0002106,B0002106,,22427,1
QUANTITY_MISMATCH,3262,NCONS0000969,Inner Ring of N250 ID 9 x OD 16 - C,NRRBR0000104,NRRBR0000104,NORMAL,NORMAL,0,0,90/305,90,305,mm,mm,Round Bar EN9 40 MM,Round Bar EN9 40 MM,,PART,,I,B0002108,B0002108,303 mm,23457,1
NORMAL_ALTERNATE_FLAG_MISMATCH,2818,NCONS0000970,Outer Ring of N250 ID 9 x OD 16 - C,NRRBR0000104,NRRBR0000104,NORMAL,ALTERNATE,0,1,81,81,81,mm,mm,Round Bar EN9 40 MM,Round Bar EN9 40 MM,,PART,,I,B0002109,B0002109,79 mm,23248,1
NORMAL_ALTERNATE_FLAG_MISMATCH,3265,NCONS0000970,Outer Ring of N250 ID 9 x OD 16 - C,NRRBR0000115,NRRBR0000115 / NRRBR0000104,ALTERNATE,NORMAL,1,0,275/81,275,275,mm,mm,Round Bar EN9 36 MM / Round Bar EN9 40 MM,Round Bar EN9 36 MM,,PART,,I,B0002109,,273 mm,23459,1
NORMAL_ALTERNATE_FLAG_MISMATCH,46,NCONS0000975,Nut of N7012 ID 120 x OD 165 - C,NRRBR0000198,NRRBR0000198,NORMAL,ALTERNATE,0,1,121,121,121,mm,mm,Round Bar 4140 130 MM,Round Bar 4140 130 MM,,PART,,I,B0002155,B0002155,119 mm,21741,1
PARENT_ITEM_MISSING,35544,NCONS0000976,Nut of N7012 ID 150 x OD 200 - C,NRRBR0000207,NRRBR0000207,NORMAL,NORMAL,0,0,123,123,123,mm,mm,Round Bar 4140 150 mm,Round Bar 4140 150 mm,,PART,,I,B0002750,B0002750,121 mm,37133,1
NORMAL_ALTERNATE_FLAG_MISMATCH | QUANTITY_MISMATCH,3391,NCONS0000977,Nut of N4071 ID 68 x OD 115 - C,NRRBR0000009,NRRBR0000009 / NRRBR0000118,ALTERNATE,NORMAL,1,0,78/22,78,77,mm,mm,Round Bar EN19 125 MM,Round Bar EN19 125 MM,,PART,,I,B0002177,,75 mm,29027,1
NORMAL_ALTERNATE_FLAG_MISMATCH,3426,NCONS0000977,Nut of N4071 ID 68 x OD 115 - C,NRRBR0000009,NRRBR0000009 / NRRBR0000118,ALTERNATE,NORMAL,1,0,77/22,77,77,mm,mm,Round Bar EN19 125 MM,Round Bar EN19 125 MM,,PART,,I,B0002177,,75 mm,29027,1
NORMAL_ALTERNATE_FLAG_MISMATCH,3391,NCONS0000977,Nut of N4071 ID 68 x OD 115 - C,NRRBR0000118,NRRBR0000009 / NRRBR0000118,NORMAL,ALTERNATE,0,1,78/22,22,22,mm,mm,Round Bar EN19 125 MM,Round Bar EN9 120 MM,,PART,,I,B0002177,,20 mm,37106,1
UOM_MISMATCH,3392,NCONS0000978,Inner Ring of N4071 ID 68 x OD 115 - C,NRRBR0000124,NRRBR0000114 / NRRBR0000124,ALTERNATE,ALTERNATE,1,1,64,,64,mm,Kg.,Round Bar EN9 90 MM,Round Bar EN19 85 MM,,PART,,I,B0002180,,,37107,1
UOM_MISMATCH,3427,NCONS0000978,Inner Ring of N4071 ID 68 x OD 115 - C,NRRBR0000124,NRRBR0000205 / NRRBR0000124,ALTERNATE,ALTERNATE,1,1,63/64,64,64,mm,Kg.,Round Bar EN9 85 MM,Round Bar EN19 85 MM,,PART,,I,B0002180,,,37107,1
NORMAL_ALTERNATE_FLAG_MISMATCH,3416,NCONS0000980,Ring of N8006.s ID 120 x OD 135.8 - C,NRRBR0000006,NRRBR0000006,NORMAL,ALTERNATE,0,1,118,118,118,mm,mm,Round Bar EN19 110 MM,Round Bar EN19 110 MM,,PART,,I,B0002194,,116 mm,33682,1
PARENT_ITEM_MISSING,2860,NCONS0000992,Outer Ring of N7134 ID 38 x OD 65 - C,NRRBR0000105,NRRBR0000105,NORMAL,NORMAL,0,0,80,80,80,mm,mm,Round Bar EN9 70 MM,Round Bar EN9 70 MM,Round Bar EN9 70 MM,PART,CUTTING SIZE - 33 MM,I,B0002425,B0002425,78 mm,26656,1
PARENT_ITEM_MISSING,2859,NCONS0000993,Inner Ring of N7134 ID 38 x OD 65 - C,NRRBR0000113,NRRBR0000113,NORMAL,NORMAL,0,0,110,110,110,mm,mm,Round Bar EN9 80 MM,Round Bar EN9 80 MM,,PART,,I,B0002424,B0002424,108 mm,33477,1
NORMAL_ALTERNATE_FLAG_MISMATCH,1772,NCONS0000995,Nut of N7012 ID 75 x OD 115 - C,NRRBR0000236,NRRBR0000236,NORMAL,ALTERNATE,0,1,106,106,106,mm,mm,Round Bar EN19 105 MM,Round Bar EN19 105 MM,,PART,,I,B0002452,B0002452,104 mm,32844,1
PARENT_ITEM_MISSING,35546,NCONS0000996,Inner Ring of N250 ID 30 x OD 41 - C,NRRBR0000105,NRRBR0000105,NORMAL,NORMAL,0,0,101,101,101,mm,mm,Round Bar EN9 70 MM,Round Bar EN9 70 MM,Round Bar EN9 70 MM,PART,CUTTING SIZE - 33 MM,I,B0002454,B0002454,99 mm,37118,1
UOM_MISMATCH | PARENT_ITEM_MISSING,28058,NCONS0000997,Outer Ring of N250 ID 30 x OD 41 - C,NRRBR0000102,NRRBR0000102,NORMAL,NORMAL,0,0,87,87,87,mm,Kg.,RoundBar EN9 65 MM,RoundBar EN9 65 MM,RoundBar EN9 65 MM,PART,CUTTING SIZE - 23 MM,I,B0002455,B0002455,,27858,1
UOM_MISMATCH,3912,NCONS0001000,Inner Ring of N7134 ID 50 x OD 78 - C,NRRBR0000124,NRRBR0000124,NORMAL,NORMAL,0,0,145,145,145,mm,Kg.,Round Bar EN19 85 MM,Round Bar EN19 85 MM,,PART,,I,B0002479,B0002479,,37121,1
UOM_MISMATCH,3913,NCONS0001001,Outer Ring of N7134 ID 50 x OD 78 - C,NRRBR0000124,NRRBR0000124,NORMAL,NORMAL,0,0,113,113,113,mm,Kg.,Round Bar EN19 85 MM,Round Bar EN19 85 MM,,PART,,I,B0002480,B0002480,,37122,1
UOM_MISMATCH,7540,NCONS0001009,Nut of N7012 ID 24 x OD 50 - C,NRRBR0000116,NRRBR0000116,NORMAL,NORMAL,0,0,69,69,69,mm,Kg.,Round Bar EN9 56 MM,Round Bar EN9 56 MM,,PART,CUTTING SIZE - 55mm,I,B0002536,,,32822,1
NORMAL_ALTERNATE_FLAG_MISMATCH,114,NCONS0001010,Nut of N7012 ID 28 x OD 55 - C,NRRBR0000012,NRRBR0000012,NORMAL,ALTERNATE,0,1,70,70,70,mm,mm,Round Bar EN19 60 MM,Round Bar EN19 60 MM,,PART,,I,B0002545,,68 mm,21866,1
NORMAL_ALTERNATE_FLAG_MISMATCH | RAW_MATERIAL_ITEM_MISSING,113,NCONS0001010,Nut of N7012 ID 28 x OD 55 - C,NRRBR0000100,NRRBR0000100,NORMAL,ALTERNATE,0,1,70,70,70,mm,mm,Round Bar EN9 60 MM,,,,,I,B0002545,B0002545,68 mm,21865,1
NORMAL_ALTERNATE_FLAG_MISMATCH | QUANTITY_MISMATCH,1787,NCONS0001010,Nut of N7012 ID 28 x OD 55 - C,NRRBR0000203,NRRBR0000203 / NRRBR0000100,ALTERNATE,NORMAL,1,0,71/70,71,69,mm,mm,Round Bar EN19 65 MM,Round Bar EN19 65 MM,,PART,,I,B0002545,B0002545,67 mm,21863,1
PARENT_ITEM_MISSING,1929,NCONS0001014,Inner Ring of N7012 ID 160 x OD 210 - C,NRRBR0000108,NRRBR0000108,NORMAL,NORMAL,0,0,123,123,123,mm,mm,Round Bar EN9 110 MM,Round Bar EN9 110 MM,,PART,,I,B0002601,B0002601,121 mm,32979,1
PARENT_ITEM_MISSING | RAW_MATERIAL_ITEM_MISSING,35580,NCONS0001016,Inner Ring of N7013.1 ID 19 x OD 47 - C,NRRBR0000100,NRRBR0000100,NORMAL,NORMAL,0,0,115,115,115,mm,mm,Round Bar EN9 60 MM,,,,,I,B0002638,B0002638,113 mm,37129,1
RAW_MATERIAL_ITEM_MISSING,4442,NCONS0001023,Inner Ring of N7139 ID 32 x OD 54 - C,NRRBR0000100,NRRBR0000100,NORMAL,NORMAL,0,0,130,130,130,mm,mm,Round Bar EN9 60 MM,,,,,I,B0002722,B0002722,128 mm,23736,1
RAW_MATERIAL_ITEM_MISSING,4443,NCONS0001024,Outer Ring of N7139 ID 32 x OD 54 - C,NRRBR0000100,NRRBR0000100,NORMAL,NORMAL,0,0,105,105,105,mm,mm,Round Bar EN9 60 MM,,,,,I,B0002723,B0002723,103 mm,23739,1
PARENT_ITEM_MISSING,2009,NCONS0001028,Inner Ring of N7013.0 ID 25 x OD 50 - C,NRRBR0000235,NRRBR0000235,NORMAL,NORMAL,0,0,115,115,115,mm,mm,Round Bar EN9 55 MM,Round Bar EN9 55 MM,,PART,,I,B0002811,B0002811,113 mm,33060,1
PARENT_ITEM_MISSING,2010,NCONS0001029,Outer Ring of N7013.0 ID 25 x OD 50 - C,NRRBR0000235,NRRBR0000235,NORMAL,NORMAL,0,0,97,97,97,mm,mm,Round Bar EN9 55 MM,Round Bar EN9 55 MM,,PART,,I,B0002812,B0002812,95 mm,33063,1
PARENT_ITEM_MISSING,1513,NCONS0001034,Washer of Adeptor Sleeve 11 X 16.5 X 38 - C,NRRBR0000016,NRRBR0000016,NORMAL,NORMAL,0,0,206,206,206,mm,mm,Round Bar EN19 20 MM,Round Bar EN19 20 MM,,PART,,I,B0002829,B0002829,204 mm,88,1
PARENT_ITEM_MISSING,1512,NCONS0001035,Outer Ring of Adeptor Sleeve 11 X 16.5 X 38 - C,NRRBR0000003,NRRBR0000003,NORMAL,NORMAL,0,0,286,286,286,mm,mm,Round Bar EN19 25 MM,Round Bar EN19 25 MM,,PART,,I,B0002827,B0002827,284 mm,85,1
PARENT_ITEM_MISSING,1511,NCONS0001036,Stud Bolt of Adeptor Sleeve 11 X 16.5 X 38 - C,NRRBR0000001,NRRBR0000001,NORMAL,NORMAL,0,0,249,249,249,mm,mm,Round Bar EN19 22 MM,Round Bar EN19 22 MM,,PART,,I,B0002828,B0002828,247 mm,82,1
UOM_MISMATCH,3654,NCONS0001040,Inner Ring of N7032 ID 25 x OD 50 - C,NRRBR0000116,NRRBR0000116,NORMAL,NORMAL,0,0,104,104,104,mm,Kg.,Round Bar EN9 56 MM,Round Bar EN9 56 MM,,PART,CUTTING SIZE - 55mm,I,B0002883,B0002883,,23540,1
NORMAL_ALTERNATE_FLAG_MISMATCH,289,NCONS0001044,Nut of N7012 ID 45 x OD 75 - C,NRRBR0000007,NRRBR0000007,NORMAL,ALTERNATE,0,1,79,79,79,mm,mm,Round Bar EN19 80 MM,Round Bar EN19 80 MM,,PART,,I,B0002887,B0002887,77 mm,22720,1
UOM_MISMATCH,288,NCONS0001044,Nut of N7012 ID 45 x OD 75 - C,NRRBR0000124,NRRBR0000124 / NRRBR0000007,NORMAL,NORMAL,0,0,77/79,77,77,mm,Kg.,Round Bar EN19 85 MM / Round Bar EN19 80 MM,Round Bar EN19 85 MM,,PART,,I,B0002887,,,22147,1
NORMAL_ALTERNATE_FLAG_MISMATCH,249,NCONS0001051,Nut of N4071 ID 62 x OD 110 - C,NRRBR0000150,NRRBR0000150,NORMAL,ALTERNATE,0,1,93,93,93,mm,mm,Round Bar 4140 120 MM,Round Bar 4140 120 MM,,PART,,I,B0002981,B0002981,91 mm,36211,1
NORMAL_ALTERNATE_FLAG_MISMATCH,9776,NCONS0001052,Inner Ring of N4071 ID 62 x OD 110 - C,NRRBR0000007,NRRBR0000007,NORMAL,ALTERNATE,0,1,62,62,62,mm,mm,Round Bar EN19 80 MM,Round Bar EN19 80 MM,,PART,,I,B0002982,,60 mm,36214,1
PARENT_ITEM_MISSING,35540,NCONS0001053,Nut of N7012 ID 180 x OD 235 - C,NRRBR0000022,NRRBR0000022,NORMAL,NORMAL,0,0,151,151,151,mm,mm,Round Bar EN19 160 MM,Round Bar EN19 160 MM,,PART,,I,B0003014,B0003014,149 mm,37142,1
PARENT_ITEM_MISSING,35542,NCONS0001054,Inner Ring of N7012 ID 180 x OD 235 - C,NRRBR0000150,NRRBR0000150,NORMAL,NORMAL,0,0,132,132,132,mm,mm,Round Bar 4140 120 MM,Round Bar 4140 120 MM,,PART,,I,B0003012,B0003012,130 mm,37140,1
PARENT_ITEM_MISSING,35543,NCONS0001055,Outer Ring of N7012 ID 180 x OD 235 - C,NRRBR0000198,NRRBR0000198,NORMAL,NORMAL,0,0,128,128,128,mm,mm,Round Bar 4140 130 MM,Round Bar 4140 130 MM,,PART,,I,B0003013,B0003013,126 mm,37141,1
RAW_MATERIAL_ITEM_MISSING,5497,NCONS0001062,Outer Ring of N7012 ID 23 x OD 50 - C,NRRBR0000100,NRRBR0000100,NORMAL,NORMAL,0,0,71,71,71,mm,mm,Round Bar EN9 60 MM,,,,,I,B0003244,B0003244,69 mm,23985,1
UOM_MISMATCH,3595,NCONS0001065,Inner Ring of N4071 ID 50 x OD 90 - C,NRRBR0000102,NRRBR0000102 / NRRBR0000105,NORMAL,NORMAL,0,0,62,,62,mm,Kg.,RoundBar EN9 65 MM / Round Bar EN9 70 MM,RoundBar EN9 65 MM,RoundBar EN9 65 MM,PART,CUTTING SIZE - 23 MM,I,B0003442,,,36179,1
NORMAL_ALTERNATE_FLAG_MISMATCH,342,NCONS0001065,Inner Ring of N4071 ID 50 x OD 90 - C,NRRBR0000105,NRRBR0000105,NORMAL,ALTERNATE,0,1,62,62,62,mm,mm,Round Bar EN9 70 MM,Round Bar EN9 70 MM,Round Bar EN9 70 MM,PART,CUTTING SIZE - 33 MM,I,B0003442,B0003442,60 mm,28849,1
NORMAL_ALTERNATE_FLAG_MISMATCH,6498,NCONS0001066,Nut of N280 - 25 x 45 x 47.5,NRRBR0000186,NRRBR0000186,NORMAL,ALTERNATE,0,1,28,28,28,mm,mm,Round Bar 4140 50 MM,Round Bar 4140 50 MM,,PART,,I,B0003694,B0003694,26 mm,28260,1
PARENT_ITEM_MISSING,2577,NCONS0001071,Inner Ring of N7033 ID 60 x OD 90 - C,NRRBR0000117,NRRBR0000117,NORMAL,NORMAL,0,0,119,119,119,mm,mm,Round Bar EN9 105 MM,Round Bar EN9 105 MM,,PART,,I,B0003929,B0003929,117 mm,23132,1
PARENT_ITEM_MISSING,3474,NCONS0001073,Inner Ring of N250 ID 20 x OD 28 - C,NRRBR0000235,NRRBR0000235,NORMAL,NORMAL,0,0,128,128,128,mm,mm,Round Bar EN9 55 MM,Round Bar EN9 55 MM,,PART,,I,B0004051,B0004051,126 mm,33702,1
UOM_MISMATCH,6080,NCONS0001080,Inner Ring of N4071 ID 44 x OD 80 - C,NRRBR0000102,NRRBR0000102,NORMAL,NORMAL,0,0,58,58,58,mm,Kg.,RoundBar EN9 65 MM,RoundBar EN9 65 MM,RoundBar EN9 65 MM,PART,CUTTING SIZE - 23 MM,I,B0004410,B0004410,,29187,1
UOM_MISMATCH,6106,NCONS0001081,Inner Ring of N7032 ID 20 x OD 47 - C,NRRBR0000116,NRRBR0000116,NORMAL,NORMAL,0,0,104,104,104,mm,Kg.,Round Bar EN9 56 MM,Round Bar EN9 56 MM,,PART,CUTTING SIZE - 55mm,I,B0004494,B0004494,,24543,1
RAW_MATERIAL_ITEM_MISSING,993,NCONS0001086,Cage Plate C NHB20H - (OD-85),NRRBR0000100,NRRBR0000100,NORMAL,NORMAL,0,0,90,90,90,mm,mm,Round Bar EN9 60 MM,,,,,I,B0004593,,88 mm,16354,1
PARENT_ITEM_MISSING,12817,NCONS0001105,Ring of N8006 ID 200 x OD 224 - C,NRRBR0000132,NRRBR0000132,NORMAL,NORMAL,0,0,151,151,151,mm,mm,Round Bar EN9 140 MM,Round Bar EN9 140 MM,,PART,CUTTING SIZE - 23mm,I,B0005087,B0005087,149 mm,34385,1
UOM_MISMATCH,9668,NCONS0001109,Inner Ring of N7035 ID 19 x OD 35 - C,NRRBR0000112,NRRBR0000112,NORMAL,NORMAL,0,0,256/251,251,251,mm,Kg.,Round Bar EN9 45 MM,Round Bar EN9 45 MM,,PART,CUTTING SIZE - 55mm,I,B0005238,B0005238,,34713,1
RAW_MATERIAL_ITEM_MISSING,6078,NCONS0001114,Inner Ring of N4071 ID 38 x OD 72 - C,NRRBR0000100,NRRBR0000100,NORMAL,NORMAL,0,0,60,60,60,mm,mm,Round Bar EN9 60 MM,,,,,I,,,58 mm,29279,1
UOM_MISMATCH,10150,NCONS0001130,Nut of N4071 ID 36 x OD 72 - C,NRRBR0000124,NRRBR0000124,NORMAL,NORMAL,0,0,66,66,66,mm,Kg.,Round Bar EN19 85 MM,Round Bar EN19 85 MM,,PART,,I,B0005478,B0005478,,36247,1
NORMAL_ALTERNATE_FLAG_MISMATCH,10257,NCONS0001135,Nut of N7012 ID 2.50 x 3.74 x TL 0.945 - C,NRRBR0000197,NRRBR0000197,NORMAL,ALTERNATE,0,1,81,81,81,mm,mm,Round Bar EN19 100 MM,Round Bar EN19 100 MM,,PART,,I,B0005515,B0005515,79 mm,27529,1
RAW_MATERIAL_ITEM_MISSING,11260,NCONS0001165,Inner Ring of N7012 ID 42 x OD 72 - C,NRRBR0000100,NRRBR0000100,NORMAL,NORMAL,0,0,80,80,80,mm,mm,Round Bar EN9 60 MM,,,,,I,B0005979,,78 mm,34959,1
UOM_MISMATCH,11525,NCONS0001167,Inner Ring of N7043 ID 17 x OD 31 - C,NRRBR0000112,NRRBR0000112,NORMAL,NORMAL,0,0,256,256,256,mm,Kg.,Round Bar EN9 45 MM,Round Bar EN9 45 MM,,PART,CUTTING SIZE - 55mm,I,B0006102,B0006102,,25278,1
PARENT_ITEM_MISSING,2468,NCONS0001169,Inner Ring of N7035 ID 22 x OD 40 - C,NRRBR0000119,NRRBR0000119,NORMAL,NORMAL,0,0,256,256,256,mm,mm,Round Bar EN9 50 MM,Round Bar EN9 50 MM,,PART,CUTTING SIZE - 24mm,I,B0006156,B0006156,254 mm,33313,1
PARENT_ITEM_MISSING,2469,NCONS0001170,Outer Ring of N7035 ID 22 x OD 40 - C,NRRBR0000119,NRRBR0000119,NORMAL,NORMAL,0,0,256,256,256,mm,mm,Round Bar EN9 50 MM,Round Bar EN9 50 MM,,PART,CUTTING SIZE - 24mm,I,B0006157,B0006157,254 mm,33315,1
UOM_MISMATCH,11905,NCONS0001172,Inner Ring of N7012 ID 28 x OD 50 - C,NRRBR0000112,NRRBR0000112,NORMAL,NORMAL,0,0,71,71,71,mm,Kg.,Round Bar EN9 45 MM,Round Bar EN9 45 MM,,PART,CUTTING SIZE - 55mm,I,B0006289,,,35045,1
RAW_MATERIAL_ITEM_MISSING,11906,NCONS0001173,Outer Ring of N7012 ID 28 x OD 50 - C,NRRBR0000100,NRRBR0000100,NORMAL,NORMAL,0,0,71,71,71,mm,mm,Round Bar EN9 60 MM,,,,,I,B0006290,,69 mm,35048,1
NORMAL_ALTERNATE_FLAG_MISMATCH,8039,NCONS0001228,Inner Ring of NS40 12 A - 35 X 96- C,NRRBR0000203,NRRBR0000203,NORMAL,ALTERNATE,0,1,66,66,66,mm,mm,Round Bar EN19 65 MM,Round Bar EN19 65 MM,,PART,,I,B0006527,B0006527,64 mm,36520,1
UOM_MISMATCH,13603,NCONS0001291,Outer Ring of N1600 ID 24/25 x OD 36 - C,NRRBR0000112,NRRBR0000112 / NRRBR0000119,NORMAL,NORMAL,0,0,65/176,65,65,mm,Kg.,Round Bar EN9 45 MM / Round Bar EN9 50 MM,Round Bar EN9 45 MM,,PART,CUTTING SIZE - 55mm,I,B0006988,,,25665,1
NORMAL_ALTERNATE_FLAG_MISMATCH,13609,NCONS0001291,Outer Ring of N1600 ID 24/25 x OD 36 - C,NRRBR0000119,NRRBR0000119,NORMAL,ALTERNATE,0,1,176,176,176,mm,mm,Round Bar EN9 50 MM,Round Bar EN9 50 MM,,PART,CUTTING SIZE - 24mm,I,B0006988,B0006988,174 mm,27094,1
UOM_MISMATCH,13866,NCONS0001295,Nut of N4071 ID 40 x OD 75 - C,NRRBR0000124,NRRBR0000124,NORMAL,NORMAL,0,0,69,69,69,mm,Kg.,Round Bar EN19 85 MM,Round Bar EN19 85 MM,,PART,,I,B0007087,B0007087,,29422,1
UOM_MISMATCH,13867,NCONS0001296,Inner Ring of N4071 ID 40 x OD 75 - C,NRRBR0000116,NRRBR0000116,NORMAL,NORMAL,0,0,57,57,57,mm,Kg.,Round Bar EN9 56 MM,Round Bar EN9 56 MM,,PART,CUTTING SIZE - 55mm,I,B0007088,B0007088,,29425,1
QUANTITY_MISMATCH,6688,NCONS0001305,Ring of N8006 ID 160 x OD 178 - C,NRRBR0000108,NRRBR0000108,NORMAL,NORMAL,0,0,116/122,116,122,mm,mm,Round Bar EN9 110 MM,Round Bar EN9 110 MM,,PART,,I,B0007252,B0007252,120 mm,25818,1
RAW_MATERIAL_ITEM_MISSING,14334,NCONS0001315,Outer Ring of N7037 ID 28 x OD 50 - C,NRRBR0000100,NRRBR0000100,NORMAL,NORMAL,0,0,48,48,48,mm,mm,Round Bar EN9 60 MM,,,,,I,B0007414,B0007414,46 mm,25839,1
QUANTITY_MISMATCH,30560,NCONS0001319,Ring of N8006 ID 28 x OD 32 - C,NRRBR0000104,NRRBR0000565 / NRRBR0000104,ALTERNATE,ALTERNATE,1,1,367/368,368,367,mm,mm,Round Bar SS 431 40 MM,Round Bar EN9 40 MM,,PART,,I,B0007530,B0007530,365 mm,25928,1
NORMAL_ALTERNATE_FLAG_MISMATCH,6690,NCONS0001319,Ring of N8006 ID 28 x OD 32 - C,NRRBR0000104,NRRBR0000104,NORMAL,ALTERNATE,0,1,368/367,367,367,mm,mm,Round Bar EN9 40 MM,Round Bar EN9 40 MM,,PART,,I,B0007530,B0007530,365 mm,25928,1
UOM_MISMATCH,6991,NCONS0001323,SPRAG ; 27 x 39TL - C,NRRBR0000044,NRRBR0000044,NORMAL,NORMAL,0,0,833,833,833,mm,Kg.,Round Bar EN31 32 MM,Round Bar EN31 32 MM,,PART,,I,B0007598,B0007598,,37173,1
PARENT_ITEM_MISSING,15607,NCONS0001332,Inner Ring of N7134 ID 45 x OD 80 - C,NRRBR0000101,NRRBR0000101,NORMAL,NORMAL,0,0,113,113,113,mm,mm,Round Bar EN9 95 MM,Round Bar EN9 95 MM,,PART,,I,B0007868,B0007868,111 mm,26097,1
PARENT_ITEM_MISSING,6203,NCONS0001333,Inner Ring of N7134 ID 40 x OD 80 - C,NRRBR0000101,NRRBR0000101,NORMAL,NORMAL,0,0,113,113,113,mm,mm,Round Bar EN9 95 MM,Round Bar EN9 95 MM,,PART,,I,B0007869,B0007869,111 mm,34277,1
PARENT_ITEM_MISSING,15608,NCONS0001334,Outer Ring of N7134 ID 45 x OD 80 - C,NRRBR0000114,NRRBR0000114,NORMAL,NORMAL,0,0,89,89,89,mm,mm,Round Bar EN9 90 MM,Round Bar EN9 90 MM,,PART,,I,B0007870,B0007870,87 mm,26100,1
PARENT_ITEM_MISSING,6204,NCONS0001335,Outer Ring of N7134 ID 40 x OD 80 - C,NRRBR0000114,NRRBR0000114,NORMAL,NORMAL,0,0,89,89,89,mm,mm,Round Bar EN9 90 MM,Round Bar EN9 90 MM,,PART,,I,B0007871,B0007871,87 mm,34279,1
PARENT_ITEM_MISSING,15678,NCONS0001343,Step Washer : NRT 40  OD 118 - C,NRRBR0000103,NRRBR0000103,NORMAL,NORMAL,0,0,83,83,83,mm,mm,Round Bar EN9 100 MM,Round Bar EN9 100 MM,,PART,,I,B0008007,B0008007,81 mm,9110,1
UOM_MISMATCH,16555,NCONS0001367,Outer Ring of N2506  ID 32 x OD 42 - C,NRRBR0000116,NRRBR0000116,NORMAL,NORMAL,0,0,50,50,50,mm,Kg.,Round Bar EN9 56 MM,Round Bar EN9 56 MM,,PART,CUTTING SIZE - 55mm,I,B0008188,B0008188,,26216,1
QUANTITY_MISMATCH,17213,NCONS0001373,Washer of NCF  30 x 80 - C,NRRBR0000105,NRRBR0000105,NORMAL,NORMAL,0,0,83/71,71,83,mm,mm,Round Bar EN9 70 MM,Round Bar EN9 70 MM,Round Bar EN9 70 MM,PART,CUTTING SIZE - 33 MM,I,B0008443,B0008443,81 mm,224,1
RAW_MATERIAL_ITEM_MISSING,17401,NCONS0001379,Outer Ring of N7012 ID 17 x OD 47 - C,NRRBR0000100,NRRBR0000100,NORMAL,NORMAL,0,0,71,71,71,mm,mm,Round Bar EN9 60 MM,,,,,I,B0008509,B0008509,69 mm,35634,1
RAW_MATERIAL_ITEM_MISSING,10097,NCONS0001393,Outer Ring of N7012 ID 19 x OD 47 - C,NRRBR0000100,NRRBR0000100,NORMAL,NORMAL,0,0,71,71,71,mm,mm,Round Bar EN9 60 MM,,,,,I,B0008970,,69 mm,34171,1
UOM_MISMATCH,18625,NCONS0001394,Outer Ring of N2506 ID 25 x OD 36 - C,NRRBR0000112,NRRBR0000112,NORMAL,NORMAL,0,0,50,50,50,mm,Kg.,Round Bar EN9 45 MM,Round Bar EN9 45 MM,,PART,CUTTING SIZE - 55mm,I,B0009016,B0009016,,26609,1
RAW_MATERIAL_ITEM_MISSING,18622,NCONS0001395,Outer Ring of N2506 ID 40 x OD 48 - C,NRRBR0000100,NRRBR0000100,NORMAL,NORMAL,0,0,49/50,49,49,mm,mm,Round Bar EN9 60 MM,,,,,I,B0009018,B0009018,47 mm,26602,1
NORMAL_ALTERNATE_FLAG_MISMATCH,18711,NCONS0001402,Inner Ring of N7035 ID 15 x OD 28 - C,NRRBR0000115,NRRBR0000115,NORMAL,ALTERNATE,0,1,226,226,226,mm,mm,Round Bar EN9 36 MM,Round Bar EN9 36 MM,,PART,,I,B0009044,B0009044,224 mm,35794,1
UOM_MISMATCH,18766,NCONS0001407,Inner Ring of N7139 ID 16 x OD 33 - C,NRRBR0000112,NRRBR0000112,NORMAL,NORMAL,0,0,257,257,257,mm,Kg.,Round Bar EN9 45 MM,Round Bar EN9 45 MM,,PART,CUTTING SIZE - 55mm,I,B0009075,B0009075,,26616,1
UOM_MISMATCH,18767,NCONS0001408,Outer Ring of N7139 ID 16 x OD 33 - C,NRRBR0000112,NRRBR0000112,NORMAL,NORMAL,0,0,208,208,208,mm,Kg.,Round Bar EN9 45 MM,Round Bar EN9 45 MM,,PART,CUTTING SIZE - 55mm,I,B0009076,B0009076,,26619,1
UOM_MISMATCH,19119,NCONS0001423,Outer Ring of N2506  ID 25 x OD 30 - C,NRRBR0000112,NRRBR0000112,NORMAL,NORMAL,0,0,54,54,54,mm,Kg.,Round Bar EN9 45 MM,Round Bar EN9 45 MM,,PART,CUTTING SIZE - 55mm,I,B0009255,,,35841,1
UOM_MISMATCH,19429,NCONS0001438,Inner Ring of N250 ID 12.7 x OD 22 - C,NRRBR0000112,NRRBR0000112,NORMAL,NORMAL,0,0,226,226,226,mm,Kg.,Round Bar EN9 45 MM,Round Bar EN9 45 MM,,PART,CUTTING SIZE - 55mm,I,B0009395,B0009395,,26679,1
UOM_MISMATCH,19430,NCONS0001439,Outer Ring of N250 ID 12.7 x OD 22 - C,NRRBR0000112,NRRBR0000112,NORMAL,NORMAL,0,0,191,191,191,mm,Kg.,Round Bar EN9 45 MM,Round Bar EN9 45 MM,,PART,CUTTING SIZE - 55mm,I,B0009396,B0009396,,26682,1
UOM_MISMATCH,20078,NCONS0001447,Inner Ring of N7012 ID 38 x OD 68 - C,NRRBR0000116,NRRBR0000116,NORMAL,NORMAL,0,0,79,79,79,mm,Kg.,Round Bar EN9 56 MM,Round Bar EN9 56 MM,,PART,CUTTING SIZE - 55mm,I,B0009609,,,35897,1
NORMAL_ALTERNATE_FLAG_MISMATCH | UOM_MISMATCH,20179,NCONS0001451,Washer : 28.3 x 37 x 0.8  - C,NRRBR0000112,NRRBR0000119 / NRRBR0000112,NORMAL,ALTERNATE,0,1,89/85,85,85,mm,Kg.,Round Bar EN9 50 MM / Round Bar EN9 45 MM,Round Bar EN9 45 MM,,PART,CUTTING SIZE - 55mm,I,B0009739,,,37207,1
NORMAL_ALTERNATE_FLAG_MISMATCH,20179,NCONS0001451,Washer : 28.3 x 37 x 0.8  - C,NRRBR0000119,NRRBR0000119 / NRRBR0000112,ALTERNATE,NORMAL,1,0,89/85,89,89,mm,mm,Round Bar EN9 50 MM / Round Bar EN9 45 MM,Round Bar EN9 50 MM,,PART,CUTTING SIZE - 24mm,I,B0009739,,87 mm,8136,1
EXTRA_DB_RAW_MATERIAL_LINK,,NCONS0001477,E2 Lever of NHBU 70 - d x 190 x 134   - C,NSMPL0000447,,,ALTERNATE,,1,,,1,,Kg.,,MS PLATE 578 X 418 X 40,,PART,,I,,,,37217,1
RAW_MATERIAL_ITEM_MISSING,12203,NCONS0001482,Inner Race of NDC 4445 C - 44.45 x 61.10 - C,NRRBR0000100,NRRBR0000100,NORMAL,NORMAL,0,0,65,65,65,mm,mm,Round Bar EN9 60 MM,,,,,I,B0010242,B0010242,63 mm,4355,1
RAW_MATERIAL_ITEM_MISSING,13345,NCONS0001485,Outer Race of NDC 3175 C - 31.75 x 48.41 x 25 - C,NRRBR0000100,NRRBR0000100,NORMAL,NORMAL,0,0,65,65,65,mm,mm,Round Bar EN9 60 MM,,,,,I,B0010245,B0010245,63 mm,32304,1
UOM_MISMATCH,20760,NCONS0001496,Inner Race of NDC 2776 C - 27.76 x 44.42 x 25 - C,NRRBR0000112,NRRBR0000112,NORMAL,NORMAL,0,0,65,65,65,mm,Kg.,Round Bar EN9 45 MM,Round Bar EN9 45 MM,,PART,CUTTING SIZE - 55mm,I,B0010256,B0010256,,37227,1
UOM_MISMATCH,20761,NCONS0001497,Outer Race of NDC 2776 C - 27.76 x 44.42 x 25 - C,NRRBR0000116,NRRBR0000116,NORMAL,NORMAL,0,0,65,65,65,mm,Kg.,Round Bar EN9 56 MM,Round Bar EN9 56 MM,,PART,CUTTING SIZE - 55mm,I,B0010257,B0010257,,37228,1
UOM_MISMATCH,21705,NCONS0001499,Inner Race of NDC 2776 B - 27.76 x 44.42 x 21 - C,NRRBR0000112,NRRBR0000112,NORMAL,NORMAL,0,0,57,57,57,mm,Kg.,Round Bar EN9 45 MM,Round Bar EN9 45 MM,,PART,CUTTING SIZE - 55mm,I,B0010297,B0010297,,37229,1
UOM_MISMATCH,21706,NCONS0001500,Outer Race of NDC 2776 B - 27.76 x 44.42 x 21 - C,NRRBR0000116,NRRBR0000116,NORMAL,NORMAL,0,0,57,57,57,mm,Kg.,Round Bar EN9 56 MM,Round Bar EN9 56 MM,,PART,CUTTING SIZE - 55mm,I,B0010298,B0010298,,37230,1
UOM_MISMATCH,734,NCONS0001526,CLS Cam Size: 20 x 40  _ C,NRRBR0000044,NRRBR0000044,NORMAL,NORMAL,0,0,803,803,803,mm,Kg.,Round Bar EN31 32 MM,Round Bar EN31 32 MM,,PART,,I,B0010562,B0010562,,6398,1
PARENT_ITEM_MISSING,22894,NCONS0001543,Outer Ring of N1600 ID 20 x OD 28 - C,NRRBR0000213,NRRBR0000213,NORMAL,NORMAL,0,0,54,54,54,mm,mm,Round Bar EN19 36 mm,Round Bar EN19 36 mm,,PART,,I,B0010739,B0010739,52 mm,27090,1
UOM_MISMATCH,5702,NCONS0001554,Washer of NFRC 25 -24 x 90 x 60 - C,NRRBR0000102,NRRBR0000102,NORMAL,NORMAL,0,0,90,90,90,mm,Kg.,RoundBar EN9 65 MM,RoundBar EN9 65 MM,RoundBar EN9 65 MM,PART,CUTTING SIZE - 23 MM,I,B0010767,B0010767,,2025,1
QUANTITY_MISMATCH,12129,NCONS0001568,Inner Ring of N280 ID 12 x OD 23 - C,NRRBR0000018,NRRBR0000018,NORMAL,NORMAL,0,0,195/186,186,195,mm,mm,Round Bar EN19 28 MM,Round Bar EN19 28 MM,,PART,,I,B0010834,B0010834,193 mm,25419,1
NORMAL_ALTERNATE_FLAG_MISMATCH,12130,NCONS0001569,Outer Ring of N280 ID 12 x OD 23 - C,NRRBR0000017,NRRBR0000157 / NRRBR0000017,NORMAL,ALTERNATE,0,1,255/246,246,246,mm,mm,Round Bar EN9 32 MM,Round Bar EN19 32 MM,,PART,,I,B0010835,,244 mm,37257,1
NORMAL_ALTERNATE_FLAG_MISMATCH,12130,NCONS0001569,Outer Ring of N280 ID 12 x OD 23 - C,NRRBR0000157,NRRBR0000157 / NRRBR0000017,ALTERNATE,NORMAL,1,0,255/246,255,255,mm,mm,Round Bar EN9 32 MM,Round Bar EN9 32 MM,,PART,,I,B0010835,,253 mm,25421,1
QUANTITY_MISMATCH,12131,NCONS0001570,Nut of N280 ID 12 x OD 23 - C,NRRBR0000017,NRRBR0000017,NORMAL,NORMAL,0,0,205/196,196,205,mm,mm,Round Bar EN19 32 MM,Round Bar EN19 32 MM,,PART,,I,B0010836,B0010836,203 mm,25423,1
RAW_MATERIAL_ITEM_MISSING,5206,NCONS0001571,Washer Of NLD30 - 30x72x27 - C,NRRBR0000100,NRRBR0000100,NORMAL,NORMAL,0,0,88,88,88,mm,mm,Round Bar EN9 60 MM,,,,,I,B0010850,B0010850,86 mm,37259,1
UOM_MISMATCH,16321,NCONS0001573,Washer of NDF 38.10 - C,NRRBR0000102,NRRBR0000102,NORMAL,NORMAL,0,0,90,90,90,mm,Kg.,RoundBar EN9 65 MM,RoundBar EN9 65 MM,RoundBar EN9 65 MM,PART,CUTTING SIZE - 23 MM,I,B0010848,B0010848,,37258,1
UOM_MISMATCH,16322,NCONS0001580,NSC OF CAGE 38.1 x 56.1 x 21 - C,NRRBR0000102,NRRBR0000102,NORMAL,NORMAL,0,0,60,60,60,mm,Kg.,RoundBar EN9 65 MM,RoundBar EN9 65 MM,RoundBar EN9 65 MM,PART,CUTTING SIZE - 23 MM,I,B0010904,,,11222,1
NORMAL_ALTERNATE_FLAG_MISMATCH | UOM_MISMATCH,11940,NCONS0001588,Outer Race of NDC 2776 A - 27.76 x 44.42 x 13.5 - C,NRRBR0000112,NRRBR0000112,NORMAL,ALTERNATE,0,1,58,58,58,mm,Kg.,Round Bar EN9 45 MM,Round Bar EN9 45 MM,,PART,CUTTING SIZE - 55mm,I,B0011025,,,32203,1
UOM_MISMATCH,13254,NCONS0001588,Outer Race of NDC 2776 A - 27.76 x 44.42 x 13.5 - C,NRRBR0000112,NRRBR0000116 / NRRBR0000112,ALTERNATE,ALTERNATE,1,1,57/58,58,58,mm,Kg.,Round Bar EN9 56 MM / Round Bar EN9 45 MM,Round Bar EN9 45 MM,,PART,CUTTING SIZE - 55mm,I,B0011025,,,32203,1
UOM_MISMATCH,13254,NCONS0001588,Outer Race of NDC 2776 A - 27.76 x 44.42 x 13.5 - C,NRRBR0000116,NRRBR0000116 / NRRBR0000112,NORMAL,NORMAL,0,0,57/58,57,57,mm,Kg.,Round Bar EN9 56 MM / Round Bar EN9 45 MM,Round Bar EN9 56 MM,,PART,CUTTING SIZE - 55mm,I,B0011025,,,4765,1
UOM_MISMATCH,13253,NCONS0001589,Inner Race of NDC 2776 A - 27.76 x 44.42 x 13.5 - C,NRRBR0000112,NRRBR0000112 / NRRBR0000116,NORMAL,NORMAL,0,0,57/58,57,57,mm,Kg.,Round Bar EN9 45 MM / Round Bar EN9 56 MM,Round Bar EN9 45 MM,,PART,CUTTING SIZE - 55mm,I,B0011024,,,4762,1
UOM_MISMATCH,13253,NCONS0001589,Inner Race of NDC 2776 A - 27.76 x 44.42 x 13.5 - C,NRRBR0000116,NRRBR0000112 / NRRBR0000116,ALTERNATE,ALTERNATE,1,1,57/58,58,58,mm,Kg.,Round Bar EN9 45 MM / Round Bar EN9 56 MM,Round Bar EN9 56 MM,,PART,CUTTING SIZE - 55mm,I,B0011024,,,32200,1
UOM_MISMATCH,35186,NCONS0001610,Washer of NR 80 - 80 x 210 x 144 - C,NRRBR0000598,NRRBR0000598 / NRRBR0000132,NORMAL,NORMAL,0,0,89/90,89,89,mm,Kg.,Round Bar  EN9 150 MM / Round Bar EN9 140 MM,Round Bar  EN9 150 MM,,PART,CUTTING SIZE - 28mm,I,B0011158,,,15768,1
RAW_MATERIAL_ITEM_MISSING,24035,NCONS0001630,Outer Ring of N7012 ID 18 x OD 47 - C,NRRBR0000100,NRRBR0000100,NORMAL,NORMAL,0,0,69,69,69,mm,mm,Round Bar EN9 60 MM,,,,,I,B0011271,B0011271,67 mm,27290,1
QUANTITY_MISMATCH,2958,NCONS0001633,NSC OF CAGE 82 x 100 x21 - C,NRRBR0000108,NRRBR0000108,NORMAL,NORMAL,0,0,84/85,84,85,mm,mm,Round Bar EN9 110 MM,Round Bar EN9 110 MM,,PART,,I,B0011295,,83 mm,1386,1
UOM_MISMATCH,24713,NCONS0001661,Washer of NB6.sp1 15.7x73x72 - C,NRRBR0000102,NRRBR0000102,NORMAL,NORMAL,0,0,90,90,90,mm,Kg.,RoundBar EN9 65 MM,RoundBar EN9 65 MM,RoundBar EN9 65 MM,PART,CUTTING SIZE - 23 MM,I,B0011538,B0011538,,37308,1
PARENT_ITEM_MISSING,13728,NCONS0001665,Inner Race of NHB 60H - 55 x 175 x 50 - C,NRRBR0000175,NRRBR0000175,NORMAL,NORMAL,0,0,58,58,58,mm,mm,Round Bar 20mncr5 110 MM,Round Bar 20mncr5 110 MM,,PART,,I,B0011575,B0011575,56 mm,37313,1
PARENT_ITEM_MISSING,892,NCONS0001683,Inner Race of NHB 50 - 40 x 150 x 40 - C,NRRBR0000180,NRRBR0000180,NORMAL,NORMAL,0,0,45,45,45,mm,mm,Round Bar 20mncr5 95 MM,Round Bar 20mncr5 95 MM,,PART,,I,B0011612,B0011612,43 mm,37328,1
UOM_MISMATCH,29315,NCONS0001690,Washer of NB6(M306) 19.05x73x80 - C,NRRBR0000102,NRRBR0000102 / NRRBR0000105,NORMAL,NORMAL,0,0,89/90,89,89,mm,Kg.,RoundBar EN9 65 MM / Round Bar EN9 70 MM,RoundBar EN9 65 MM,RoundBar EN9 65 MM,PART,CUTTING SIZE - 23 MM,I,B0011625,,,12933,1
NORMAL_ALTERNATE_FLAG_MISMATCH,20611,NCONS0001690,Washer of NB6(M306) 19.05x73x80 - C,NRRBR0000105,NRRBR0000105,NORMAL,ALTERNATE,0,1,90,90,90,mm,mm,Round Bar EN9 70 MM,Round Bar EN9 70 MM,Round Bar EN9 70 MM,PART,CUTTING SIZE - 33 MM,I,B0011625,B0011625,88 mm,37335,1
RAW_MATERIAL_ITEM_MISSING,19934,NCONS0001732,Washer of Ncs - 30 x 62 x 16 - C,NRRBR0000100,NRRBR0000100,NORMAL,NORMAL,0,0,90,90,90,mm,mm,Round Bar EN9 60 MM,,,,,I,B0011837,B0011837,88 mm,37372,1
UOM_MISMATCH,25497,NCONS0001752,Outer Ring of N280 ID 22 x OD 35 - C,NRRBR0000112,NRRBR0000112,NORMAL,NORMAL,0,0,181,181,181,mm,Kg.,Round Bar EN9 45 MM,Round Bar EN9 45 MM,,PART,CUTTING SIZE - 55mm,I,B0011956,B0011956,,27503,1
UOM_MISMATCH,16752,NCONS0001759,Washer Of NR20 - 20 x 75 x 57 - C,NRRBR0000116,NRRBR0000116,NORMAL,NORMAL,0,0,90,90,90,mm,Kg.,Round Bar EN9 56 MM,Round Bar EN9 56 MM,,PART,CUTTING SIZE - 55mm,I,B0011988,B0011988,,37390,1
QUANTITY_MISMATCH,26113,NCONS0001779,Inner Race of NHB 50H1 - 35 x 155 x 55 - C,NRRBR0000195,NRRBR0000195,NORMAL,NORMAL,0,0,63/60,60,63,mm,mm,Round Bar 20mncr5 75 MM,Round Bar 20mncr5 75 MM,,PART,,I,B0012149,B0012149,61 mm,37407,1
PARENT_ITEM_MISSING,1374,NCONS0001795,Inner Race of NHB 70 - 60 x 190 x 60 - C,NRRBR0000175,NRRBR0000175,NORMAL,NORMAL,0,0,68,68,68,mm,mm,Round Bar 20mncr5 110 MM,Round Bar 20mncr5 110 MM,,PART,,I,B0012268,B0012268,66 mm,37417,1
UOM_MISMATCH,17778,NCONS0001799,Washer of NDF34 - C,NRRBR0000102,NRRBR0000102,NORMAL,NORMAL,0,0,90,90,90,mm,Kg.,RoundBar EN9 65 MM,RoundBar EN9 65 MM,RoundBar EN9 65 MM,PART,CUTTING SIZE - 23 MM,I,B0012337,B0012337,,37421,1
RAW_MATERIAL_ITEM_MISSING,27426,NCONS0001829,Outer Race of NDC 3277 - 32.77 x 49.53 x 21 - C,NRRBR0000100,NRRBR0000100,NORMAL,NORMAL,0,0,57,57,57,mm,mm,Round Bar EN9 60 MM,,,,,I,B0012645,B0012645,55 mm,37441,1
RAW_MATERIAL_ITEM_MISSING,27903,NCONS0001834,NSC OF CAGE 31.75 x 49.75 x 25- C,NRRBR0000100,NRRBR0000100,NORMAL,NORMAL,0,0,68,68,68,mm,mm,Round Bar EN9 60 MM,,,,,I,B0012709,,66 mm,36875,1
UOM_MISMATCH,11446,NCONS0001847,NSC OF CAGE37 -  37 x 55 x 23.5 - C,NRRBR0000102,NRRBR0000102,NORMAL,NORMAL,0,0,65,65,65,mm,Kg.,RoundBar EN9 65 MM,RoundBar EN9 65 MM,RoundBar EN9 65 MM,PART,CUTTING SIZE - 23 MM,I,B0012855,,,36878,1
UOM_MISMATCH,25764,NCONS0001856,Washer of Housing -NXN38 - C,NRRBR0000116,NRRBR0000116,NORMAL,NORMAL,0,0,90,90,90,mm,Kg.,Round Bar EN9 56 MM,Round Bar EN9 56 MM,,PART,CUTTING SIZE - 55mm,I,B0012925,B0012925,,37462,1
UOM_MISMATCH,28363,NCONS0001875,Outer Ring of N7012(SS) ID 30 x OD 55 - C,NRRBR0000102,NRRBR0000102,NORMAL,NORMAL,0,0,69,69,69,mm,Kg.,RoundBar EN9 65 MM,RoundBar EN9 65 MM,RoundBar EN9 65 MM,PART,CUTTING SIZE - 23 MM,I,B0013041,B0013041,,37478,1
UOM_MISMATCH,28401,NCONS0001883,NSC OF CAGE 28.80 x 46.8 x 14.50 - C,NRRBR0000116,NRRBR0000116,NORMAL,NORMAL,0,0,66,66,66,mm,Kg.,Round Bar EN9 56 MM,Round Bar EN9 56 MM,,PART,CUTTING SIZE - 55mm,I,B0013187,,,36880,1
UOM_MISMATCH,29114,NCONS0001890,Washer Of NDS25.sp2 - 24x82x25 - C,NRRBR0000102,NRRBR0000102,NORMAL,NORMAL,0,0,90,90,90,mm,Kg.,RoundBar EN9 65 MM,RoundBar EN9 65 MM,RoundBar EN9 65 MM,PART,CUTTING SIZE - 23 MM,I,B0013315,B0013315,,37491,1
NORMAL_ALTERNATE_FLAG_MISMATCH,35216,NCONS0001892,Washer Of NR130 - d x 320 x180 - C,NRRBR0000132,NRRBR0000598 / NRRBR0000132,NORMAL,ALTERNATE,0,1,138/133,133,133,mm,mm,Round Bar  EN9 150 MM / Round Bar EN9 140 MM,Round Bar EN9 140 MM,,PART,CUTTING SIZE - 23mm,I,B0013335,,131 mm,37493,1
NORMAL_ALTERNATE_FLAG_MISMATCH | UOM_MISMATCH,35216,NCONS0001892,Washer Of NR130 - d x 320 x180 - C,NRRBR0000598,NRRBR0000598 / NRRBR0000132,ALTERNATE,NORMAL,1,0,138/133,138,138,mm,Kg.,Round Bar  EN9 150 MM / Round Bar EN9 140 MM,Round Bar  EN9 150 MM,,PART,CUTTING SIZE - 28mm,I,B0013335,,,15819,1
QUANTITY_MISMATCH,1212,NCONS0001901,Washer Of NAS 50 - d x 155 x 54 - C,NRRBR0000107,NRRBR0000107,NORMAL,NORMAL,0,0,90/89,89,90,mm,mm,Round Bar EN9 130 MM,Round Bar EN9 130 MM,,PART,,I,B0013386,B0013386,88 mm,878,1
UOM_MISMATCH,22035,NCONS0001927,Washer of Ncs - 30 x 62 x 21 - C,NRRBR0000102,NRRBR0000102,NORMAL,NORMAL,0,0,90,90,90,mm,Kg.,RoundBar EN9 65 MM,RoundBar EN9 65 MM,RoundBar EN9 65 MM,PART,CUTTING SIZE - 23 MM,I,B0013588,B0013588,,37517,1
UOM_MISMATCH,30415,NCONS0001945,Washer Of NXN 51.sp1 - 45 x 85 x 30 - C,NRRBR0000102,NRRBR0000102,NORMAL,NORMAL,0,0,70,70,70,mm,Kg.,RoundBar EN9 65 MM,RoundBar EN9 65 MM,RoundBar EN9 65 MM,PART,CUTTING SIZE - 23 MM,I,B0013807,B0013807,,37529,1
UOM_MISMATCH,30640,NCONS0001948,Washer of NCF 100.sp1  36 x 100 x 120 - C,NRRBR0000102,NRRBR0000102,NORMAL,NORMAL,0,0,90,90,90,mm,Kg.,RoundBar EN9 65 MM,RoundBar EN9 65 MM,RoundBar EN9 65 MM,PART,CUTTING SIZE - 23 MM,I,B0013887,B0013887,,37532,1
RAW_MATERIAL_ITEM_MISSING,16437,NCONS0001981,NSC OF CAGE 31.75 x 49.75 x 14.5- C,NRRBR0000100,NRRBR0000100,NORMAL,NORMAL,0,0,1320,1320,1320,mm,mm,Round Bar EN9 60 MM,,,,,I,B0014073,,1318 mm,36899,1
UOM_MISMATCH,31696,NCONS0002001,"Step Washer of NCF2.75"".sp1  - C",NRRBR0000116,NRRBR0000116,NORMAL,NORMAL,0,0,90,90,90,mm,Kg.,Round Bar EN9 56 MM,Round Bar EN9 56 MM,,PART,CUTTING SIZE - 55mm,I,B0014286,B0014286,,37555,1
UOM_MISMATCH,9656,NCONS0002048,Washer of Ncs 35 - 35 x 62 x 14 - C,NRRBR0000102,NRRBR0000102,NORMAL,NORMAL,0,0,90,90,90,mm,Kg.,RoundBar EN9 65 MM,RoundBar EN9 65 MM,RoundBar EN9 65 MM,PART,CUTTING SIZE - 23 MM,I,B0014867,B0014867,,37577,1
NORMAL_ALTERNATE_FLAG_MISMATCH,24192,NCONS0002050,Washer of NO 50 -  50x125x32 - C,NRRBR0000103,NRRBR0000103,NORMAL,ALTERNATE,0,1,90,90,90,mm,mm,Round Bar EN9 100 MM,Round Bar EN9 100 MM,,PART,,I,B0014900,B0014900,88 mm,37578,1
UOM_MISMATCH,33944,NCONS0002093,NSCD3809A -  C,NRRBR0000102,NRRBR0000102,NORMAL,NORMAL,0,0,72,72,72,mm,Kg.,RoundBar EN9 65 MM,RoundBar EN9 65 MM,RoundBar EN9 65 MM,PART,CUTTING SIZE - 23 MM,I,B0015221,B0015221,,36902,1
UOM_MISMATCH,28665,NCONS0002094,Washer of NAR 25   - 25 x 83 x 35 - C,NRRBR0000102,NRRBR0000102,NORMAL,NORMAL,0,0,90,90,90,mm,Kg.,RoundBar EN9 65 MM,RoundBar EN9 65 MM,RoundBar EN9 65 MM,PART,CUTTING SIZE - 23 MM,I,B0015231,B0015231,,37594,1
UOM_MISMATCH,35512,NCONS0002096,NSCD5476A -  C,NRRBR0000102,NRRBR0000102,NORMAL,NORMAL,0,0,59,59,59,mm,Kg.,RoundBar EN9 65 MM,RoundBar EN9 65 MM,RoundBar EN9 65 MM,PART,CUTTING SIZE - 23 MM,I,B0015239,,,36904,1
RAW_MATERIAL_ITEM_MISSING,34313,NCONS0002119,NSC OF CAGE 38 x 56 x 16 - C,NRRBR0000100,NRRBR0000100,NORMAL,NORMAL,0,0,65,65,65,mm,mm,Round Bar EN9 60 MM,,,,,I,B0015400,B0015400,63 mm,36906,1
PARENT_ITEM_MISSING,26543,NCONS0002148,Inner Ring of N4091 ID 110 x OD 185 - C,NRRBR0000103,NRRBR0000103,NORMAL,NORMAL,0,0,86,86,86,mm,mm,Round Bar EN9 100 MM,Round Bar EN9 100 MM,,PART,,I,B0015775,B0015775,84 mm,30081,1
NORMAL_ALTERNATE_FLAG_MISMATCH,3291,NFBLS0000027,BALANCE WEIGHT  MODEL: PIX-3100 - SF,NRRBR0000006,NRRBR0000236 / NRRBR0000006,NORMAL,ALTERNATE,0,1,29/27,27,27,mm,mm,Round Bar EN19 105 MM / Round Bar EN19 110 MM,Round Bar EN19 110 MM,,PART,,I,B0005918,,25 mm,31883,1
NORMAL_ALTERNATE_FLAG_MISMATCH,3291,NFBLS0000027,BALANCE WEIGHT  MODEL: PIX-3100 - SF,NRRBR0000236,NRRBR0000236 / NRRBR0000006,ALTERNATE,NORMAL,1,0,29/27,29,29,mm,mm,Round Bar EN19 105 MM / Round Bar EN19 110 MM,Round Bar EN19 105 MM,,PART,,I,B0005918,,27 mm,96,1
NORMAL_ALTERNATE_FLAG_MISMATCH,12512,NFHLD0002647,Cage Assembly : Ø85 x Ø125 x 50 TL (NHB60.s),NSPRI0000007,NSPRI0000007,NORMAL,ALTERNATE,0,1,12,12,12,Nos.,Nos.,TORSION SPRING LH-0.5 WD X 8 OD X3.9nt,TORSION SPRING LH-0.5 WD X 8 OD X3.9nt,,PART,,I,B0011973,,,20226,1
NORMAL_ALTERNATE_FLAG_MISMATCH,22593,NFHLD0002656,Cage Assembly : Ø120 x Ø160 x 40 TL - NHB 80 (P012),NBCBL0000030,NBCBL0000030,NORMAL,ALTERNATE,0,1,3,3,3,Nos.,Nos.,Csk Bolt M 5X10 CSK 12.9-EBRO,Csk Bolt M 5X10 CSK 12.9-EBRO,,PART,,I,B0010587,,,19889,1
NORMAL_ALTERNATE_FLAG_MISMATCH,22586,NFHLD0002656,Cage Assembly : Ø120 x Ø160 x 40 TL - NHB 80 (P012),NSPRI0000006,NSPRI0000006,NORMAL,ALTERNATE,0,1,16,16,16,Nos.,Nos.,TORSION SPRING RH-0.5 WD X 8 OD X 3.9nt,TORSION SPRING RH-0.5 WD X 8 OD X 3.9nt,,PART,,I,B0010587,,,19882,1
NORMAL_ALTERNATE_FLAG_MISMATCH,23546,NFHLD0002690,Cage Assembly : Ø42 x Ø66 x 17 TL (NHB 25-17.sp1),NSPRI0000123,NSPRI0000123,NORMAL,ALTERNATE,0,1,9,9,9,Nos.,Nos.,TORSION SPRING LH -0.3 WD X 5.5 OD X3.75,TORSION SPRING LH -0.3 WD X 5.5 OD X3.75,,PART,,I,B0013539,,,20778,1
NORMAL_ALTERNATE_FLAG_MISMATCH,24077,NFHLD0002708,Cage Assembly : Ø140 x Ø210 x 52.5 TL - NHB 120.SPC,NSPRI0000079,NSPRI0000079,NORMAL,ALTERNATE,0,1,11,11,11,Nos.,Nos.,SPRING-0.70X17.3X4.7 - RH,SPRING-0.70X17.3X4.7 - RH,,PART,,I,B0011284,,,20050,1
NORMAL_ALTERNATE_FLAG_MISMATCH,25571,NFHLD0002734,Cage Assembly : Ø171 x Ø195 x 25 TL - NHB 90.SPA,NSPRI0000123,NSPRI0000123,NORMAL,ALTERNATE,0,1,24,24,24,Nos.,Nos.,TORSION SPRING LH -0.3 WD X 5.5 OD X3.75,TORSION SPRING LH -0.3 WD X 5.5 OD X3.75,,PART,,I,B0011917,,,20198,1
NORMAL_ALTERNATE_FLAG_MISMATCH,14705,NFHLD0002739,Cage Assembly : Ø51 x Ø75 x 28 TL - NHBU 30.s E1E5,NSPRI0000002,NSPRI0000002,NORMAL,ALTERNATE,0,1,10,10,10,Nos.,Nos.,TORSION SPRING RH-0.3 WDX 5 OD X3.75nt,TORSION SPRING RH-0.3 WDX 5 OD X3.75nt,,PART,,I,B0012100,,,20275,1
NORMAL_ALTERNATE_FLAG_MISMATCH,13217,NGUGE0000012,TAPER GUAGE (MALE),NRRBR0000174,NRRBR0000174 / NRRBR0000217,ALTERNATE,NORMAL,1,0,91/88,91,91,mm,mm,Round Bar 20mncr5 120 MM / Round Bar 20mncr5 170 MM,Round Bar 20mncr5 120 MM,,PART,,I,B0006825,,89 mm,30716,1
NORMAL_ALTERNATE_FLAG_MISMATCH,13217,NGUGE0000012,TAPER GUAGE (MALE),NRRBR0000217,NRRBR0000174 / NRRBR0000217,NORMAL,ALTERNATE,0,1,91/88,88,88,mm,mm,Round Bar 20mncr5 120 MM / Round Bar 20mncr5 170 MM,Round Bar 20mncr5 170 MM,,PART,,I,B0006825,,86 mm,38584,1
UOM_MISMATCH,13440,NHDPN0000005,Hold Pin M36 x 4p,NRRBR0000112,NRRBR0000112,NORMAL,NORMAL,0,0,147,147,147,mm,Kg.,Round Bar EN9 45 MM,Round Bar EN9 45 MM,,PART,CUTTING SIZE - 55mm,I,B0005903,B0005903,,38673,1
RAW_MATERIAL_ITEM_MISSING,5643,NHDPN0000012,Hold Pin of NLRE 90 - d x 230 x 176 x 202,NRRBR0000100,NRRBR0000100,NORMAL,NORMAL,0,0,167,167,167,mm,mm,Round Bar EN9 60 MM,,,,,I,B0011234,B0011234,165 mm,38724,1
UOM_MISMATCH,20441,NHDPN0000028,Hold Pin of NR 60.sp1 C2C3 - 60 x 170 x 114,NRRBR0000112,NRRBR0000112,NORMAL,NORMAL,0,0,83,83,83,mm,Kg.,Round Bar EN9 45 MM,Round Bar EN9 45 MM,,PART,CUTTING SIZE - 55mm,I,B0007665,B0007665,,38685,1
UOM_MISMATCH,15282,NHDPN0000029,Hold Pin of NR 70 C2C3.sp1 - d x 190 x 134 x 157,NRRBR0000112,NRRBR0000112,NORMAL,NORMAL,0,0,108,108,108,mm,Kg.,Round Bar EN9 45 MM,Round Bar EN9 45 MM,,PART,CUTTING SIZE - 55mm,I,B0007669,B0007669,,5679,1
UOM_MISMATCH,15392,NHDPN0000031,Hold Pin of NR 90 C2C3  - 90 x 230,NRRBR0000116,NRRBR0000116,NORMAL,NORMAL,0,0,128,128,128,mm,Kg.,Round Bar EN9 56 MM,Round Bar EN9 56 MM,,PART,CUTTING SIZE - 55mm,I,B0007717,B0007717,,38687,1
UOM_MISMATCH,18058,NHDPN0000043,Hold Pin of NHBU 100.s1 E2E3 - d x 270 x 186,NRRBR0000116,NRRBR0000116,NORMAL,NORMAL,0,0,135,135,135,mm,Kg.,Round Bar EN9 56 MM,Round Bar EN9 56 MM,,PART,CUTTING SIZE - 55mm,I,B0008720,B0008720,,7082,1
UOM_MISMATCH,18160,NHDPN0000046,Hold Pin of NBO 50.sp1 - d x 150 x 78,NRRBR0000112,NRRBR0000112,NORMAL,NORMAL,0,0,88,88,88,mm,Kg.,Round Bar EN9 45 MM,Round Bar EN9 45 MM,,PART,CUTTING SIZE - 55mm,I,B0008791,B0008791,,7151,1
UOM_MISMATCH,15263,NHDPN0000049,Hold Pin of NR 50 - d x 150 x 94,NRRBR0000112,NRRBR0000112,NORMAL,NORMAL,0,0,83,83,83,mm,Kg.,Round Bar EN9 45 MM,Round Bar EN9 45 MM,,PART,CUTTING SIZE - 55mm,I,B0009031,B0009031,,5659,1
UOM_MISMATCH,18992,NHDPN0000051,Hold Pin of NHBU 100 E2E3 (M306) - d x 270 x 182,NRRBR0000102,NRRBR0000102,NORMAL,NORMAL,0,0,93,93,93,mm,Kg.,RoundBar EN9 65 MM,RoundBar EN9 65 MM,RoundBar EN9 65 MM,PART,CUTTING SIZE - 23 MM,I,B0009181,B0009181,,38698,1
UOM_MISMATCH,19309,NHDPN0000052,Hold Pin of NRHD1450  - 210 x 770 x 380,NRRBR0000124,NRRBR0000124,NORMAL,NORMAL,0,0,423,423,423,mm,Kg.,Round Bar EN19 85 MM,Round Bar EN19 85 MM,,PART,,I,B0009359,B0009359,,38701,1
UOM_MISMATCH,19288,NHDPN0000053,Hold Pin of NRHD 1400 - d x 770 x 330,NRRBR0000124,NRRBR0000124,NORMAL,NORMAL,0,0,373,373,373,mm,Kg.,Round Bar EN19 85 MM,Round Bar EN19 85 MM,,PART,,I,B0009362,B0009362,,38702,1
UOM_MISMATCH,19504,NHDPN0000057,Hold Pin of NRHD1400  - 300 x 770 x 330,NRRBR0000124,NRRBR0000124,NORMAL,NORMAL,0,0,376,376,376,mm,Kg.,Round Bar EN19 85 MM,Round Bar EN19 85 MM,,PART,,I,B0009749,B0009749,,38706,1
RAW_MATERIAL_ITEM_MISSING,19622,NHDPN0000059,Hold Pin of NR 90.sp1 C2C3 - d x 230 x 176 x 202,NRRBR0000100,NRRBR0000100,NORMAL,NORMAL,0,0,128,128,128,mm,mm,Round Bar EN9 60 MM,,,,,I,B0009445,B0009445,126 mm,7864,1
UOM_MISMATCH,20154,NHDPN0000062,Hold Pin of NHBU 60 E1E2 -  60x170x114,NRRBR0000112,NRRBR0000112,NORMAL,NORMAL,0,0,63,63,63,mm,Kg.,Round Bar EN9 45 MM,Round Bar EN9 45 MM,,PART,CUTTING SIZE - 55mm,I,B0009643,B0009643,,38705,1
UOM_MISMATCH,22278,NHDPN0000097,Hold Pin of NRSC 1400.sp1 - d x 790 x 230,NRRBR0000124,NRRBR0000124,NORMAL,NORMAL,0,0,298,298,298,mm,Kg.,Round Bar EN19 85 MM,Round Bar EN19 85 MM,,PART,,I,B0011193,B0011193,,38723,1
UOM_MISMATCH,23333,NHDPN0000114,Hold Pin of NHBU 90.sp1 E1E2 - d x 230 x 145,NRRBR0000112,NRRBR0000112,NORMAL,NORMAL,0,0,90,90,90,mm,Kg.,Round Bar EN9 45 MM,Round Bar EN9 45 MM,,PART,CUTTING SIZE - 55mm,I,B0010943,B0010943,,38720,1
UOM_MISMATCH,18602,NHDPN0000115,Hold Pin of NLRE 70 - d x 190 x 134 x 160,NRRBR0000112,NRRBR0000112,NORMAL,NORMAL,0,0,148,148,148,mm,Kg.,Round Bar EN9 45 MM,Round Bar EN9 45 MM,,PART,CUTTING SIZE - 55mm,I,B0010952,B0010952,,38721,1
RAW_MATERIAL_ITEM_MISSING,24136,NHDPN0001475,Eye Bolt Bush NRHD 1400 - d x 770 x 330,NRRBR0000100,NRRBR0000100,NORMAL,NORMAL,0,0,88,88,88,mm,mm,Round Bar EN9 60 MM,,,,,I,B0011332,B0011332,86 mm,11513,1
UOM_MISMATCH,25802,NHDPN0001488,Hold Pin of NHBU 60 E1E2 (T070) - d x 170 x 120,NRRBR0000116,NRRBR0000116,NORMAL,NORMAL,0,0,127,127,127,mm,Kg.,Round Bar EN9 56 MM,Round Bar EN9 56 MM,,PART,CUTTING SIZE - 55mm,I,B0012020,B0012020,,38727,1
UOM_MISMATCH,26695,NHDPN0001502,Hold Pin of NRHD 1450.sp1 - d x 770 x 380,NRRBR0000124,NRRBR0000124,NORMAL,NORMAL,0,0,453,453,453,mm,Kg.,Round Bar EN19 85 MM,Round Bar EN19 85 MM,,PART,,I,B0012485,B0012485,,38733,1
UOM_MISMATCH,27506,NHDPN0001510,Hold Pin of NRHD 1300.sp3 - d x 730 x 305,NRRBR0000124,NRRBR0000124,NORMAL,NORMAL,0,0,366,366,366,mm,Kg.,Round Bar EN19 85 MM,Round Bar EN19 85 MM,,PART,,I,B0012833,B0012833,,38735,1
UOM_MISMATCH,27071,NHDPN0001521,Brake Handle Lock Block of NHFC-H 9000 - d x 800 x 380,NRRBR0000102,NRRBR0000102,NORMAL,NORMAL,0,0,1,1,1,mm,Kg.,RoundBar EN9 65 MM,RoundBar EN9 65 MM,RoundBar EN9 65 MM,PART,CUTTING SIZE - 23 MM,I,B0013026,B0013026,,38737,1
RAW_MATERIAL_ITEM_MISSING,31212,NHDPN0001544,Hold Pin of NHBU 80.sp3 E1E2 - d x 220 x 140,NRRBR0000100,NRRBR0000100,NORMAL,NORMAL,0,0,92,92,92,mm,mm,Round Bar EN9 60 MM,,,,,I,B0014100,B0014100,90 mm,38746,1
UOM_MISMATCH,32368,NHDPN0001551,Hold Pin of NRHD 1400 (V050) - d x 750 x 330,NRRBR0000124,NRRBR0000124,NORMAL,NORMAL,0,0,370,370,370,mm,Kg.,Round Bar EN19 85 MM,Round Bar EN19 85 MM,,PART,,I,B0014613,B0014613,,38750,1
UOM_MISMATCH,33506,NHDPN0001559,Hold Pin of NAL 90.sp F2F3 - d x 246 x 140 x 192,NRRBR0000116,NRRBR0000116,NORMAL,NORMAL,0,0,99,99,99,mm,Kg.,Round Bar EN9 56 MM,Round Bar EN9 56 MM,,PART,CUTTING SIZE - 55mm,I,B0015068,B0015068,,38753,1
UOM_MISMATCH,25641,NHNDL0000006,Brake Handle of NHFC-H 8000 - d x 749.3 x 481,NRRBR0000112,NRRBR0000112,NORMAL,NORMAL,0,0,26,26,26,mm,Kg.,Round Bar EN9 45 MM,Round Bar EN9 45 MM,,PART,CUTTING SIZE - 55mm,I,B0012088,B0012088,,38587,1
UOM_MISMATCH,25870,NHNDL0000007,Brake Handle Lock Bloc of NHFC-H 8500 - d x 855 x 310,NRRBR0000112,NRRBR0000112,NORMAL,NORMAL,0,0,53,53,53,mm,Kg.,Round Bar EN9 45 MM,Round Bar EN9 45 MM,,PART,CUTTING SIZE - 55mm,I,B0012073,B0012073,,38586,1
UOM_MISMATCH,25643,NHNDL0000008,Brake Handle Lock Bloc of NHFC-H 8000 - d x 749.3 x 481,NRRBR0000112,NRRBR0000112,NORMAL,NORMAL,0,0,26,26,26,mm,Kg.,Round Bar EN9 45 MM,Round Bar EN9 45 MM,,PART,CUTTING SIZE - 55mm,I,B0012089,B0012089,,38352,1
NORMAL_ALTERNATE_FLAG_MISMATCH,5368,NSCVR0000039,Cover of NFS.s 25 - d x 105 x 46,NRRBR0000108,NRRBR0000108,NORMAL,ALTERNATE,0,1,27,27,27,mm,mm,Round Bar EN9 110 MM,Round Bar EN9 110 MM,,PART,,I,B0002377,B0002377,25 mm,2807,1
NORMAL_ALTERNATE_FLAG_MISMATCH,10321,NSCVR0000040,Cover of NAR.s 70 - d x 190 x 115,NRRBR0000172,NRRBR0000172,NORMAL,ALTERNATE,0,1,33,33,33,mm,mm,Round Bar EN19 200 MM,Round Bar EN19 200 MM,,PART,CUTTING SIZE - 101mm,I,B0002393,B0002393,31 mm,37695,1
NORMAL_ALTERNATE_FLAG_MISMATCH,14779,NSCVR0000041,E8 Cover of NHBU 80 E8E8 - d x 210 x 144 x 151,NRRBR0000027,NRRBR0000027,NORMAL,ALTERNATE,0,1,43,43,43,mm,mm,Round Bar EN19 220 MM,Round Bar EN19 220 MM,,PART,,I,B0002450,B0002450,41 mm,37696,1
QUANTITY_MISMATCH,17946,NSCVR0000593,C1 Cover of NR 20 - d x 75 x 57,NRRBR0000205,NRRBR0000205,NORMAL,NORMAL,0,0,19/18,18,19,mm,mm,Round Bar EN9 85 MM,Round Bar EN9 85 MM,,PART,,I,B0008730,B0008730,17 mm,6994,1
QUANTITY_MISMATCH,4135,NSCVR0000659,C1 Cover of NR 70 - d x 190 x 134,NRRBR0000128,NRRBR0000128,NORMAL,NORMAL,0,0,27/25,25,27,mm,mm,Round Bar EN9 200 MM,Round Bar EN9 200 MM,,PART,,I,B0009800,B0009800,25 mm,1647,1
NORMAL_ALTERNATE_FLAG_MISMATCH,21649,NSCVR0000691,E1 Cover of NHBU 80 - d x 210 x 144,NRRBR0000027,NRRBR0000027,NORMAL,ALTERNATE,0,1,28,28,28,mm,mm,Round Bar EN19 220 MM,Round Bar EN19 220 MM,,PART,,I,B0010378,B0010378,26 mm,14770,1
UOM_MISMATCH,27065,NSCVR0001549,Brake Cover of NHFC-H 9000 - d x 800 x 380,NRRBR0000102,NRRBR0000102,NORMAL,NORMAL,0,0,1,1,1,mm,Kg.,RoundBar EN9 65 MM,RoundBar EN9 65 MM,RoundBar EN9 65 MM,PART,CUTTING SIZE - 23 MM,I,B0013023,B0013023,,37985,1
NORMAL_ALTERNATE_FLAG_MISMATCH,30961,NSCVR0001628,Laybrinth Cover of NR 150.sp2 C1C2 - d x 410 x 282,NRRBR0000118,NRRBR0000118 / NRRBR0000128,ALTERNATE,NORMAL,1,0,90/36,90,90,mm,mm,Round Bar EN9 120 MM / Round Bar EN9 200 MM,Round Bar EN9 120 MM,,PART,,I,B0014479,,88 mm,13652,1
NORMAL_ALTERNATE_FLAG_MISMATCH,30961,NSCVR0001628,Laybrinth Cover of NR 150.sp2 C1C2 - d x 410 x 282,NRRBR0000128,NRRBR0000118 / NRRBR0000128,NORMAL,ALTERNATE,0,1,90/36,36,36,mm,mm,Round Bar EN9 120 MM / Round Bar EN9 200 MM,Round Bar EN9 200 MM,,PART,,I,B0014479,B0014479,34 mm,38064,1
UOM_MISMATCH,31293,NSCVR0001640,End Cover of NDF76 (With Housing&Cover) - 76.20 x 132.1,NRRBR0000580,NRRBR0000580,NORMAL,NORMAL,0,0,39,39,39,mm,Kg.,Round Bar IS2062-E300BR 200 MM,Round Bar IS2062-E300BR 200 MM,,PART,,I,B0014554,B0014554,,38074,1
UOM_MISMATCH,31314,NSCVR0001641,End Cover of NDF82 (With Housing&Cover) - 82.60 x146.71,NRRBR0000579,NRRBR0000579,NORMAL,NORMAL,0,0,37,37,37,mm,Kg.,Round Bar IS2062-E300BR 215 MM,Round Bar IS2062-E300BR 215 MM,,PART,,I,B0014531,B0014531,,38071,1
UOM_MISMATCH,27989,NSHCL0001212,Two-Piece Shaft Collar : 25 x 45 x 15,NRRBR0000116,NRRBR0000116,NORMAL,NORMAL,0,0,23,23,23,mm,Kg.,Round Bar EN9 56 MM,Round Bar EN9 56 MM,,PART,CUTTING SIZE - 55mm,I,B0012901,B0012901,,41868,1
NORMAL_ALTERNATE_FLAG_MISMATCH,35026,NSHCL0001237,Shaft of NVFB 650.sp1 - Ø184 x 107 TL (QD-J),NRRBR0000104,NRRBR0000104,NORMAL,ALTERNATE,0,1,105,105,105,mm,mm,Round Bar EN9 40 MM,Round Bar EN9 40 MM,,PART,,I,B0015624,,103 mm,15647,1
NORMAL_ALTERNATE_FLAG_MISMATCH,34491,NSHCL0001237,Shaft of NVFB 650.sp1 - Ø184 x 107 TL (QD-J),NRRBR0000115,NRRBR0000115,NORMAL,ALTERNATE,0,1,105,105,105,mm,mm,Round Bar EN9 36 MM,Round Bar EN9 36 MM,,PART,,I,B0015624,B0015624,103 mm,15646,1
NORMAL_ALTERNATE_FLAG_MISMATCH,11283,NSHNT0000006,Hex Nut of NCFe 72 - 24 x 72 x 80,NRRBR0000098,NRRBR0000119 / NRRBR0000098,NORMAL,ALTERNATE,0,1,26/25,25,25,mm,mm,Round Bar EN8 46 MM HEX,Round Bar EN8 46 MM HEX,,PART,,I,B0006000,,23 mm,38668,1
NORMAL_ALTERNATE_FLAG_MISMATCH,11283,NSHNT0000006,Hex Nut of NCFe 72 - 24 x 72 x 80,NRRBR0000119,NRRBR0000119 / NRRBR0000098,ALTERNATE,NORMAL,1,0,26/25,26,26,mm,mm,Round Bar EN8 46 MM HEX,Round Bar EN9 50 MM,,PART,CUTTING SIZE - 24mm,I,B0006000,,24 mm,203,1
NORMAL_ALTERNATE_FLAG_MISMATCH,24847,NSHNT0000007,Hex Nut For NCF 80 - 30 x 80 x 100,NRRBR0000098,NRRBR0000098,NORMAL,ALTERNATE,0,1,28,28,28,mm,mm,Round Bar EN8 46 MM HEX,Round Bar EN8 46 MM HEX,,PART,,I,B0008442,B0008442,26 mm,273,1
UOM_MISMATCH,17214,NSHNT0000007,Hex Nut For NCF 80 - 30 x 80 x 100,NRRBR0000102,NRRBR0000102 / NRRBR0000098,NORMAL,NORMAL,0,0,28,,28,mm,Kg.,Round Bar EN8 46 MM HEX,RoundBar EN9 65 MM,RoundBar EN9 65 MM,PART,CUTTING SIZE - 23 MM,I,B0008442,,,225,1
RAW_MATERIAL_ITEM_MISSING,8786,NSIRG0000005,Inner Ring of N4071.sp1 ID 40 x OD 69.50,NRRBR0000100,NRRBR0000100,NORMAL,NORMAL,0,0,56,56,56,mm,mm,Round Bar EN9 60 MM,,,,,I,B0004799,B0004799,54 mm,36333,1
UOM_MISMATCH,35059,NSIRG0000007,Inner Ring of N8006.sp1 - 225 x 250 x 43,NRRBR0000598,NRRBR0000598,NORMAL,NORMAL,0,0,83,83,83,mm,Kg.,Round Bar  EN9 150 MM,Round Bar  EN9 150 MM,,PART,CUTTING SIZE - 28mm,I,B0015687,B0015687,,28720,1
UOM_MISMATCH,565,NSJBT0000001,Grub screw - M10 x 1.25P x 16TL,NRRBR0000389,NRRBR0000389,NORMAL,NORMAL,0,0,20,20,20,mm,Kg.,Roundbar SS31612.7MM,Roundbar SS31612.7MM,,PART,,I,B0000451,B0000451,,30749,1
NORMAL_ALTERNATE_FLAG_MISMATCH,2294,NSJBT0000004,Clamping screw of M16 x 1.5P x 84 TL,NRRBR0000003,NRRBR0000003,NORMAL,ALTERNATE,0,1,96/97,96,96,mm,mm,Round Bar EN19 25 MM,Round Bar EN19 25 MM,,PART,,I,B0001440,B0001440,94 mm,30771,1
NORMAL_ALTERNATE_FLAG_MISMATCH,13551,NSJBT0000005,Clamping screw of M20 x 1.5P x 185TL,NRRBR0000003,NRRBR0000003,NORMAL,ALTERNATE,0,1,197,197,197,mm,mm,Round Bar EN19 25 MM,Round Bar EN19 25 MM,,PART,,I,B0001776,B0001776,195 mm,40277,1
QUANTITY_MISMATCH,23573,NSJBT0000034,Clamping screw of M16 x 1.5P x 81 TL,NRRBR0000472,NRRBR0000472,NORMAL,NORMAL,0,0,93.332999999999998,93.332999999999998,93.333,mm,mm,RoundBar 2.4668(Inconel 718)25.4 MM (According to Nace),RoundBar 2.4668(Inconel 718)25.4 MM (According to Nace),,PART,,I,B0011094,B0011094,,40281,1
UOM_MISMATCH,27064,NSLVE0001378,Brake Sleeve of NHFC-H 9000 - d x 800 x 380,NRRBR0000102,NRRBR0000102,NORMAL,NORMAL,0,0,1,1,1,mm,Kg.,RoundBar EN9 65 MM,RoundBar EN9 65 MM,RoundBar EN9 65 MM,PART,CUTTING SIZE - 23 MM,I,B0013022,B0013022,,41908,1
UOM_MISMATCH,27073,NSMPL0000590,Housing Body Plate of NHFC-H 9000 - d x 800 x 380,NRRBR0000102,NRRBR0000102,NORMAL,NORMAL,0,0,1,1,1,mm,Kg.,RoundBar EN9 65 MM,RoundBar EN9 65 MM,RoundBar EN9 65 MM,PART,CUTTING SIZE - 23 MM,I,B0013033,B0013033,,40343,1
NORMAL_ALTERNATE_FLAG_MISMATCH,2292,NSNBD0000006,Nut Body of TNS M80 x 4P,NRRBR0000228,NRRBR0000228,NORMAL,ALTERNATE,0,1,65,65,65,mm,mm,Round Bar EN19 145 MM,Round Bar EN19 145 MM,,PART,,I,B0001438,B0001438,63 mm,30769,1
NORMAL_ALTERNATE_FLAG_MISMATCH,17338,NSNBD0000010,Nut Body of TNS M48 x 5P,NRRBR0000005,NRRBR0000005,NORMAL,ALTERNATE,0,1,47,47,47,mm,mm,Round Bar EN19 90 MM,Round Bar EN19 90 MM,,PART,,I,B0001951,B0001951,45 mm,40351,1
EXTRA_DB_RAW_MATERIAL_LINK,,NSNBD0000010,Nut Body of TNS M48 x 5P,NRRBR0000008,,,ALTERNATE,,1,,,46,,mm,,Round Bar EN19 95 MM,,PART,CUTTING SIZE - 47mm,I,,,44 mm,30940,1
NORMAL_ALTERNATE_FLAG_MISMATCH,3388,NSNBD0000012,Nut Body of RPN 100 / 103,NRRBR0000012,NRRBR0000012,NORMAL,ALTERNATE,0,1,27,27,27,mm,mm,Round Bar EN19 60 MM,Round Bar EN19 60 MM,,PART,,I,B0002124,B0002124,25 mm,40352,1
EXTRA_DB_RAW_MATERIAL_LINK,,NSNBD0000014,Nut Body of TNS M64 x 4P,NRRBR0000009,,,NORMAL,,0,,,61,,mm,,Round Bar EN19 125 MM,,PART,,I,,,59 mm,30811,1
NORMAL_ALTERNATE_FLAG_MISMATCH,6918,NSNBD0000014,Nut Body of TNS M64 x 4P,NRRBR0000173,NRRBR0000173,NORMAL,ALTERNATE,0,1,62,62,62,mm,mm,Round Bar EN19 120 MM,Round Bar EN19 120 MM,,PART,,I,B0002338,B0002338,60 mm,30918,1
NORMAL_ALTERNATE_FLAG_MISMATCH,4553,NSNBD0000020,Nut Body of TNS M42 x 4.5P,NRRBR0000007,NRRBR0000007,NORMAL,ALTERNATE,0,1,41,41,41,mm,mm,Round Bar EN19 80 MM,Round Bar EN19 80 MM,,PART,,I,B0002761,B0002761,39 mm,30823,1
UOM_MISMATCH,12251,NSNBD0000020,Nut Body of TNS M42 x 4.5P,NRRBR0000124,NRRBR0000124 / NRRBR0000007,NORMAL,NORMAL,0,0,41,,41,mm,Kg.,Round Bar EN19 85 MM / Round Bar EN19 80 MM,Round Bar EN19 85 MM,,PART,,I,B0002761,,,31007,1
EXTRA_DB_RAW_MATERIAL_LINK,,NSNBD0000026,"Nut Body of TNSI 7""UNC x 4 TPI",NRFRG0000134,,,NORMAL,,0,,,1,,Nos.,,Forged ring En19 264x164x154,,PART,,I,,,,40354,1
QUANTITY_MISMATCH,6041,NSNBD0000027,Nut Body of TNS M24 X 3P,NRRBR0000011,NRRBR0000011,NORMAL,NORMAL,0,0,24/25,24,25,mm,mm,Round Bar EN19 56 MM,Round Bar EN19 56 MM,,PART,,I,B0003455,B0003455,23 mm,28785,1
QUANTITY_MISMATCH,9354,NSNBD0000058,"FLEX Nut Body of TFX 1/2""x 20 UNF-C",NRRBR0000017,NRRBR0000017,NORMAL,NORMAL,0,0,245/226,226,245,mm,mm,Round Bar EN19 32 MM,Round Bar EN19 32 MM,,PART,,I,B0005448,B0005448,243 mm,704,1
PARENT_ITEM_MISSING,35649,NSNBD0000060,Nut Body of TNS M30 X 3.5P - C,NRRBR0000012,NRRBR0000012,NORMAL,NORMAL,0,0,133,133,133,mm,mm,Round Bar EN19 60 MM,Round Bar EN19 60 MM,,PART,,I,B0005624,B0005624,131 mm,40367,1
NORMAL_ALTERNATE_FLAG_MISMATCH,16962,NSNBD0001321,Nut Body of NSA M160 x 3p,NRRBR0000145,NRRBR0000274 / NRRBR0000145,NORMAL,ALTERNATE,0,1,118/78,78,78,mm,mm,Round Bar EN47 120 MM / Round Bar EN47 150 MM,Round Bar EN47 150 MM,,PART,,I,B0008362,,76 mm,40401,1
NORMAL_ALTERNATE_FLAG_MISMATCH,16962,NSNBD0001321,Nut Body of NSA M160 x 3p,NRRBR0000274,NRRBR0000274 / NRRBR0000145,ALTERNATE,NORMAL,1,0,118/78,118,118,mm,mm,Round Bar EN47 120 MM / Round Bar EN47 150 MM,Round Bar EN47 120 MM,,PART,CUTTING SIZE - 89mm,I,B0008362,,116 mm,21592,1
NORMAL_ALTERNATE_FLAG_MISMATCH,27383,NSNBD0001386,Nut Body of TNS (S542) M45 x 1.5P,NRRBR0000008,NRRBR0000008 / NRRBR0000208,ALTERNATE,NORMAL,1,0,46/15,46,46,mm,mm,Round Bar EN19 95 MM,Round Bar EN19 95 MM,,PART,CUTTING SIZE - 47mm,I,B0012621,,44 mm,31384,1
NORMAL_ALTERNATE_FLAG_MISMATCH,27383,NSNBD0001386,Nut Body of TNS (S542) M45 x 1.5P,NRRBR0000208,NRRBR0000008 / NRRBR0000208,NORMAL,ALTERNATE,0,1,46/15,15,15,mm,mm,Round Bar EN19 95 MM,Round Bar 4140 90 MM,,PART,,I,B0012621,,13 mm,40454,1
UOM_MISMATCH,31160,NSNBD0001415,"Nut of N280 in - 2"" x 2.875"" x 3.563""",NRRBR0000124,NRRBR0000124,NORMAL,NORMAL,0,0,39,39,39,mm,Kg.,Round Bar EN19 85 MM,Round Bar EN19 85 MM,,PART,,I,B0014104,B0014104,,40480,1
UOM_MISMATCH,32600,NSNBD0001432,Nut Body of NSW M35 x 1.5p x 28 TL (4H),NRRBR0000090,NRRBR0000089 / NRRBR0000090,ALTERNATE,ALTERNATE,1,1,36/37,37,37,mm,Kg.,Round Bar EN47 60 MM / Round Bar EN47 70 MM,Round Bar EN47 70 MM,,PART,,I,B0014650,,,40496,1
RAW_MATERIAL_ITEM_MISSING,32630,NSNBD0001441,Round Slot Nut of NTLS 125.2.sp1 - d x 125 x 105,NRRBR0000100,NRRBR0000100,NORMAL,NORMAL,0,0,1,1,1,mm,mm,Round Bar EN9 60 MM,,,,,I,B0014838,B0014838,,40504,1
MAKE_BUY_MISMATCH,11281,NSORC0000008,Outer Race of NCFe 72 - 24 x 72 x 80,NRRBR0000280,NRRBR0000222 / NRRBR0000280,ALTERNATE,ALTERNATE,1,1,34/38,38,38,mm,mm,Round Bar 20mncr5 80 MM / Round Bar 20mncr5 85 mm,Round Bar 20mncr5 85 mm,,ASSEMBLY,,A,B0005999,,36 mm,41280,1
UOM_MISMATCH,8041,NSORG0000002,Outer Ring of N7032 ID 20 x OD 47 - C,NRRBR0000116,NRRBR0000116,NORMAL,NORMAL,0,0,80,80,80,mm,Kg.,Round Bar EN9 56 MM,Round Bar EN9 56 MM,,PART,CUTTING SIZE - 55mm,I,B0004495,B0004495,,41370,1
NORMAL_ALTERNATE_FLAG_MISMATCH,8700,NSORG0000840,Outer Ring of NS 50-12 A - 50 x 112 x 30,NRRBR0000109,NRRBR0000173 / NRRBR0000109,NORMAL,ALTERNATE,0,1,38/35,35,35,mm,mm,Round Bar EN9 125 MM,Round Bar EN9 125 MM,,PART,,I,B0004766,B0004766,33 mm,36321,1
NORMAL_ALTERNATE_FLAG_MISMATCH,8700,NSORG0000840,Outer Ring of NS 50-12 A - 50 x 112 x 30,NRRBR0000173,NRRBR0000173 / NRRBR0000109,ALTERNATE,NORMAL,1,0,38/35,38,38,mm,mm,Round Bar EN9 125 MM,Round Bar EN19 120 MM,,PART,,I,B0004766,,36 mm,29214,1
NORMAL_ALTERNATE_FLAG_MISMATCH,11692,NSORG0000867,Outer Ring of NS 40-12 C - 40 x 96 x 25,NRRBR0000006,NRRBR0000006,NORMAL,ALTERNATE,0,1,34,34,34,mm,mm,Round Bar EN19 110 MM,Round Bar EN19 110 MM,,PART,,I,B0006177,B0006177,32 mm,36492,1
UOM_MISMATCH,12379,NSORG0000871,Outer Ring of NS30 -12 A - 25 X 76,NRRBR0000124,NRRBR0000124,NORMAL,NORMAL,0,0,30,30,30,mm,Kg.,Round Bar EN19 85 MM,Round Bar EN19 85 MM,,PART,,I,B0006533,B0006533,,36527,1
UOM_MISMATCH,12614,NSORG0000872,Outer Ring of NS30 -12 A - 30 X 76,NRRBR0000124,NRRBR0000124,NORMAL,NORMAL,0,0,30,30,30,mm,Kg.,Round Bar EN19 85 MM,Round Bar EN19 85 MM,,PART,,I,B0006603,B0006603,,36542,1
EXTRA_DB_RAW_MATERIAL_LINK,,NSORG0001073,Outer Ring of NSD 220-28D - 220 x 370 x 121,NRFRG0000553,,,NORMAL,,0,,,1,,Nos.,,Forged ring EN19 374X224X99,,PART,,I,,,,41429,1
UOM_MISMATCH,7031,NSPRG0000067,sprag : 27 x 65TL,NRRBR0000044,NRRBR0000044,NORMAL,NORMAL,0,0,69,69,69,mm,Kg.,Round Bar EN31 32 MM,Round Bar EN31 32 MM,,PART,,I,B0004133,B0004133,,42015,1
UOM_MISMATCH,7682,NSPRG0000075,sprag : 27 x 50 TL,NRRBR0000044,NRRBR0000044,NORMAL,NORMAL,0,0,54,54,54,mm,Kg.,Round Bar EN31 32 MM,Round Bar EN31 32 MM,,PART,,I,B0004398,B0004398,,42023,1
UOM_MISMATCH,7909,NSPRG0000076,sprag : 27 x 64TL,NRRBR0000044,NRRBR0000044,NORMAL,NORMAL,0,0,69,69,69,mm,Kg.,Round Bar EN31 32 MM,Round Bar EN31 32 MM,,PART,,I,B0004433,B0004433,,42024,1
QUANTITY_MISMATCH,16195,NSPRG0000103,sprag : 16.50x28,NRRBR0000164,NRRBR0000164,NORMAL,NORMAL,0,0,4.0000000000000001E-3,3,0.004,mm,mm,Round Bar EN31 20 MM,Round Bar EN31 20 MM,,PART,,I,B0005752,B0005752,,42042,1
QUANTITY_MISMATCH,5773,NSPRG0000104,sprag : 12.30 x 20 TL,NRRBR0000164,NRRBR0000164,NORMAL,NORMAL,0,0,4.8000000000000001E-2,2,0.048,mm,mm,Round Bar EN31 20 MM,Round Bar EN31 20 MM,,PART,,I,B0005726,B0005726,,42041,1
QUANTITY_MISMATCH,14132,NSPRG0000114,sprag : 12.30 x 35 TL,NRRBR0000041,NRRBR0000041,NORMAL,NORMAL,0,0,4.4999999999999998E-2,2,0.045,mm,mm,Round Bar EN31 16 MM,Round Bar EN31 16 MM,,PART,,I,B0006187,B0006187,,42045,1
QUANTITY_MISMATCH,11729,NSPRG0000115,sprag : 12.30 x 32 TL,NRRBR0000041,NRRBR0000041,NORMAL,NORMAL,0,0,4.4999999999999998E-2,2,0.045,mm,mm,Round Bar EN31 16 MM,Round Bar EN31 16 MM,,PART,,I,B0006244,B0006244,,42048,1
UOM_MISMATCH,12578,NSPRG0000126,sprag : 27 x 63 TL,NRRBR0000044,NRRBR0000044,NORMAL,NORMAL,0,0,54,54,54,mm,Kg.,Round Bar EN31 32 MM,Round Bar EN31 32 MM,,PART,,I,B0006716,B0006716,,42052,1
UOM_MISMATCH,30564,NSPRG0000226,Tz Sprag: 20.3 x 75 TL,NRRBR0000044,NRRBR0000044,NORMAL,NORMAL,0,0,1050,1050,1050,mm,Kg.,Round Bar EN31 32 MM,Round Bar EN31 32 MM,,PART,,I,B0014004,B0014004,,42109,1
UOM_MISMATCH,15387,NSRLR0000078,Roller 22 x 85 TL,NRRBR0000044,NRRBR0000044,NORMAL,NORMAL,0,0,91,91,91,mm,Kg.,Round Bar EN31 32 MM,Round Bar EN31 32 MM,,PART,,I,B0007718,B0007718,,41822,1
UOM_MISMATCH,16394,NSRLR0000086,Roller 22 x 60,NRRBR0000044,NRRBR0000044,NORMAL,NORMAL,0,0,66,66,66,mm,Kg.,Round Bar EN31 32 MM,Round Bar EN31 32 MM,,PART,,I,B0008172,B0008172,,41826,1
UOM_MISMATCH,16507,NSRLR0000087,Roller 25 x 55 TL,NRRBR0000044,NRRBR0000044,NORMAL,NORMAL,0,0,59,59,59,mm,Kg.,Round Bar EN31 32 MM,Round Bar EN31 32 MM,,PART,,I,B0008147,B0008147,,9026,1
UOM_MISMATCH,16566,NSRLR0000088,Roller 22 x 46,NRRBR0000044,NRRBR0000044,NORMAL,NORMAL,0,0,52,52,52,mm,Kg.,Round Bar EN31 32 MM,Round Bar EN31 32 MM,,PART,,I,B0008197,B0008197,,41827,1
UOM_MISMATCH,16596,NSRLR0000089,Roller 18 x 40 TL,NRRBR0000044,NRRBR0000044,NORMAL,NORMAL,0,0,46,46,46,mm,Kg.,Round Bar EN31 32 MM,Round Bar EN31 32 MM,,PART,,I,B0008215,B0008215,,15602,1
UOM_MISMATCH,17451,NSRLR0000097,Roller 22 x 55,NRRBR0000044,NRRBR0000044,NORMAL,NORMAL,0,0,61,61,61,mm,Kg.,Round Bar EN31 32 MM,Round Bar EN31 32 MM,,PART,,I,B0008587,B0008587,,41828,1
NORMAL_ALTERNATE_FLAG_MISMATCH,9154,NSRLR0000101,Roller 18 x 67TL,NRRBR0000051,NRRBR0000051,NORMAL,ALTERNATE,0,1,73,73,73,mm,mm,Round Bar EN31 25 MM,Round Bar EN31 25 MM,,PART,,I,B0008683,B0008683,71 mm,3226,1
UOM_MISMATCH,35211,NSRLR0000117,Roller 25 x 70 TL,NRRBR0000044,NRRBR0000044 / NRRBR0000303,NORMAL,NORMAL,0,0,75/76,75,75,mm,Kg.,Round Bar EN31 32 MM / Round Bar EN31 36 MM,Round Bar EN31 32 MM,,PART,,I,B0009366,,,15814,1
NORMAL_ALTERNATE_FLAG_MISMATCH,19434,NSRLR0000117,Roller 25 x 70 TL,NRRBR0000303,NRRBR0000303,NORMAL,ALTERNATE,0,1,76,76,76,mm,mm,Round Bar EN31 36 MM,Round Bar EN31 36 MM,,PART,,I,B0009366,B0009366,74 mm,13490,1
UOM_MISMATCH,26457,NSRLR0000138,Roller 25 x 48 TL,NRRBR0000044,NRRBR0000044,NORMAL,NORMAL,0,0,54/53,53,53,mm,Kg.,Round Bar EN31 32 MM,Round Bar EN31 32 MM,,PART,,I,B0012294,B0012294,,15798,1
NORMAL_ALTERNATE_FLAG_MISMATCH,31990,NSRLR0000168,Roller -  36 x 86 TL,NRRBR0000302,NRRBR0000302,NORMAL,ALTERNATE,0,1,92,92,92,mm,mm,Round Bar EN31 40 MM,Round Bar EN31 40 MM,,PART,,I,B0014327,B0014327,90 mm,41851,1
UOM_MISMATCH,34171,NSRLR0000178,Roller 25 x 52 TL,NRRBR0000044,NRRBR0000044,NORMAL,NORMAL,0,0,57,57,57,mm,Kg.,Round Bar EN31 32 MM,Round Bar EN31 32 MM,,PART,,I,B0015335,B0015335,,41856,1
QUANTITY_MISMATCH,17211,NSSTD0000025,Stud of NCFs 80 (KR 80) - 30 x 80 x 120,NRRBR0000196,NRRBR0000196,NORMAL,NORMAL,0,0,125/107,107,125,mm,mm,Round Bar 20mncr5 70 MM,Round Bar 20mncr5 70 MM,,PART,CUTTING SIZE - 123mm,I,B0008440,B0008440,123 mm,220,1
UOM_MISMATCH,27063,NSSTD0000038,Brake Stud of NHFC-H 9000 - d x 800 x 380,NRRBR0000102,NRRBR0000102,NORMAL,NORMAL,0,0,1,1,1,mm,Kg.,RoundBar EN9 65 MM,RoundBar EN9 65 MM,RoundBar EN9 65 MM,PART,CUTTING SIZE - 23 MM,I,B0013021,B0013021,,42130,1
UOM_MISMATCH,18345,NSTBT0000075,STUD BOLT MODEL:M72x6px590TL–SF,NRRBR0000124,NRRBR0000124,NORMAL,NORMAL,0,0,599,599,599,mm,Kg.,Round Bar EN19 85 MM,Round Bar EN19 85 MM,,PART,,I,B0008884,B0008884,,42134,1
UOM_MISMATCH,19730,NSTBT0000085,STUD BOLT MODEL : M80 X 6P X 330TL,NRRBR0000124,NRRBR0000124,NORMAL,NORMAL,0,0,338,338,338,mm,Kg.,Round Bar EN19 85 MM,Round Bar EN19 85 MM,,PART,,I,B0009394,B0009394,,42136,1
UOM_MISMATCH,24762,NSTBT0000090,STUD BOLT : M72 x 6p x 610 TL,NRRBR0000124,NRRBR0000124,NORMAL,NORMAL,0,0,619,619,619,mm,Kg.,Round Bar EN19 85 MM,Round Bar EN19 85 MM,,PART,,I,B0009507,B0009507,,30493,1
EXTRA_DB_RAW_MATERIAL_LINK,,NSTBT0000122,STUD BOLT of M64 x 4P x 500 TL,NRRBR0000138,,,NORMAL,,0,,,509,,mm,,Round Bar 4140 75 MM,,PART,CUTTING SIZE - 507mm,I,,,507 mm,30483,1
NORMAL_ALTERNATE_FLAG_MISMATCH,28039,NSTBT0000122,STUD BOLT of M64 x 4P x 500 TL,NRRBR0000234,NRRBR0000234,NORMAL,ALTERNATE,0,1,511,511,511,mm,mm,Round Bar EN19 75 MM,Round Bar EN19 75 MM,,PART,,I,B0011303,B0011303,509 mm,42146,1
UOM_MISMATCH,24816,NSTBT0000129,STUD BOLT : M72 x 4p x 370 TL,NRRBR0000124,NRRBR0000124,NORMAL,NORMAL,0,0,379,379,379,mm,Kg.,Round Bar EN19 85 MM,Round Bar EN19 85 MM,,PART,,I,B0011686,B0011686,,42149,1
UOM_MISMATCH,27273,NSTBT0000151,STUD BOLT :  M72 x 6p x 705 TL,NRRBR0000124,NRRBR0000124,NORMAL,NORMAL,0,0,715,715,715,mm,Kg.,Round Bar EN19 85 MM,Round Bar EN19 85 MM,,PART,,I,B0012593,B0012593,,42156,1
NORMAL_ALTERNATE_FLAG_MISMATCH,4890,NSTRW0000005,Thrust Washer of TNS M80 X 4P,NRRBR0000002,NRRBR0000002 / NRRBR0000228,ALTERNATE,NORMAL,1,0,17/16,17,17,mm,mm,Round Bar EN19 140 MM / Round Bar EN19 145 MM,Round Bar EN19 140 MM,,PART,CUTTING SIZE - 38mm,I,B0001439,,15 mm,42224,1
NORMAL_ALTERNATE_FLAG_MISMATCH,2293,NSTRW0000005,Thrust Washer of TNS M80 X 4P,NRRBR0000228,NRRBR0000228,NORMAL,ALTERNATE,0,1,16,16,16,mm,mm,Round Bar EN19 145 MM,Round Bar EN19 145 MM,,PART,,I,B0001439,B0001439,14 mm,30770,1
EXTRA_DB_RAW_MATERIAL_LINK,,NSTRW0000014,Thrust Washer of TNS M64,NRRBR0000009,,,NORMAL,,0,,,16,,mm,,Round Bar EN19 125 MM,,PART,,I,,,14 mm,30812,1
NORMAL_ALTERNATE_FLAG_MISMATCH,6230,NSTRW0000014,Thrust Washer of TNS M64,NRRBR0000173,NRRBR0000173,NORMAL,ALTERNATE,0,1,16,16,16,mm,mm,Round Bar EN19 120 MM,Round Bar EN19 120 MM,,PART,,I,B0002339,B0002339,14 mm,30885,1
NORMAL_ALTERNATE_FLAG_MISMATCH,4554,NSTRW0000016,Thrust Washer of TNS M42,NRRBR0000007,NRRBR0000007,NORMAL,ALTERNATE,0,1,13,13,13,mm,mm,Round Bar EN19 80 MM,Round Bar EN19 80 MM,,PART,,I,B0002762,B0002762,11 mm,30824,1
UOM_MISMATCH,6050,NSTRW0000016,Thrust Washer of TNS M42,NRRBR0000124,NRRBR0000124 / NRRBR0000007,NORMAL,NORMAL,0,0,13,,13,mm,Kg.,Round Bar EN19 85 MM / Round Bar EN19 80 MM,Round Bar EN19 85 MM,,PART,,I,B0002762,,,30879,1
NORMAL_ALTERNATE_FLAG_MISMATCH,6925,NSTRW0000032,Thrust Washer of TNS M48,NRRBR0000197,NRRBR0000197,NORMAL,ALTERNATE,0,1,15,15,15,mm,mm,Round Bar EN19 100 MM,Round Bar EN19 100 MM,,PART,,I,B0003866,B0003866,13 mm,30924,1
NORMAL_ALTERNATE_FLAG_MISMATCH,6793,NSTRW0000041,Thrust Washer of TNX M48,NRRBR0000005,NRRBR0000005,NORMAL,ALTERNATE,0,1,14,14,14,mm,mm,Round Bar EN19 90 MM,Round Bar EN19 90 MM,,PART,,I,B0004278,B0004278,12 mm,681,1
UOM_MISMATCH,1158,NSWSR0000006,Washer of NO.sp 35 - d x 110 x 36 x 40,NRRBR0000124,NRRBR0000124,NORMAL,NORMAL,0,0,7,7,7,mm,Kg.,Round Bar EN19 85 MM,Round Bar EN19 85 MM,,PART,,I,B0000644,B0000644,,32709,1
UOM_MISMATCH,9819,NSWSR0000022,Washer : 55.3 x 80 x 2.45,NRRBR0000124,NRRBR0000124,NORMAL,NORMAL,0,0,8,8,8,mm,Kg.,Round Bar EN19 85 MM,Round Bar EN19 85 MM,,PART,,I,B0000969,B0000969,,42391,1
RAW_MATERIAL_ITEM_MISSING,3737,NSWSR0000039,Washer : 35 x 55 x 3,NRRBR0000100,NRRBR0000100,NORMAL,NORMAL,0,0,10,10,10,mm,mm,Round Bar EN9 60 MM,,,,,I,B0002382,B0002382,8 mm,42401,1
RAW_MATERIAL_ITEM_MISSING,17164,NSWSR0000069,Washer For N206 - 32.766x62 - C,NRRBR0000100,NRRBR0000100,NORMAL,NORMAL,0,0,85,85,85,mm,mm,Round Bar EN9 60 MM,,,,,I,B0004439,B0004439,83 mm,46,1
RAW_MATERIAL_ITEM_MISSING,9803,NSWSR0000077,WASHER NHBS C1 C3 55 - 55 X 100,NRRBR0000100,NRRBR0000100,NORMAL,NORMAL,0,0,88,88,88,mm,mm,Round Bar EN9 60 MM,,,,,I,B0005276,B0005276,86 mm,31713,1
RAW_MATERIAL_ITEM_MISSING,11282,NSWSR0000096,Washer of NCFe72 - 24 - C,NRRBR0000100,NRRBR0000100,NORMAL,NORMAL,0,0,72/73,72,72,mm,mm,Round Bar EN9 60 MM,,,,,I,B0006012,B0006012,70 mm,202,1
UOM_MISMATCH,18552,NSWSR0000174,Pin Bush Washer : 19.5 x 36 x 3.5,NRRBR0000112,NRRBR0000112,NORMAL,NORMAL,0,0,66,66,66,mm,Kg.,Round Bar EN9 45 MM,Round Bar EN9 45 MM,,PART,CUTTING SIZE - 55mm,I,B0008994,B0008994,,42435,1
RAW_MATERIAL_ITEM_MISSING,18533,NSWSR0000175,Washer of NCFe 72.sp1 - C,NRRBR0000100,NRRBR0000100,NORMAL,NORMAL,0,0,70,70,70,mm,mm,Round Bar EN9 60 MM,,,,,I,B0008978,B0008978,68 mm,238,1
UOM_MISMATCH,19821,NSWSR0000198,Bush Washer : 25.5 x 55 x 3.9,NRRBR0000102,NRRBR0000102,NORMAL,NORMAL,0,0,81,81,81,mm,Kg.,RoundBar EN9 65 MM,RoundBar EN9 65 MM,RoundBar EN9 65 MM,PART,CUTTING SIZE - 23 MM,I,B0009801,B0009801,,7984,1
UOM_MISMATCH,15208,NSWSR0000303,Washer NSB 05 - d x 49.2 x 35.7,NRRBR0000116,NRRBR0000116,NORMAL,NORMAL,0,0,90,90,90,mm,Kg.,Round Bar EN9 56 MM,Round Bar EN9 56 MM,,PART,CUTTING SIZE - 55mm,I,B0010529,B0010529,,42467,1
UOM_MISMATCH,15209,NSWSR0000304,Big Washer NSB 05 - d x 49.2 x 35.7,NRRBR0000116,NRRBR0000116,NORMAL,NORMAL,0,0,90,90,90,mm,Kg.,Round Bar EN9 56 MM,Round Bar EN9 56 MM,,PART,CUTTING SIZE - 55mm,I,B0010530,B0010530,,42468,1
UOM_MISMATCH,22348,NSWSR0000305,Washer of NDS 35 - d x 72 x 17,NRRBR0000102,NRRBR0000102,NORMAL,NORMAL,0,0,90,90,90,mm,Kg.,RoundBar EN9 65 MM,RoundBar EN9 65 MM,RoundBar EN9 65 MM,PART,CUTTING SIZE - 23 MM,I,B0011245,B0011245,,42488,1
UOM_MISMATCH,20925,NSWSR0000342,Washer of NCs 25.2K - d x 52 x 15,NRRBR0000116,NRRBR0000116,NORMAL,NORMAL,0,0,63,63,63,mm,Kg.,Round Bar EN9 56 MM,Round Bar EN9 56 MM,,PART,CUTTING SIZE - 55mm,I,B0011151,B0011151,,8544,1
UOM_MISMATCH,23798,NSWSR0000343,Washer of NDF 35.sp1 - 34.92 x 68 x 18,NRRBR0000102,NRRBR0000102,NORMAL,NORMAL,0,0,90,90,90,mm,Kg.,RoundBar EN9 65 MM,RoundBar EN9 65 MM,RoundBar EN9 65 MM,PART,CUTTING SIZE - 23 MM,I,B0011145,B0011145,,42484,1
UOM_MISMATCH,24202,NSWSR0000353,End Washer of NVFB 42.s - d x 130 x 75,NRRBR0000102,NRRBR0000102,NORMAL,NORMAL,0,0,18,18,18,mm,Kg.,RoundBar EN9 65 MM,RoundBar EN9 65 MM,RoundBar EN9 65 MM,PART,CUTTING SIZE - 23 MM,I,B0011483,B0011483,,42496,1
NORMAL_ALTERNATE_FLAG_MISMATCH,24446,NSWSR0000358,Washer of NR 100 - d x 270 x 182,NRRBR0000121,NRRBR0000121,NORMAL,ALTERNATE,0,1,12,12,12,mm,mm,Round Bar EN9 180 MM,Round Bar EN9 180 MM,,PART,CUTTING SIZE - 22mm,I,B0014022,B0014022,10 mm,14053,1
UOM_MISMATCH,24885,NSWSR0000368,Washer of NFB 40.sp2 - d x 150 x 235,NRRBR0000112,NRRBR0000112,NORMAL,NORMAL,0,0,13,13,13,mm,Kg.,Round Bar EN9 45 MM,Round Bar EN9 45 MM,,PART,CUTTING SIZE - 55mm,I,B0011674,B0011674,,42502,1
UOM_MISMATCH,24939,NSWSR0000369,Washer of NFB 50.sp1 - d x 160 x 260,NRRBR0000116,NRRBR0000116,NORMAL,NORMAL,0,0,13,13,13,mm,Kg.,Round Bar EN9 56 MM,Round Bar EN9 56 MM,,PART,CUTTING SIZE - 55mm,I,B0011679,B0011679,,42503,1
UOM_MISMATCH,27070,NSWSR0000433,Brake Lock Washer of NHFC-H 9000 - d x 800 x 380,NRRBR0000102,NRRBR0000102,NORMAL,NORMAL,0,0,1,1,1,mm,Kg.,RoundBar EN9 65 MM,RoundBar EN9 65 MM,RoundBar EN9 65 MM,PART,CUTTING SIZE - 23 MM,I,B0013025,B0013025,,42540,1
RAW_MATERIAL_ITEM_MISSING,18532,NSWSR0000455,Step Washer of NCFe 72.sp1 - 20 x 72 x 93.5,NRRBR0000100,NRRBR0000100,NORMAL,NORMAL,0,0,16,16,16,mm,mm,Round Bar EN9 60 MM,,,,,I,B0013359,B0013359,14 mm,42552,1
NORMAL_ALTERNATE_FLAG_MISMATCH,30958,NSWSR0000486,Washer of NR 150.sp2 C1C2 - d x 410 x 282,NRRBR0000109,NRRBR0000121 / NRRBR0000109,NORMAL,ALTERNATE,0,1,127/67,67,67,mm,mm,Round Bar EN9 180 MM / Round Bar EN9 125 MM,Round Bar EN9 125 MM,,PART,,I,B0014025,B0014025,65 mm,42577,1
NORMAL_ALTERNATE_FLAG_MISMATCH,30958,NSWSR0000486,Washer of NR 150.sp2 C1C2 - d x 410 x 282,NRRBR0000121,NRRBR0000121 / NRRBR0000109,ALTERNATE,NORMAL,1,0,127/67,127,127,mm,mm,Round Bar EN9 180 MM / Round Bar EN9 125 MM,Round Bar EN9 180 MM,,PART,CUTTING SIZE - 22mm,I,B0014025,,125 mm,13651,1
UOM_MISMATCH,31068,NSWSR0000487,Supporting Washer of NTLS 310.sp1 - d x 310 x 150,NRRBR0000112,NRRBR0000112,NORMAL,NORMAL,0,0,68,68,68,mm,Kg.,Round Bar EN9 45 MM,Round Bar EN9 45 MM,,PART,CUTTING SIZE - 55mm,I,B0014058,B0014058,,42578,1
UOM_MISMATCH,35010,NSWSR0000560,Washer of NLD 15 - d x 42 x 18,NRRBR0000112,NRRBR0000112,NORMAL,NORMAL,0,0,89,89,89,mm,Kg.,Round Bar EN9 45 MM,Round Bar EN9 45 MM,,PART,CUTTING SIZE - 55mm,I,B0015657,B0015657,,42614,1
UOM_MISMATCH,26612,NTLBA0000068,Taper Lock Bush of NTB 1008 - 22 x 35 x 22.3,NRRBR0000116,NRRBR0000116,NORMAL,NORMAL,0,0,32,32,32,mm,Kg.,Round Bar EN9 56 MM,Round Bar EN9 56 MM,,PART,CUTTING SIZE - 55mm,I,B0012375,B0012375,,42181,1
UOM_MISMATCH,26615,NTPFB0000035,Timing Pulley HTD 8M - 22TH x 8M x 21 x 2F,NRRBR0000102,NRRBR0000102,NORMAL,NORMAL,0,0,117,117,117,mm,Kg.,RoundBar EN9 65 MM,RoundBar EN9 65 MM,RoundBar EN9 65 MM,PART,CUTTING SIZE - 23 MM,I,B0012376,B0012376,,42381,1
